district,Population,Division,Year,All_Earthquakes,M3_plus,M4_plus,M5_plus,M6_plus,M7_plus,M8_plus,M9_plus,Latitude,Longitude,Tectonic_Zone,Approx_Distance_to_Plate_km,Nearest_Plate,Last_Major_Earthquake_Year,Last_Major_Earthquake_Magnitude,Notable_Fault_or_Structure,Seismic_Hazard_Level,Tectonic_Division
Barguna,2220609,Barisal,1996,2,0,0,0,0,0,0,0,22.15,90.13,Foredeep Basin,210.0,Indian–Burma Plate Boundary,1950.0,5.5,Foredeep Basin,Low,Barishal
Barguna,546558,Barisal,1996,2,0,0,0,0,0,0,0,22.15,90.13,Foredeep Basin,210.0,Indian–Burma Plate Boundary,1950.0,5.5,Foredeep Basin,Low,Barishal
Barishal,1038209,Barisal,1996,1,0,0,0,0,0,0,0,22.7,90.37,Foredeep Basin,180.0,Indian–Burma Plate Boundary,1950.0,5.5,Foredeep Basin,Low,Barishal
Barishal,485458,Barisal,1996,1,1,0,0,0,0,0,0,22.7,90.37,Foredeep Basin,180.0,Indian–Burma Plate Boundary,1950.0,5.5,Foredeep Basin,Low,Barishal
Bhola,1645785,Barisal,1996,3,0,0,0,0,0,0,0,22.69,90.65,Foredeep Basin,190.0,Indian–Burma Plate Boundary,1950.0,5.5,Foredeep Basin,Low,Barishal
Bhola,293679,Barisal,1996,6,4,2,1,1,0,0,0,22.69,90.65,Foredeep Basin,190.0,Indian–Burma Plate Boundary,1950.0,5.5,Foredeep Basin,Low,Barishal
Patuakhali,1282488,Barisal,1996,2,2,0,0,0,0,0,0,22.35,90.3,Foredeep Basin,200.0,Indian–Burma Plate Boundary,1950.0,5.5,Foredeep Basin,Low,Barishal
Patuakhali,362300,Barisal,1996,3,1,1,1,1,0,0,0,22.35,90.3,Foredeep Basin,200.0,Indian–Burma Plate Boundary,1950.0,5.5,Foredeep Basin,Low,Barishal
Pirojpur,1276364,Barisal,1996,0,0,0,0,0,0,0,0,22.58,89.98,Foredeep Basin,180.0,Indian–Burma Plate Boundary,1950.0,5.5,Foredeep Basin,Low,Barishal
Pirojpur,764523,Barisal,1996,2,2,2,0,0,0,0,0,22.58,89.98,Foredeep Basin,180.0,Indian–Burma Plate Boundary,1950.0,5.5,Foredeep Basin,Low,Barishal
Bandarban,2051051,Chittagong,1996,2,1,1,0,0,0,0,0,22.194,92.218,Indo‑Burma Fold Belt,25.0,Indian–Burma Plate Boundary,1762.0,8.0,Chittagong Hill Tracts Fold Belt,High,Chittagong
Bandarban,5658912,Chittagong,1996,6,4,1,1,1,0,0,0,22.194,92.218,Indo‑Burma Fold Belt,25.0,Indian–Burma Plate Boundary,1762.0,8.0,Chittagong Hill Tracts Fold Belt,High,Chittagong
Brahmanbaria,1452997,Chittagong,1996,3,1,1,1,0,0,0,0,23.96,91.11,Tripura Fold Belt,85.0,Indian–Burma Plate Boundary,1897.0,7.5,Tripura Thrust Zone,Medium,Chittagong
Brahmanbaria,2538654,Chittagong,1996,6,3,3,2,0,0,0,0,23.96,91.11,Tripura Fold Belt,85.0,Indian–Burma Plate Boundary,1897.0,7.5,Tripura Thrust Zone,Medium,Chittagong
Chandpur,976786,Chittagong,1996,6,6,1,1,0,0,0,0,23.23,90.65,Foredeep Basin,150.0,Indian–Burma Plate Boundary,1897.0,6.5,Surma Basin,Low,Chittagong
Chandpur,3008777,Chittagong,1996,6,4,3,0,0,0,0,0,23.23,90.65,Foredeep Basin,150.0,Indian–Burma Plate Boundary,1897.0,6.5,Surma Basin,Low,Chittagong
Chittagong,2369456,Chittagong,1996,7,6,4,0,0,0,0,0,22.3419,91.8155,Indo‑Burma Subduction Zone,25.0,Indian–Burma Plate Boundary,1762.0,8.5,Arakan–Burma Subduction,High,Chittagong
Chittagong,2742793,Chittagong,1996,5,5,1,1,0,0,0,0,22.3419,91.8155,Indo‑Burma Subduction Zone,25.0,Indian–Burma Plate Boundary,1762.0,8.5,Arakan–Burma Subduction,High,Chittagong
Comilla,1183145,Chittagong,1996,10,7,2,2,0,0,0,0,23.45,91.1999,Tripura Fold Belt,80.0,Indian–Burma Plate Boundary,1897.0,7.5,Tripura Thrust Zone,Medium,Chittagong
Comilla,5693680,Chittagong,1996,6,3,2,2,0,0,0,0,23.45,91.1999,Tripura Fold Belt,80.0,Indian–Burma Plate Boundary,1897.0,7.5,Tripura Thrust Zone,Medium,Chittagong
Cox's Bazar,2067963,Chittagong,1996,3,0,0,0,0,0,0,0,21.4272,92.0058,Indo‑Burma Subduction Zone,15.0,Indian–Burma Plate Boundary,1762.0,8.5,Arakan Subduction,High,Chittagong
Cox's Bazar,4162784,Chittagong,1996,7,6,2,2,0,0,0,0,21.4272,92.0058,Indo‑Burma Subduction Zone,15.0,Indian–Burma Plate Boundary,1762.0,8.5,Arakan Subduction,High,Chittagong
Feni,496161,Chittagong,1996,5,1,1,1,1,0,0,0,23.02,91.4,Tripura Fold Belt,90.0,Indian–Burma Plate Boundary,1897.0,7.5,Tripura Thrust Zone,Medium,Chittagong
Feni,3046764,Chittagong,1996,7,5,0,0,0,0,0,0,23.02,91.4,Tripura Fold Belt,90.0,Indian–Burma Plate Boundary,1897.0,7.5,Tripura Thrust Zone,Medium,Chittagong
Lakshmipur,2685455,Chittagong,1996,5,3,0,0,0,0,0,0,22.95,90.83,Tripura Fold Belt,100.0,Indian–Burma Plate Boundary,1897.0,7.5,Tripura Thrust Zone,Medium,Chittagong
Lakshmipur,2344649,Chittagong,1996,8,3,2,2,1,0,0,0,22.95,90.83,Tripura Fold Belt,100.0,Indian–Burma Plate Boundary,1897.0,7.5,Tripura Thrust Zone,Medium,Chittagong
Noakhali,1373632,Chittagong,1996,4,0,0,0,0,0,0,0,22.82,91.1,Tripura Fold Belt,90.0,Indian–Burma Plate Boundary,1897.0,7.5,Tripura Thrust Zone,Medium,Chittagong
Noakhali,3833665,Chittagong,1996,12,8,2,2,2,0,0,0,22.82,91.1,Tripura Fold Belt,90.0,Indian–Burma Plate Boundary,1897.0,7.5,Tripura Thrust Zone,Medium,Chittagong
Rangamati,2036006,Chittagong,1996,1,0,0,0,0,0,0,0,22.65,92.17,Indo‑Burma Fold Belt,50.0,Indian–Burma Plate Boundary,1762.0,7.0,Tripura Fold Belt,High,Chittagong
Rangamati,4396138,Chittagong,1996,4,3,3,1,0,0,0,0,22.65,92.17,Indo‑Burma Fold Belt,50.0,Indian–Burma Plate Boundary,1762.0,7.0,Tripura Fold Belt,High,Chittagong
Dhaka,2165997,Dhaka,1996,2,1,1,0,0,0,0,0,23.8103,90.4125,Madhupur Fault Zone,100.0,Indian–Burma Plate Boundary,1885.0,7.2,Madhupur Fault,Medium,Dhaka
Dhaka,10505875,Dhaka,1996,8,6,1,1,1,0,0,0,23.8103,90.4125,Madhupur Fault Zone,100.0,Indian–Burma Plate Boundary,1885.0,7.2,Madhupur Fault,Medium,Dhaka
Faridpur,666505,Dhaka,1996,2,2,1,0,0,0,0,0,23.607,89.8429,Foredeep Basin,160.0,Indian–Burma Plate Boundary,1885.0,6.0,Foredeep Basin,Low,Dhaka
Faridpur,5350944,Dhaka,1996,3,0,0,0,0,0,0,0,23.607,89.8429,Foredeep Basin,160.0,Indian–Burma Plate Boundary,1885.0,6.0,Foredeep Basin,Low,Dhaka
Gazipur,1018385,Dhaka,1996,4,2,0,0,0,0,0,0,24.0,90.4167,Madhupur Fault Zone,95.0,Indian–Burma Plate Boundary,1885.0,7.2,Madhupur Fault,Medium,Dhaka
Gazipur,9665050,Dhaka,1996,3,0,0,0,0,0,0,0,24.0,90.4167,Madhupur Fault Zone,95.0,Indian–Burma Plate Boundary,1885.0,7.2,Madhupur Fault,Medium,Dhaka
Gopalganj,1875522,Dhaka,1996,4,2,1,0,0,0,0,0,23.02,89.83,Foredeep Basin,170.0,Indian–Burma Plate Boundary,1885.0,6.0,Foredeep Basin,Low,Dhaka
Gopalganj,10018920,Dhaka,1996,2,2,2,0,0,0,0,0,23.02,89.83,Foredeep Basin,170.0,Indian–Burma Plate Boundary,1885.0,6.0,Foredeep Basin,Low,Dhaka
Kishoreganj,1468014,Dhaka,1996,3,2,1,0,0,0,0,0,24.44,90.77,Madhupur Fault Zone,100.0,Indian–Burma Plate Boundary,1885.0,7.2,Madhupur Fault,Medium,Dhaka
Madaripur,1075459,Dhaka,1996,5,4,3,2,0,0,0,0,23.17,90.19,Foredeep Basin,150.0,Indian–Burma Plate Boundary,1885.0,6.0,Foredeep Basin,Low,Dhaka
Madaripur,6634515,Dhaka,1996,3,2,1,1,0,0,0,0,23.17,90.19,Foredeep Basin,150.0,Indian–Burma Plate Boundary,1885.0,6.0,Foredeep Basin,Low,Dhaka
Manikganj,1820082,Dhaka,1996,2,1,0,0,0,0,0,0,23.86,90.0,Madhupur Fault Zone,90.0,Indian–Burma Plate Boundary,1885.0,7.2,Madhupur Fault,Medium,Dhaka
Manikganj,7229316,Dhaka,1996,3,1,1,0,0,0,0,0,23.86,90.0,Madhupur Fault Zone,90.0,Indian–Burma Plate Boundary,1885.0,7.2,Madhupur Fault,Medium,Dhaka
Munshiganj,2060117,Dhaka,1996,0,0,0,0,0,0,0,0,23.54,90.53,Foredeep Basin,130.0,Indian–Burma Plate Boundary,1885.0,6.0,Foredeep Basin,Low,Dhaka
Munshiganj,9112704,Dhaka,1996,5,3,1,1,0,0,0,0,23.54,90.53,Foredeep Basin,130.0,Indian–Burma Plate Boundary,1885.0,6.0,Foredeep Basin,Low,Dhaka
Narayanganj,1709068,Dhaka,1996,2,1,1,0,0,0,0,0,23.6226,90.501,Madhupur Fault Zone,110.0,Indian–Burma Plate Boundary,1885.0,7.2,Madhupur Fault,Medium,Dhaka
Narayanganj,7972124,Dhaka,1996,6,5,2,1,1,0,0,0,23.6226,90.501,Madhupur Fault Zone,110.0,Indian–Burma Plate Boundary,1885.0,7.2,Madhupur Fault,Medium,Dhaka
Narsingdi,1166291,Dhaka,1996,2,2,0,0,0,0,0,0,23.9207,90.7188,Madhupur Fault Zone,110.0,Indian–Burma Plate Boundary,1885.0,7.2,Madhupur Fault,Medium,Dhaka
Narsingdi,6423717,Dhaka,1996,3,0,0,0,0,0,0,0,23.9207,90.7188,Madhupur Fault Zone,110.0,Indian–Burma Plate Boundary,1885.0,7.2,Madhupur Fault,Medium,Dhaka
Rajbari,593528,Dhaka,1996,1,1,1,0,0,0,0,0,23.72,89.65,Foredeep Basin,180.0,Indian–Burma Plate Boundary,1885.0,6.0,Foredeep Basin,Low,Dhaka
Rajbari,11890416,Dhaka,1996,5,1,1,1,0,0,0,0,23.72,89.65,Foredeep Basin,180.0,Indian–Burma Plate Boundary,1885.0,6.0,Foredeep Basin,Low,Dhaka
Shariatpur,1976651,Dhaka,1996,5,4,1,0,0,0,0,0,23.22,90.35,Foredeep Basin,150.0,Indian–Burma Plate Boundary,1885.0,6.0,Foredeep Basin,Low,Dhaka
Shariatpur,6449651,Dhaka,1996,1,1,0,0,0,0,0,0,23.22,90.35,Foredeep Basin,150.0,Indian–Burma Plate Boundary,1885.0,6.0,Foredeep Basin,Low,Dhaka
Tangail,1251144,Dhaka,1996,5,4,1,1,1,0,0,0,24.25,89.9167,Madhupur Fault Zone,90.0,Indian–Burma Plate Boundary,1885.0,7.2,Madhupur Fault,Medium,Dhaka
Tangail,6392306,Dhaka,1996,3,2,1,0,0,0,0,0,24.25,89.9167,Madhupur Fault Zone,90.0,Indian–Burma Plate Boundary,1885.0,7.2,Madhupur Fault,Medium,Dhaka
Bagerhat,1400711,Khulna,1996,1,0,0,0,0,0,0,0,22.65,89.7667,Stable Platform Zone,230.0,Indian–Burma Plate Boundary,1950.0,6.0,Bogra Fault,Low,Khulna
Bagerhat,633718,Khulna,1996,3,1,1,0,0,0,0,0,22.65,89.7667,Stable Platform Zone,230.0,Indian–Burma Plate Boundary,1950.0,6.0,Bogra Fault,Low,Khulna
Chuadanga,2967833,Khulna,1996,2,2,0,0,0,0,0,0,23.63,88.83,Stable Platform Zone,180.0,Indian–Burma Plate Boundary,1950.0,6.0,Stable Platform,Low,Khulna
Chuadanga,1215836,Khulna,1996,3,1,1,0,0,0,0,0,23.63,88.83,Stable Platform Zone,180.0,Indian–Burma Plate Boundary,1950.0,6.0,Stable Platform,Low,Khulna
Jessore,914381,Khulna,1996,4,2,1,1,0,0,0,0,23.1707,89.2124,Stable Platform Zone,210.0,Indian–Burma Plate Boundary,1950.0,6.0,Stable Platform,Low,Khulna
Jessore,931688,Khulna,1996,2,1,1,0,0,0,0,0,23.1707,89.2124,Stable Platform Zone,210.0,Indian–Burma Plate Boundary,1950.0,6.0,Stable Platform,Low,Khulna
Jhenaidah,2839356,Khulna,1996,3,0,0,0,0,0,0,0,23.55,89.15,Stable Platform Zone,200.0,Indian–Burma Plate Boundary,1950.0,6.0,Stable Platform,Low,Khulna
Jhenaidah,827591,Khulna,1996,3,1,1,0,0,0,0,0,23.55,89.15,Stable Platform Zone,200.0,Indian–Burma Plate Boundary,1950.0,6.0,Stable Platform,Low,Khulna
Khulna,2450414,Khulna,1996,1,1,0,0,0,0,0,0,22.8167,89.55,Stable Platform Zone,220.0,Indian–Burma Plate Boundary,1950.0,6.0,Bogra Fault,Low,Khulna
Khulna,925630,Khulna,1996,5,2,2,0,0,0,0,0,22.8167,89.55,Stable Platform Zone,220.0,Indian–Burma Plate Boundary,1950.0,6.0,Bogra Fault,Low,Khulna
Kushtia,2906988,Khulna,1996,1,1,0,0,0,0,0,0,23.9,89.12,Stable Platform Zone,170.0,Indian–Burma Plate Boundary,1950.0,6.0,Stable Platform,Low,Khulna
Kushtia,1184676,Khulna,1996,1,1,0,0,0,0,0,0,23.9,89.12,Stable Platform Zone,170.0,Indian–Burma Plate Boundary,1950.0,6.0,Stable Platform,Low,Khulna
Magura,1196632,Khulna,1996,2,1,1,0,0,0,0,0,23.49,89.42,Stable Platform Zone,200.0,Indian–Burma Plate Boundary,1950.0,6.0,Stable Platform,Low,Khulna
Magura,1539553,Khulna,1996,3,2,0,0,0,0,0,0,23.49,89.42,Stable Platform Zone,200.0,Indian–Burma Plate Boundary,1950.0,6.0,Stable Platform,Low,Khulna
Meherpur,2333437,Khulna,1996,3,1,1,0,0,0,0,0,23.77,88.63,Stable Platform Zone,200.0,Indian–Burma Plate Boundary,1950.0,6.0,Stable Platform,Low,Khulna
Meherpur,638280,Khulna,1996,4,3,1,0,0,0,0,0,23.77,88.63,Stable Platform Zone,200.0,Indian–Burma Plate Boundary,1950.0,6.0,Stable Platform,Low,Khulna
Narail,1597742,Khulna,1996,2,1,1,1,0,0,0,0,23.18,89.5,Stable Platform Zone,190.0,Indian–Burma Plate Boundary,1950.0,6.0,Stable Platform,Low,Khulna
Narail,1190979,Khulna,1996,4,3,2,0,0,0,0,0,23.18,89.5,Stable Platform Zone,190.0,Indian–Burma Plate Boundary,1950.0,6.0,Stable Platform,Low,Khulna
Satkhira,470318,Khulna,1996,2,1,0,0,0,0,0,0,22.7234,89.0751,Stable Platform Zone,250.0,Indian–Burma Plate Boundary,1950.0,6.0,Stable Platform,Low,Khulna
Satkhira,786342,Khulna,1996,5,2,0,0,0,0,0,0,22.7234,89.0751,Stable Platform Zone,250.0,Indian–Burma Plate Boundary,1950.0,6.0,Stable Platform,Low,Khulna
Jamalpur,2826109,Mymensingh,1996,2,2,1,0,0,0,0,0,24.923,89.9501,Madhupur Fault Zone,100.0,Indian–Burma Plate Boundary,1897.0,7.5,Madhupur Fault,Medium,Mymensingh
Mymensingh,2813191,Mymensingh,1996,0,0,0,0,0,0,0,0,24.7434,90.3984,Madhupur Fault Zone,80.0,Indian–Burma Plate Boundary,1897.0,7.5,Madhupur Fault,Medium,Mymensingh
Mymensingh,379405,Mymensingh,1996,2,2,1,0,0,0,0,0,24.7434,90.3984,Madhupur Fault Zone,80.0,Indian–Burma Plate Boundary,1897.0,7.5,Madhupur Fault,Medium,Mymensingh
Sherpur,1349625,Mymensingh,1996,3,2,1,0,0,0,0,0,25.0188,90.0175,Madhupur Fault Zone,95.0,Indian–Burma Plate Boundary,1897.0,7.5,Madhupur Fault,Medium,Mymensingh
Bogra,1344412,Rajshahi,1996,4,4,1,0,0,0,0,0,24.849,89.3677,Stable Platform Zone,140.0,Indian–Burma Plate Boundary,1950.0,6.0,Bogra Fault,Low,Rajshahi
Bogra,465636,Rajshahi,1996,4,2,1,0,0,0,0,0,24.849,89.3677,Stable Platform Zone,140.0,Indian–Burma Plate Boundary,1950.0,6.0,Bogra Fault,Low,Rajshahi
Joypurhat,1096843,Rajshahi,1996,2,2,1,1,0,0,0,0,25.1,89.02,Stable Platform Zone,160.0,Indian–Burma Plate Boundary,1950.0,6.0,Stable Platform,Low,Rajshahi
Joypurhat,500697,Rajshahi,1996,2,2,1,1,0,0,0,0,25.1,89.02,Stable Platform Zone,160.0,Indian–Burma Plate Boundary,1950.0,6.0,Stable Platform,Low,Rajshahi
Naogaon,2209815,Rajshahi,1996,0,0,0,0,0,0,0,0,24.81,88.94,Stable Platform Zone,190.0,Indian–Burma Plate Boundary,1950.0,6.0,Bogra Fault,Low,Rajshahi
Naogaon,897576,Rajshahi,1996,2,2,1,1,0,0,0,0,24.81,88.94,Stable Platform Zone,190.0,Indian–Burma Plate Boundary,1950.0,6.0,Bogra Fault,Low,Rajshahi
Natore,1227517,Rajshahi,1996,2,1,0,0,0,0,0,0,24.42,89.0,Stable Platform Zone,190.0,Indian–Burma Plate Boundary,1950.0,6.0,Bogra Fault,Low,Rajshahi
Natore,919090,Rajshahi,1996,2,0,0,0,0,0,0,0,24.42,89.0,Stable Platform Zone,190.0,Indian–Burma Plate Boundary,1950.0,6.0,Bogra Fault,Low,Rajshahi
Pabna,1749766,Rajshahi,1996,1,1,0,0,0,0,0,0,24.0064,89.2493,Stable Platform Zone,160.0,Indian–Burma Plate Boundary,1950.0,6.0,Stable Platform,Low,Rajshahi
Pabna,713516,Rajshahi,1996,2,2,0,0,0,0,0,0,24.0064,89.2493,Stable Platform Zone,160.0,Indian–Burma Plate Boundary,1950.0,6.0,Stable Platform,Low,Rajshahi
Rajshahi,506443,Rajshahi,1996,4,3,0,0,0,0,0,0,24.3745,88.6042,Stable Platform Zone,200.0,Indian–Burma Plate Boundary,1950.0,6.0,Bogra Fault,Low,Rajshahi
Rajshahi,1079982,Rajshahi,1996,3,1,0,0,0,0,0,0,24.3745,88.6042,Stable Platform Zone,200.0,Indian–Burma Plate Boundary,1950.0,6.0,Bogra Fault,Low,Rajshahi
Sirajganj,2601161,Rajshahi,1996,1,1,0,0,0,0,0,0,24.45,89.71,Stable Platform Zone,150.0,Indian–Burma Plate Boundary,1950.0,6.0,Stable Platform,Low,Rajshahi
Sirajganj,447245,Rajshahi,1996,4,1,1,0,0,0,0,0,24.45,89.71,Stable Platform Zone,150.0,Indian–Burma Plate Boundary,1950.0,6.0,Stable Platform,Low,Rajshahi
Dinajpur,1504891,Rangpur,1996,8,4,3,0,0,0,0,0,25.625,88.65,Stable Platform Zone,120.0,Indian–Burma Plate Boundary,1950.0,6.5,Himalayan Frontal Zone,Medium,Rangpur
Dinajpur,246767,Rangpur,1996,2,1,1,0,0,0,0,0,25.625,88.65,Stable Platform Zone,120.0,Indian–Burma Plate Boundary,1950.0,6.5,Himalayan Frontal Zone,Medium,Rangpur
Gaibandha,627096,Rangpur,1996,5,4,4,2,0,0,0,0,25.33,89.55,Stable Platform Zone,130.0,Indian–Eurasian Plate Boundary,1950.0,6.5,Bogra Fault,Medium,Rangpur
Gaibandha,948747,Rangpur,1996,3,1,1,1,1,0,0,0,25.33,89.55,Stable Platform Zone,130.0,Indian–Eurasian Plate Boundary,1950.0,6.5,Bogra Fault,Medium,Rangpur
Kurigram,1013514,Rangpur,1996,1,1,0,0,0,0,0,0,25.81,89.65,Himalayan Frontal Zone,110.0,Indian–Eurasian Plate Boundary,1950.0,8.6,Assam Fault Belt,High,Rangpur
Kurigram,991615,Rangpur,1996,6,3,0,0,0,0,0,0,25.81,89.65,Himalayan Frontal Zone,110.0,Indian–Eurasian Plate Boundary,1950.0,8.6,Assam Fault Belt,High,Rangpur
Lalmonirhat,859514,Rangpur,1996,2,1,1,1,0,0,0,0,25.92,89.45,Himalayan Frontal Zone,100.0,Indian–Eurasian Plate Boundary,1950.0,8.6,Assam Fault Belt,High,Rangpur
Lalmonirhat,762312,Rangpur,1996,5,0,0,0,0,0,0,0,25.92,89.45,Himalayan Frontal Zone,100.0,Indian–Eurasian Plate Boundary,1950.0,8.6,Assam Fault Belt,High,Rangpur
Nilphamari,1189257,Rangpur,1996,1,0,0,0,0,0,0,0,25.95,88.85,Himalayan Frontal Zone,110.0,Indian–Eurasian Plate Boundary,1950.0,8.6,Assam Fault Belt,High,Rangpur
Nilphamari,867959,Rangpur,1996,2,1,1,0,0,0,0,0,25.95,88.85,Himalayan Frontal Zone,110.0,Indian–Eurasian Plate Boundary,1950.0,8.6,Assam Fault Belt,High,Rangpur
Panchagarh,1830134,Rangpur,1996,2,1,0,0,0,0,0,0,26.33,88.56,Himalayan Frontal Zone,90.0,Indian–Eurasian Plate Boundary,1950.0,8.6,Assam Fault Belt,High,Rangpur
Panchagarh,352635,Rangpur,1996,3,1,0,0,0,0,0,0,26.33,88.56,Himalayan Frontal Zone,90.0,Indian–Eurasian Plate Boundary,1950.0,8.6,Assam Fault Belt,High,Rangpur
Rangpur,1738272,Rangpur,1996,1,1,1,0,0,0,0,0,25.7449,89.2756,Stable Platform Zone,130.0,Indian–Burma Plate Boundary,1950.0,6.5,Himalayan Frontal Zone,Medium,Rangpur
Rangpur,572977,Rangpur,1996,2,0,0,0,0,0,0,0,25.7449,89.2756,Stable Platform Zone,130.0,Indian–Burma Plate Boundary,1950.0,6.5,Himalayan Frontal Zone,Medium,Rangpur
Thakurgaon,2118689,Rangpur,1996,3,2,1,0,0,0,0,0,26.02,88.46,Himalayan Frontal Zone,100.0,Indian–Eurasian Plate Boundary,1950.0,8.6,Assam Fault Belt,High,Rangpur
Thakurgaon,204757,Rangpur,1996,2,1,0,0,0,0,0,0,26.02,88.46,Himalayan Frontal Zone,100.0,Indian–Eurasian Plate Boundary,1950.0,8.6,Assam Fault Belt,High,Rangpur
Habiganj,2797124,Sylhet,1996,6,3,2,1,1,0,0,0,24.38,91.42,Tripura Fold Belt,80.0,Indian–Burma Plate Boundary,1918.0,7.0,Tripura Thrust Zone,Medium,Sylhet
Habiganj,677735,Sylhet,1996,12,5,5,0,0,0,0,0,24.38,91.42,Tripura Fold Belt,80.0,Indian–Burma Plate Boundary,1918.0,7.0,Tripura Thrust Zone,Medium,Sylhet
Moulvibazar,1322726,Sylhet,1996,4,2,2,0,0,0,0,0,24.48,91.77,Dauki Fault Zone,35.0,Indian–Burma Plate Boundary,1918.0,7.5,Dauki Fault,High,Sylhet
Moulvibazar,559903,Sylhet,1996,7,2,2,2,0,0,0,0,24.48,91.77,Dauki Fault Zone,35.0,Indian–Burma Plate Boundary,1918.0,7.5,Dauki Fault,High,Sylhet
Sunamganj,2351204,Sylhet,1996,10,5,4,0,0,0,0,0,25.07,91.4,Dauki Fault Zone,45.0,Indian–Burma Plate Boundary,1918.0,7.5,Dauki Fault,High,Sylhet
Sunamganj,744844,Sylhet,1996,7,4,2,1,0,0,0,0,25.07,91.4,Dauki Fault Zone,45.0,Indian–Burma Plate Boundary,1918.0,7.5,Dauki Fault,High,Sylhet
Sylhet,1769856,Sylhet,1996,6,2,0,0,0,0,0,0,24.899,91.872,Dauki Fault Zone,30.0,Indian–Burma Plate Boundary,1918.0,7.5,Dauki Fault,High,Sylhet
Sylhet,251250,Sylhet,1996,10,5,3,0,0,0,0,0,24.899,91.872,Dauki Fault Zone,30.0,Indian–Burma Plate Boundary,1918.0,7.5,Dauki Fault,High,Sylhet
Barguna,1455664,Barisal,1997,0,0,0,0,0,0,0,0,22.15,90.13,Foredeep Basin,210.0,Indian–Burma Plate Boundary,1950.0,5.5,Foredeep Basin,Low,Barishal
Barguna,456037,Barisal,1997,4,2,0,0,0,0,0,0,22.15,90.13,Foredeep Basin,210.0,Indian–Burma Plate Boundary,1950.0,5.5,Foredeep Basin,Low,Barishal
Barishal,1389123,Barisal,1997,2,1,1,0,0,0,0,0,22.7,90.37,Foredeep Basin,180.0,Indian–Burma Plate Boundary,1950.0,5.5,Foredeep Basin,Low,Barishal
Barishal,927843,Barisal,1997,0,0,0,0,0,0,0,0,22.7,90.37,Foredeep Basin,180.0,Indian–Burma Plate Boundary,1950.0,5.5,Foredeep Basin,Low,Barishal
Bhola,494404,Barisal,1997,2,1,1,0,0,0,0,0,22.69,90.65,Foredeep Basin,190.0,Indian–Burma Plate Boundary,1950.0,5.5,Foredeep Basin,Low,Barishal
Bhola,859277,Barisal,1997,0,0,0,0,0,0,0,0,22.69,90.65,Foredeep Basin,190.0,Indian–Burma Plate Boundary,1950.0,5.5,Foredeep Basin,Low,Barishal
Patuakhali,1819081,Barisal,1997,2,2,1,1,0,0,0,0,22.35,90.3,Foredeep Basin,200.0,Indian–Burma Plate Boundary,1950.0,5.5,Foredeep Basin,Low,Barishal
Patuakhali,976343,Barisal,1997,0,0,0,0,0,0,0,0,22.35,90.3,Foredeep Basin,200.0,Indian–Burma Plate Boundary,1950.0,5.5,Foredeep Basin,Low,Barishal
Pirojpur,2841342,Barisal,1997,3,2,2,1,0,0,0,0,22.58,89.98,Foredeep Basin,180.0,Indian–Burma Plate Boundary,1950.0,5.5,Foredeep Basin,Low,Barishal
Pirojpur,111585,Barisal,1997,3,3,0,0,0,0,0,0,22.58,89.98,Foredeep Basin,180.0,Indian–Burma Plate Boundary,1950.0,5.5,Foredeep Basin,Low,Barishal
Bandarban,2060549,Chittagong,1997,4,4,2,1,0,0,0,0,22.194,92.218,Indo‑Burma Fold Belt,25.0,Indian–Burma Plate Boundary,1762.0,8.0,Chittagong Hill Tracts Fold Belt,High,Chittagong
Bandarban,3923465,Chittagong,1997,2,1,0,0,0,0,0,0,22.194,92.218,Indo‑Burma Fold Belt,25.0,Indian–Burma Plate Boundary,1762.0,8.0,Chittagong Hill Tracts Fold Belt,High,Chittagong
Brahmanbaria,2952326,Chittagong,1997,4,1,1,0,0,0,0,0,23.96,91.11,Tripura Fold Belt,85.0,Indian–Burma Plate Boundary,1897.0,7.5,Tripura Thrust Zone,Medium,Chittagong
Brahmanbaria,2836298,Chittagong,1997,7,4,1,0,0,0,0,0,23.96,91.11,Tripura Fold Belt,85.0,Indian–Burma Plate Boundary,1897.0,7.5,Tripura Thrust Zone,Medium,Chittagong
Chandpur,544613,Chittagong,1997,9,6,4,2,0,0,0,0,23.23,90.65,Foredeep Basin,150.0,Indian–Burma Plate Boundary,1897.0,6.5,Surma Basin,Low,Chittagong
Chandpur,2225140,Chittagong,1997,3,1,0,0,0,0,0,0,23.23,90.65,Foredeep Basin,150.0,Indian–Burma Plate Boundary,1897.0,6.5,Surma Basin,Low,Chittagong
Chittagong,1513435,Chittagong,1997,6,3,2,2,0,0,0,0,22.3419,91.8155,Indo‑Burma Subduction Zone,25.0,Indian–Burma Plate Boundary,1762.0,8.5,Arakan–Burma Subduction,High,Chittagong
Chittagong,5611788,Chittagong,1997,4,3,0,0,0,0,0,0,22.3419,91.8155,Indo‑Burma Subduction Zone,25.0,Indian–Burma Plate Boundary,1762.0,8.5,Arakan–Burma Subduction,High,Chittagong
Comilla,2757521,Chittagong,1997,3,2,0,0,0,0,0,0,23.45,91.1999,Tripura Fold Belt,80.0,Indian–Burma Plate Boundary,1897.0,7.5,Tripura Thrust Zone,Medium,Chittagong
Comilla,3545930,Chittagong,1997,8,5,3,3,0,0,0,0,23.45,91.1999,Tripura Fold Belt,80.0,Indian–Burma Plate Boundary,1897.0,7.5,Tripura Thrust Zone,Medium,Chittagong
Cox's Bazar,751101,Chittagong,1997,5,4,0,0,0,0,0,0,21.4272,92.0058,Indo‑Burma Subduction Zone,15.0,Indian–Burma Plate Boundary,1762.0,8.5,Arakan Subduction,High,Chittagong
Cox's Bazar,5630399,Chittagong,1997,7,6,2,1,0,0,0,0,21.4272,92.0058,Indo‑Burma Subduction Zone,15.0,Indian–Burma Plate Boundary,1762.0,8.5,Arakan Subduction,High,Chittagong
Feni,2433723,Chittagong,1997,8,6,4,2,1,0,0,0,23.02,91.4,Tripura Fold Belt,90.0,Indian–Burma Plate Boundary,1897.0,7.5,Tripura Thrust Zone,Medium,Chittagong
Feni,5795896,Chittagong,1997,10,8,2,1,0,0,0,0,23.02,91.4,Tripura Fold Belt,90.0,Indian–Burma Plate Boundary,1897.0,7.5,Tripura Thrust Zone,Medium,Chittagong
Lakshmipur,2040919,Chittagong,1997,7,5,2,1,0,0,0,0,22.95,90.83,Tripura Fold Belt,100.0,Indian–Burma Plate Boundary,1897.0,7.5,Tripura Thrust Zone,Medium,Chittagong
Lakshmipur,2022967,Chittagong,1997,9,7,1,0,0,0,0,0,22.95,90.83,Tripura Fold Belt,100.0,Indian–Burma Plate Boundary,1897.0,7.5,Tripura Thrust Zone,Medium,Chittagong
Noakhali,1403703,Chittagong,1997,7,4,2,0,0,0,0,0,22.82,91.1,Tripura Fold Belt,90.0,Indian–Burma Plate Boundary,1897.0,7.5,Tripura Thrust Zone,Medium,Chittagong
Noakhali,4698695,Chittagong,1997,6,3,3,0,0,0,0,0,22.82,91.1,Tripura Fold Belt,90.0,Indian–Burma Plate Boundary,1897.0,7.5,Tripura Thrust Zone,Medium,Chittagong
Rangamati,1341829,Chittagong,1997,3,1,1,1,0,0,0,0,22.65,92.17,Indo‑Burma Fold Belt,50.0,Indian–Burma Plate Boundary,1762.0,7.0,Tripura Fold Belt,High,Chittagong
Rangamati,5676807,Chittagong,1997,4,3,2,1,0,0,0,0,22.65,92.17,Indo‑Burma Fold Belt,50.0,Indian–Burma Plate Boundary,1762.0,7.0,Tripura Fold Belt,High,Chittagong
Dhaka,2870336,Dhaka,1997,2,2,2,0,0,0,0,0,23.8103,90.4125,Madhupur Fault Zone,100.0,Indian–Burma Plate Boundary,1885.0,7.2,Madhupur Fault,Medium,Dhaka
Dhaka,8722462,Dhaka,1997,2,1,1,1,0,0,0,0,23.8103,90.4125,Madhupur Fault Zone,100.0,Indian–Burma Plate Boundary,1885.0,7.2,Madhupur Fault,Medium,Dhaka
Faridpur,2817691,Dhaka,1997,4,3,1,1,1,0,0,0,23.607,89.8429,Foredeep Basin,160.0,Indian–Burma Plate Boundary,1885.0,6.0,Foredeep Basin,Low,Dhaka
Faridpur,5158568,Dhaka,1997,5,4,1,0,0,0,0,0,23.607,89.8429,Foredeep Basin,160.0,Indian–Burma Plate Boundary,1885.0,6.0,Foredeep Basin,Low,Dhaka
Gazipur,1438566,Dhaka,1997,3,1,1,1,0,0,0,0,24.0,90.4167,Madhupur Fault Zone,95.0,Indian–Burma Plate Boundary,1885.0,7.2,Madhupur Fault,Medium,Dhaka
Gazipur,8042185,Dhaka,1997,5,3,1,1,0,0,0,0,24.0,90.4167,Madhupur Fault Zone,95.0,Indian–Burma Plate Boundary,1885.0,7.2,Madhupur Fault,Medium,Dhaka
Gopalganj,2371766,Dhaka,1997,2,2,1,0,0,0,0,0,23.02,89.83,Foredeep Basin,170.0,Indian–Burma Plate Boundary,1885.0,6.0,Foredeep Basin,Low,Dhaka
Gopalganj,8276671,Dhaka,1997,1,1,0,0,0,0,0,0,23.02,89.83,Foredeep Basin,170.0,Indian–Burma Plate Boundary,1885.0,6.0,Foredeep Basin,Low,Dhaka
Kishoreganj,1247910,Dhaka,1997,4,2,1,1,0,0,0,0,24.44,90.77,Madhupur Fault Zone,100.0,Indian–Burma Plate Boundary,1885.0,7.2,Madhupur Fault,Medium,Dhaka
Madaripur,2960137,Dhaka,1997,3,1,0,0,0,0,0,0,23.17,90.19,Foredeep Basin,150.0,Indian–Burma Plate Boundary,1885.0,6.0,Foredeep Basin,Low,Dhaka
Madaripur,8456150,Dhaka,1997,1,1,0,0,0,0,0,0,23.17,90.19,Foredeep Basin,150.0,Indian–Burma Plate Boundary,1885.0,6.0,Foredeep Basin,Low,Dhaka
Manikganj,527205,Dhaka,1997,5,4,4,2,0,0,0,0,23.86,90.0,Madhupur Fault Zone,90.0,Indian–Burma Plate Boundary,1885.0,7.2,Madhupur Fault,Medium,Dhaka
Manikganj,10980524,Dhaka,1997,6,2,2,0,0,0,0,0,23.86,90.0,Madhupur Fault Zone,90.0,Indian–Burma Plate Boundary,1885.0,7.2,Madhupur Fault,Medium,Dhaka
Munshiganj,2144253,Dhaka,1997,4,2,0,0,0,0,0,0,23.54,90.53,Foredeep Basin,130.0,Indian–Burma Plate Boundary,1885.0,6.0,Foredeep Basin,Low,Dhaka
Munshiganj,7443700,Dhaka,1997,5,4,0,0,0,0,0,0,23.54,90.53,Foredeep Basin,130.0,Indian–Burma Plate Boundary,1885.0,6.0,Foredeep Basin,Low,Dhaka
Narayanganj,2867765,Dhaka,1997,3,2,2,0,0,0,0,0,23.6226,90.501,Madhupur Fault Zone,110.0,Indian–Burma Plate Boundary,1885.0,7.2,Madhupur Fault,Medium,Dhaka
Narayanganj,11095623,Dhaka,1997,5,3,3,1,0,0,0,0,23.6226,90.501,Madhupur Fault Zone,110.0,Indian–Burma Plate Boundary,1885.0,7.2,Madhupur Fault,Medium,Dhaka
Narsingdi,1881133,Dhaka,1997,3,3,1,0,0,0,0,0,23.9207,90.7188,Madhupur Fault Zone,110.0,Indian–Burma Plate Boundary,1885.0,7.2,Madhupur Fault,Medium,Dhaka
Narsingdi,10590778,Dhaka,1997,1,1,0,0,0,0,0,0,23.9207,90.7188,Madhupur Fault Zone,110.0,Indian–Burma Plate Boundary,1885.0,7.2,Madhupur Fault,Medium,Dhaka
Rajbari,1563529,Dhaka,1997,3,2,0,0,0,0,0,0,23.72,89.65,Foredeep Basin,180.0,Indian–Burma Plate Boundary,1885.0,6.0,Foredeep Basin,Low,Dhaka
Rajbari,9711845,Dhaka,1997,6,4,2,2,0,0,0,0,23.72,89.65,Foredeep Basin,180.0,Indian–Burma Plate Boundary,1885.0,6.0,Foredeep Basin,Low,Dhaka
Shariatpur,503661,Dhaka,1997,0,0,0,0,0,0,0,0,23.22,90.35,Foredeep Basin,150.0,Indian–Burma Plate Boundary,1885.0,6.0,Foredeep Basin,Low,Dhaka
Shariatpur,9241739,Dhaka,1997,6,2,2,1,0,0,0,0,23.22,90.35,Foredeep Basin,150.0,Indian–Burma Plate Boundary,1885.0,6.0,Foredeep Basin,Low,Dhaka
Tangail,2698465,Dhaka,1997,2,2,1,0,0,0,0,0,24.25,89.9167,Madhupur Fault Zone,90.0,Indian–Burma Plate Boundary,1885.0,7.2,Madhupur Fault,Medium,Dhaka
Tangail,10081522,Dhaka,1997,4,2,1,0,0,0,0,0,24.25,89.9167,Madhupur Fault Zone,90.0,Indian–Burma Plate Boundary,1885.0,7.2,Madhupur Fault,Medium,Dhaka
Bagerhat,635437,Khulna,1997,4,4,0,0,0,0,0,0,22.65,89.7667,Stable Platform Zone,230.0,Indian–Burma Plate Boundary,1950.0,6.0,Bogra Fault,Low,Khulna
Bagerhat,937574,Khulna,1997,5,1,1,1,0,0,0,0,22.65,89.7667,Stable Platform Zone,230.0,Indian–Burma Plate Boundary,1950.0,6.0,Bogra Fault,Low,Khulna
Chuadanga,1651664,Khulna,1997,4,4,0,0,0,0,0,0,23.63,88.83,Stable Platform Zone,180.0,Indian–Burma Plate Boundary,1950.0,6.0,Stable Platform,Low,Khulna
Chuadanga,1367235,Khulna,1997,5,3,1,0,0,0,0,0,23.63,88.83,Stable Platform Zone,180.0,Indian–Burma Plate Boundary,1950.0,6.0,Stable Platform,Low,Khulna
Jessore,1709648,Khulna,1997,0,0,0,0,0,0,0,0,23.1707,89.2124,Stable Platform Zone,210.0,Indian–Burma Plate Boundary,1950.0,6.0,Stable Platform,Low,Khulna
Jessore,684388,Khulna,1997,3,2,0,0,0,0,0,0,23.1707,89.2124,Stable Platform Zone,210.0,Indian–Burma Plate Boundary,1950.0,6.0,Stable Platform,Low,Khulna
Jhenaidah,1901891,Khulna,1997,5,1,1,1,0,0,0,0,23.55,89.15,Stable Platform Zone,200.0,Indian–Burma Plate Boundary,1950.0,6.0,Stable Platform,Low,Khulna
Jhenaidah,692018,Khulna,1997,1,1,0,0,0,0,0,0,23.55,89.15,Stable Platform Zone,200.0,Indian–Burma Plate Boundary,1950.0,6.0,Stable Platform,Low,Khulna
Khulna,2649220,Khulna,1997,5,3,1,1,0,0,0,0,22.8167,89.55,Stable Platform Zone,220.0,Indian–Burma Plate Boundary,1950.0,6.0,Bogra Fault,Low,Khulna
Khulna,1254720,Khulna,1997,3,1,1,1,0,0,0,0,22.8167,89.55,Stable Platform Zone,220.0,Indian–Burma Plate Boundary,1950.0,6.0,Bogra Fault,Low,Khulna
Kushtia,1086868,Khulna,1997,1,0,0,0,0,0,0,0,23.9,89.12,Stable Platform Zone,170.0,Indian–Burma Plate Boundary,1950.0,6.0,Stable Platform,Low,Khulna
Kushtia,682864,Khulna,1997,1,0,0,0,0,0,0,0,23.9,89.12,Stable Platform Zone,170.0,Indian–Burma Plate Boundary,1950.0,6.0,Stable Platform,Low,Khulna
Magura,2442914,Khulna,1997,1,0,0,0,0,0,0,0,23.49,89.42,Stable Platform Zone,200.0,Indian–Burma Plate Boundary,1950.0,6.0,Stable Platform,Low,Khulna
Magura,1758001,Khulna,1997,4,4,3,0,0,0,0,0,23.49,89.42,Stable Platform Zone,200.0,Indian–Burma Plate Boundary,1950.0,6.0,Stable Platform,Low,Khulna
Meherpur,680475,Khulna,1997,1,0,0,0,0,0,0,0,23.77,88.63,Stable Platform Zone,200.0,Indian–Burma Plate Boundary,1950.0,6.0,Stable Platform,Low,Khulna
Meherpur,1508650,Khulna,1997,3,2,1,0,0,0,0,0,23.77,88.63,Stable Platform Zone,200.0,Indian–Burma Plate Boundary,1950.0,6.0,Stable Platform,Low,Khulna
Narail,1259494,Khulna,1997,0,0,0,0,0,0,0,0,23.18,89.5,Stable Platform Zone,190.0,Indian–Burma Plate Boundary,1950.0,6.0,Stable Platform,Low,Khulna
Narail,1073567,Khulna,1997,2,2,0,0,0,0,0,0,23.18,89.5,Stable Platform Zone,190.0,Indian–Burma Plate Boundary,1950.0,6.0,Stable Platform,Low,Khulna
Satkhira,1925481,Khulna,1997,1,1,0,0,0,0,0,0,22.7234,89.0751,Stable Platform Zone,250.0,Indian–Burma Plate Boundary,1950.0,6.0,Stable Platform,Low,Khulna
Satkhira,1755038,Khulna,1997,3,2,0,0,0,0,0,0,22.7234,89.0751,Stable Platform Zone,250.0,Indian–Burma Plate Boundary,1950.0,6.0,Stable Platform,Low,Khulna
Jamalpur,2448174,Mymensingh,1997,2,2,0,0,0,0,0,0,24.923,89.9501,Madhupur Fault Zone,100.0,Indian–Burma Plate Boundary,1897.0,7.5,Madhupur Fault,Medium,Mymensingh
Mymensingh,792684,Mymensingh,1997,4,2,1,0,0,0,0,0,24.7434,90.3984,Madhupur Fault Zone,80.0,Indian–Burma Plate Boundary,1897.0,7.5,Madhupur Fault,Medium,Mymensingh
Mymensingh,267443,Mymensingh,1997,5,2,1,0,0,0,0,0,24.7434,90.3984,Madhupur Fault Zone,80.0,Indian–Burma Plate Boundary,1897.0,7.5,Madhupur Fault,Medium,Mymensingh
Sherpur,893350,Mymensingh,1997,3,2,2,0,0,0,0,0,25.0188,90.0175,Madhupur Fault Zone,95.0,Indian–Burma Plate Boundary,1897.0,7.5,Madhupur Fault,Medium,Mymensingh
Bogra,1788808,Rajshahi,1997,2,2,1,0,0,0,0,0,24.849,89.3677,Stable Platform Zone,140.0,Indian–Burma Plate Boundary,1950.0,6.0,Bogra Fault,Low,Rajshahi
Bogra,695880,Rajshahi,1997,3,1,1,0,0,0,0,0,24.849,89.3677,Stable Platform Zone,140.0,Indian–Burma Plate Boundary,1950.0,6.0,Bogra Fault,Low,Rajshahi
Joypurhat,1448819,Rajshahi,1997,2,1,1,0,0,0,0,0,25.1,89.02,Stable Platform Zone,160.0,Indian–Burma Plate Boundary,1950.0,6.0,Stable Platform,Low,Rajshahi
Joypurhat,488353,Rajshahi,1997,4,2,2,1,0,0,0,0,25.1,89.02,Stable Platform Zone,160.0,Indian–Burma Plate Boundary,1950.0,6.0,Stable Platform,Low,Rajshahi
Naogaon,566914,Rajshahi,1997,1,1,1,0,0,0,0,0,24.81,88.94,Stable Platform Zone,190.0,Indian–Burma Plate Boundary,1950.0,6.0,Bogra Fault,Low,Rajshahi
Naogaon,1096370,Rajshahi,1997,6,2,2,0,0,0,0,0,24.81,88.94,Stable Platform Zone,190.0,Indian–Burma Plate Boundary,1950.0,6.0,Bogra Fault,Low,Rajshahi
Natore,2499616,Rajshahi,1997,0,0,0,0,0,0,0,0,24.42,89.0,Stable Platform Zone,190.0,Indian–Burma Plate Boundary,1950.0,6.0,Bogra Fault,Low,Rajshahi
Natore,563577,Rajshahi,1997,2,1,0,0,0,0,0,0,24.42,89.0,Stable Platform Zone,190.0,Indian–Burma Plate Boundary,1950.0,6.0,Bogra Fault,Low,Rajshahi
Pabna,2209689,Rajshahi,1997,7,6,3,3,0,0,0,0,24.0064,89.2493,Stable Platform Zone,160.0,Indian–Burma Plate Boundary,1950.0,6.0,Stable Platform,Low,Rajshahi
Pabna,768223,Rajshahi,1997,3,2,1,0,0,0,0,0,24.0064,89.2493,Stable Platform Zone,160.0,Indian–Burma Plate Boundary,1950.0,6.0,Stable Platform,Low,Rajshahi
Rajshahi,2507444,Rajshahi,1997,1,1,1,0,0,0,0,0,24.3745,88.6042,Stable Platform Zone,200.0,Indian–Burma Plate Boundary,1950.0,6.0,Bogra Fault,Low,Rajshahi
Rajshahi,537820,Rajshahi,1997,4,1,1,1,0,0,0,0,24.3745,88.6042,Stable Platform Zone,200.0,Indian–Burma Plate Boundary,1950.0,6.0,Bogra Fault,Low,Rajshahi
Sirajganj,2394605,Rajshahi,1997,2,1,0,0,0,0,0,0,24.45,89.71,Stable Platform Zone,150.0,Indian–Burma Plate Boundary,1950.0,6.0,Stable Platform,Low,Rajshahi
Sirajganj,827169,Rajshahi,1997,5,2,1,1,0,0,0,0,24.45,89.71,Stable Platform Zone,150.0,Indian–Burma Plate Boundary,1950.0,6.0,Stable Platform,Low,Rajshahi
Dinajpur,2422312,Rangpur,1997,5,2,2,1,0,0,0,0,25.625,88.65,Stable Platform Zone,120.0,Indian–Burma Plate Boundary,1950.0,6.5,Himalayan Frontal Zone,Medium,Rangpur
Dinajpur,844427,Rangpur,1997,6,2,2,0,0,0,0,0,25.625,88.65,Stable Platform Zone,120.0,Indian–Burma Plate Boundary,1950.0,6.5,Himalayan Frontal Zone,Medium,Rangpur
Gaibandha,709031,Rangpur,1997,1,1,1,0,0,0,0,0,25.33,89.55,Stable Platform Zone,130.0,Indian–Eurasian Plate Boundary,1950.0,6.5,Bogra Fault,Medium,Rangpur
Gaibandha,635348,Rangpur,1997,6,5,2,0,0,0,0,0,25.33,89.55,Stable Platform Zone,130.0,Indian–Eurasian Plate Boundary,1950.0,6.5,Bogra Fault,Medium,Rangpur
Kurigram,657560,Rangpur,1997,3,1,1,1,0,0,0,0,25.81,89.65,Himalayan Frontal Zone,110.0,Indian–Eurasian Plate Boundary,1950.0,8.6,Assam Fault Belt,High,Rangpur
Kurigram,869451,Rangpur,1997,4,2,2,1,0,0,0,0,25.81,89.65,Himalayan Frontal Zone,110.0,Indian–Eurasian Plate Boundary,1950.0,8.6,Assam Fault Belt,High,Rangpur
Lalmonirhat,1804210,Rangpur,1997,7,5,4,0,0,0,0,0,25.92,89.45,Himalayan Frontal Zone,100.0,Indian–Eurasian Plate Boundary,1950.0,8.6,Assam Fault Belt,High,Rangpur
Lalmonirhat,478224,Rangpur,1997,4,2,2,2,0,0,0,0,25.92,89.45,Himalayan Frontal Zone,100.0,Indian–Eurasian Plate Boundary,1950.0,8.6,Assam Fault Belt,High,Rangpur
Nilphamari,962985,Rangpur,1997,1,0,0,0,0,0,0,0,25.95,88.85,Himalayan Frontal Zone,110.0,Indian–Eurasian Plate Boundary,1950.0,8.6,Assam Fault Belt,High,Rangpur
Nilphamari,887423,Rangpur,1997,4,3,1,0,0,0,0,0,25.95,88.85,Himalayan Frontal Zone,110.0,Indian–Eurasian Plate Boundary,1950.0,8.6,Assam Fault Belt,High,Rangpur
Panchagarh,2585049,Rangpur,1997,3,1,1,0,0,0,0,0,26.33,88.56,Himalayan Frontal Zone,90.0,Indian–Eurasian Plate Boundary,1950.0,8.6,Assam Fault Belt,High,Rangpur
Panchagarh,269516,Rangpur,1997,3,1,1,0,0,0,0,0,26.33,88.56,Himalayan Frontal Zone,90.0,Indian–Eurasian Plate Boundary,1950.0,8.6,Assam Fault Belt,High,Rangpur
Rangpur,1354613,Rangpur,1997,4,2,2,0,0,0,0,0,25.7449,89.2756,Stable Platform Zone,130.0,Indian–Burma Plate Boundary,1950.0,6.5,Himalayan Frontal Zone,Medium,Rangpur
Rangpur,782377,Rangpur,1997,5,2,1,1,0,0,0,0,25.7449,89.2756,Stable Platform Zone,130.0,Indian–Burma Plate Boundary,1950.0,6.5,Himalayan Frontal Zone,Medium,Rangpur
Thakurgaon,1391439,Rangpur,1997,6,5,2,1,0,0,0,0,26.02,88.46,Himalayan Frontal Zone,100.0,Indian–Eurasian Plate Boundary,1950.0,8.6,Assam Fault Belt,High,Rangpur
Thakurgaon,437021,Rangpur,1997,6,5,1,1,0,0,0,0,26.02,88.46,Himalayan Frontal Zone,100.0,Indian–Eurasian Plate Boundary,1950.0,8.6,Assam Fault Belt,High,Rangpur
Habiganj,1273508,Sylhet,1997,8,4,3,0,0,0,0,0,24.38,91.42,Tripura Fold Belt,80.0,Indian–Burma Plate Boundary,1918.0,7.0,Tripura Thrust Zone,Medium,Sylhet
Habiganj,647926,Sylhet,1997,11,8,2,1,1,0,0,0,24.38,91.42,Tripura Fold Belt,80.0,Indian–Burma Plate Boundary,1918.0,7.0,Tripura Thrust Zone,Medium,Sylhet
Moulvibazar,1447171,Sylhet,1997,7,3,3,0,0,0,0,0,24.48,91.77,Dauki Fault Zone,35.0,Indian–Burma Plate Boundary,1918.0,7.5,Dauki Fault,High,Sylhet
Moulvibazar,535925,Sylhet,1997,3,2,1,1,0,0,0,0,24.48,91.77,Dauki Fault Zone,35.0,Indian–Burma Plate Boundary,1918.0,7.5,Dauki Fault,High,Sylhet
Sunamganj,1093357,Sylhet,1997,8,5,3,1,1,0,0,0,25.07,91.4,Dauki Fault Zone,45.0,Indian–Burma Plate Boundary,1918.0,7.5,Dauki Fault,High,Sylhet
Sunamganj,379298,Sylhet,1997,9,5,4,2,1,0,0,0,25.07,91.4,Dauki Fault Zone,45.0,Indian–Burma Plate Boundary,1918.0,7.5,Dauki Fault,High,Sylhet
Sylhet,931987,Sylhet,1997,6,3,1,1,1,0,0,0,24.899,91.872,Dauki Fault Zone,30.0,Indian–Burma Plate Boundary,1918.0,7.5,Dauki Fault,High,Sylhet
Sylhet,445307,Sylhet,1997,12,6,6,0,0,0,0,0,24.899,91.872,Dauki Fault Zone,30.0,Indian–Burma Plate Boundary,1918.0,7.5,Dauki Fault,High,Sylhet
Barguna,2162642,Barisal,1998,2,2,1,0,0,0,0,0,22.15,90.13,Foredeep Basin,210.0,Indian–Burma Plate Boundary,1950.0,5.5,Foredeep Basin,Low,Barishal
Barguna,777054,Barisal,1998,1,1,1,0,0,0,0,0,22.15,90.13,Foredeep Basin,210.0,Indian–Burma Plate Boundary,1950.0,5.5,Foredeep Basin,Low,Barishal
Barishal,1313854,Barisal,1998,1,1,1,1,0,0,0,0,22.7,90.37,Foredeep Basin,180.0,Indian–Burma Plate Boundary,1950.0,5.5,Foredeep Basin,Low,Barishal
Barishal,145113,Barisal,1998,1,1,1,0,0,0,0,0,22.7,90.37,Foredeep Basin,180.0,Indian–Burma Plate Boundary,1950.0,5.5,Foredeep Basin,Low,Barishal
Bhola,1672162,Barisal,1998,0,0,0,0,0,0,0,0,22.69,90.65,Foredeep Basin,190.0,Indian–Burma Plate Boundary,1950.0,5.5,Foredeep Basin,Low,Barishal
Bhola,183235,Barisal,1998,1,1,0,0,0,0,0,0,22.69,90.65,Foredeep Basin,190.0,Indian–Burma Plate Boundary,1950.0,5.5,Foredeep Basin,Low,Barishal
Patuakhali,1739587,Barisal,1998,3,3,2,1,0,0,0,0,22.35,90.3,Foredeep Basin,200.0,Indian–Burma Plate Boundary,1950.0,5.5,Foredeep Basin,Low,Barishal
Patuakhali,350591,Barisal,1998,2,1,0,0,0,0,0,0,22.35,90.3,Foredeep Basin,200.0,Indian–Burma Plate Boundary,1950.0,5.5,Foredeep Basin,Low,Barishal
Pirojpur,2717733,Barisal,1998,1,0,0,0,0,0,0,0,22.58,89.98,Foredeep Basin,180.0,Indian–Burma Plate Boundary,1950.0,5.5,Foredeep Basin,Low,Barishal
Pirojpur,869359,Barisal,1998,3,3,1,0,0,0,0,0,22.58,89.98,Foredeep Basin,180.0,Indian–Burma Plate Boundary,1950.0,5.5,Foredeep Basin,Low,Barishal
Bandarban,1932538,Chittagong,1998,6,2,2,0,0,0,0,0,22.194,92.218,Indo‑Burma Fold Belt,25.0,Indian–Burma Plate Boundary,1762.0,8.0,Chittagong Hill Tracts Fold Belt,High,Chittagong
Bandarban,4825414,Chittagong,1998,5,3,1,0,0,0,0,0,22.194,92.218,Indo‑Burma Fold Belt,25.0,Indian–Burma Plate Boundary,1762.0,8.0,Chittagong Hill Tracts Fold Belt,High,Chittagong
Brahmanbaria,2278334,Chittagong,1998,4,1,1,0,0,0,0,0,23.96,91.11,Tripura Fold Belt,85.0,Indian–Burma Plate Boundary,1897.0,7.5,Tripura Thrust Zone,Medium,Chittagong
Brahmanbaria,2070044,Chittagong,1998,6,4,1,0,0,0,0,0,23.96,91.11,Tripura Fold Belt,85.0,Indian–Burma Plate Boundary,1897.0,7.5,Tripura Thrust Zone,Medium,Chittagong
Chandpur,1794509,Chittagong,1998,1,0,0,0,0,0,0,0,23.23,90.65,Foredeep Basin,150.0,Indian–Burma Plate Boundary,1897.0,6.5,Surma Basin,Low,Chittagong
Chandpur,3778173,Chittagong,1998,6,3,1,1,0,0,0,0,23.23,90.65,Foredeep Basin,150.0,Indian–Burma Plate Boundary,1897.0,6.5,Surma Basin,Low,Chittagong
Chittagong,1358674,Chittagong,1998,7,4,1,1,0,0,0,0,22.3419,91.8155,Indo‑Burma Subduction Zone,25.0,Indian–Burma Plate Boundary,1762.0,8.5,Arakan–Burma Subduction,High,Chittagong
Chittagong,2585823,Chittagong,1998,6,5,2,0,0,0,0,0,22.3419,91.8155,Indo‑Burma Subduction Zone,25.0,Indian–Burma Plate Boundary,1762.0,8.5,Arakan–Burma Subduction,High,Chittagong
Comilla,1918588,Chittagong,1998,6,4,2,1,0,0,0,0,23.45,91.1999,Tripura Fold Belt,80.0,Indian–Burma Plate Boundary,1897.0,7.5,Tripura Thrust Zone,Medium,Chittagong
Comilla,4931036,Chittagong,1998,4,3,1,1,1,0,0,0,23.45,91.1999,Tripura Fold Belt,80.0,Indian–Burma Plate Boundary,1897.0,7.5,Tripura Thrust Zone,Medium,Chittagong
Cox's Bazar,2861910,Chittagong,1998,10,8,2,1,0,0,0,0,21.4272,92.0058,Indo‑Burma Subduction Zone,15.0,Indian–Burma Plate Boundary,1762.0,8.5,Arakan Subduction,High,Chittagong
Cox's Bazar,2745116,Chittagong,1998,7,5,1,1,1,0,0,0,21.4272,92.0058,Indo‑Burma Subduction Zone,15.0,Indian–Burma Plate Boundary,1762.0,8.5,Arakan Subduction,High,Chittagong
Feni,635197,Chittagong,1998,3,1,0,0,0,0,0,0,23.02,91.4,Tripura Fold Belt,90.0,Indian–Burma Plate Boundary,1897.0,7.5,Tripura Thrust Zone,Medium,Chittagong
Feni,2983611,Chittagong,1998,6,5,2,1,0,0,0,0,23.02,91.4,Tripura Fold Belt,90.0,Indian–Burma Plate Boundary,1897.0,7.5,Tripura Thrust Zone,Medium,Chittagong
Lakshmipur,1180022,Chittagong,1998,6,5,1,0,0,0,0,0,22.95,90.83,Tripura Fold Belt,100.0,Indian–Burma Plate Boundary,1897.0,7.5,Tripura Thrust Zone,Medium,Chittagong
Lakshmipur,3612592,Chittagong,1998,15,5,5,1,1,0,0,0,22.95,90.83,Tripura Fold Belt,100.0,Indian–Burma Plate Boundary,1897.0,7.5,Tripura Thrust Zone,Medium,Chittagong
Noakhali,1644736,Chittagong,1998,4,2,2,1,0,0,0,0,22.82,91.1,Tripura Fold Belt,90.0,Indian–Burma Plate Boundary,1897.0,7.5,Tripura Thrust Zone,Medium,Chittagong
Noakhali,2922073,Chittagong,1998,4,2,2,1,0,0,0,0,22.82,91.1,Tripura Fold Belt,90.0,Indian–Burma Plate Boundary,1897.0,7.5,Tripura Thrust Zone,Medium,Chittagong
Rangamati,2620299,Chittagong,1998,4,3,1,0,0,0,0,0,22.65,92.17,Indo‑Burma Fold Belt,50.0,Indian–Burma Plate Boundary,1762.0,7.0,Tripura Fold Belt,High,Chittagong
Rangamati,5245042,Chittagong,1998,7,5,4,0,0,0,0,0,22.65,92.17,Indo‑Burma Fold Belt,50.0,Indian–Burma Plate Boundary,1762.0,7.0,Tripura Fold Belt,High,Chittagong
Dhaka,1641243,Dhaka,1998,3,2,1,1,0,0,0,0,23.8103,90.4125,Madhupur Fault Zone,100.0,Indian–Burma Plate Boundary,1885.0,7.2,Madhupur Fault,Medium,Dhaka
Dhaka,10960632,Dhaka,1998,0,0,0,0,0,0,0,0,23.8103,90.4125,Madhupur Fault Zone,100.0,Indian–Burma Plate Boundary,1885.0,7.2,Madhupur Fault,Medium,Dhaka
Faridpur,760688,Dhaka,1998,3,3,0,0,0,0,0,0,23.607,89.8429,Foredeep Basin,160.0,Indian–Burma Plate Boundary,1885.0,6.0,Foredeep Basin,Low,Dhaka
Faridpur,11675552,Dhaka,1998,3,2,1,0,0,0,0,0,23.607,89.8429,Foredeep Basin,160.0,Indian–Burma Plate Boundary,1885.0,6.0,Foredeep Basin,Low,Dhaka
Gazipur,2075478,Dhaka,1998,2,2,1,0,0,0,0,0,24.0,90.4167,Madhupur Fault Zone,95.0,Indian–Burma Plate Boundary,1885.0,7.2,Madhupur Fault,Medium,Dhaka
Gazipur,10974786,Dhaka,1998,3,2,0,0,0,0,0,0,24.0,90.4167,Madhupur Fault Zone,95.0,Indian–Burma Plate Boundary,1885.0,7.2,Madhupur Fault,Medium,Dhaka
Gopalganj,2316956,Dhaka,1998,4,1,1,0,0,0,0,0,23.02,89.83,Foredeep Basin,170.0,Indian–Burma Plate Boundary,1885.0,6.0,Foredeep Basin,Low,Dhaka
Gopalganj,10527418,Dhaka,1998,3,2,1,1,0,0,0,0,23.02,89.83,Foredeep Basin,170.0,Indian–Burma Plate Boundary,1885.0,6.0,Foredeep Basin,Low,Dhaka
Kishoreganj,2090506,Dhaka,1998,3,1,1,0,0,0,0,0,24.44,90.77,Madhupur Fault Zone,100.0,Indian–Burma Plate Boundary,1885.0,7.2,Madhupur Fault,Medium,Dhaka
Madaripur,691411,Dhaka,1998,3,3,1,0,0,0,0,0,23.17,90.19,Foredeep Basin,150.0,Indian–Burma Plate Boundary,1885.0,6.0,Foredeep Basin,Low,Dhaka
Madaripur,8333670,Dhaka,1998,5,5,1,0,0,0,0,0,23.17,90.19,Foredeep Basin,150.0,Indian–Burma Plate Boundary,1885.0,6.0,Foredeep Basin,Low,Dhaka
Manikganj,734717,Dhaka,1998,2,2,0,0,0,0,0,0,23.86,90.0,Madhupur Fault Zone,90.0,Indian–Burma Plate Boundary,1885.0,7.2,Madhupur Fault,Medium,Dhaka
Manikganj,5907234,Dhaka,1998,2,1,0,0,0,0,0,0,23.86,90.0,Madhupur Fault Zone,90.0,Indian–Burma Plate Boundary,1885.0,7.2,Madhupur Fault,Medium,Dhaka
Munshiganj,2068950,Dhaka,1998,4,4,3,0,0,0,0,0,23.54,90.53,Foredeep Basin,130.0,Indian–Burma Plate Boundary,1885.0,6.0,Foredeep Basin,Low,Dhaka
Munshiganj,7646065,Dhaka,1998,1,0,0,0,0,0,0,0,23.54,90.53,Foredeep Basin,130.0,Indian–Burma Plate Boundary,1885.0,6.0,Foredeep Basin,Low,Dhaka
Narayanganj,854127,Dhaka,1998,5,3,1,1,1,0,0,0,23.6226,90.501,Madhupur Fault Zone,110.0,Indian–Burma Plate Boundary,1885.0,7.2,Madhupur Fault,Medium,Dhaka
Narayanganj,11221221,Dhaka,1998,2,1,1,0,0,0,0,0,23.6226,90.501,Madhupur Fault Zone,110.0,Indian–Burma Plate Boundary,1885.0,7.2,Madhupur Fault,Medium,Dhaka
Narsingdi,686220,Dhaka,1998,4,3,1,0,0,0,0,0,23.9207,90.7188,Madhupur Fault Zone,110.0,Indian–Burma Plate Boundary,1885.0,7.2,Madhupur Fault,Medium,Dhaka
Narsingdi,8600737,Dhaka,1998,4,2,1,1,0,0,0,0,23.9207,90.7188,Madhupur Fault Zone,110.0,Indian–Burma Plate Boundary,1885.0,7.2,Madhupur Fault,Medium,Dhaka
Rajbari,2533773,Dhaka,1998,1,0,0,0,0,0,0,0,23.72,89.65,Foredeep Basin,180.0,Indian–Burma Plate Boundary,1885.0,6.0,Foredeep Basin,Low,Dhaka
Rajbari,9283384,Dhaka,1998,6,3,3,2,0,0,0,0,23.72,89.65,Foredeep Basin,180.0,Indian–Burma Plate Boundary,1885.0,6.0,Foredeep Basin,Low,Dhaka
Shariatpur,2222558,Dhaka,1998,2,1,0,0,0,0,0,0,23.22,90.35,Foredeep Basin,150.0,Indian–Burma Plate Boundary,1885.0,6.0,Foredeep Basin,Low,Dhaka
Shariatpur,11309482,Dhaka,1998,0,0,0,0,0,0,0,0,23.22,90.35,Foredeep Basin,150.0,Indian–Burma Plate Boundary,1885.0,6.0,Foredeep Basin,Low,Dhaka
Tangail,2735602,Dhaka,1998,3,2,1,0,0,0,0,0,24.25,89.9167,Madhupur Fault Zone,90.0,Indian–Burma Plate Boundary,1885.0,7.2,Madhupur Fault,Medium,Dhaka
Tangail,9366056,Dhaka,1998,6,5,3,0,0,0,0,0,24.25,89.9167,Madhupur Fault Zone,90.0,Indian–Burma Plate Boundary,1885.0,7.2,Madhupur Fault,Medium,Dhaka
Bagerhat,754718,Khulna,1998,3,2,2,1,1,0,0,0,22.65,89.7667,Stable Platform Zone,230.0,Indian–Burma Plate Boundary,1950.0,6.0,Bogra Fault,Low,Khulna
Bagerhat,922420,Khulna,1998,2,1,1,0,0,0,0,0,22.65,89.7667,Stable Platform Zone,230.0,Indian–Burma Plate Boundary,1950.0,6.0,Bogra Fault,Low,Khulna
Chuadanga,1314546,Khulna,1998,5,3,3,0,0,0,0,0,23.63,88.83,Stable Platform Zone,180.0,Indian–Burma Plate Boundary,1950.0,6.0,Stable Platform,Low,Khulna
Chuadanga,1192690,Khulna,1998,1,1,0,0,0,0,0,0,23.63,88.83,Stable Platform Zone,180.0,Indian–Burma Plate Boundary,1950.0,6.0,Stable Platform,Low,Khulna
Jessore,2723069,Khulna,1998,2,1,0,0,0,0,0,0,23.1707,89.2124,Stable Platform Zone,210.0,Indian–Burma Plate Boundary,1950.0,6.0,Stable Platform,Low,Khulna
Jessore,776083,Khulna,1998,3,3,2,0,0,0,0,0,23.1707,89.2124,Stable Platform Zone,210.0,Indian–Burma Plate Boundary,1950.0,6.0,Stable Platform,Low,Khulna
Jhenaidah,1658461,Khulna,1998,6,2,2,0,0,0,0,0,23.55,89.15,Stable Platform Zone,200.0,Indian–Burma Plate Boundary,1950.0,6.0,Stable Platform,Low,Khulna
Jhenaidah,1675636,Khulna,1998,5,3,3,1,0,0,0,0,23.55,89.15,Stable Platform Zone,200.0,Indian–Burma Plate Boundary,1950.0,6.0,Stable Platform,Low,Khulna
Khulna,2970147,Khulna,1998,2,2,1,0,0,0,0,0,22.8167,89.55,Stable Platform Zone,220.0,Indian–Burma Plate Boundary,1950.0,6.0,Bogra Fault,Low,Khulna
Khulna,1076463,Khulna,1998,1,1,0,0,0,0,0,0,22.8167,89.55,Stable Platform Zone,220.0,Indian–Burma Plate Boundary,1950.0,6.0,Bogra Fault,Low,Khulna
Kushtia,1874595,Khulna,1998,1,1,0,0,0,0,0,0,23.9,89.12,Stable Platform Zone,170.0,Indian–Burma Plate Boundary,1950.0,6.0,Stable Platform,Low,Khulna
Kushtia,999625,Khulna,1998,2,2,0,0,0,0,0,0,23.9,89.12,Stable Platform Zone,170.0,Indian–Burma Plate Boundary,1950.0,6.0,Stable Platform,Low,Khulna
Magura,1949754,Khulna,1998,2,0,0,0,0,0,0,0,23.49,89.42,Stable Platform Zone,200.0,Indian–Burma Plate Boundary,1950.0,6.0,Stable Platform,Low,Khulna
Magura,1170994,Khulna,1998,2,1,0,0,0,0,0,0,23.49,89.42,Stable Platform Zone,200.0,Indian–Burma Plate Boundary,1950.0,6.0,Stable Platform,Low,Khulna
Meherpur,1602274,Khulna,1998,4,3,1,0,0,0,0,0,23.77,88.63,Stable Platform Zone,200.0,Indian–Burma Plate Boundary,1950.0,6.0,Stable Platform,Low,Khulna
Meherpur,1632108,Khulna,1998,1,1,1,0,0,0,0,0,23.77,88.63,Stable Platform Zone,200.0,Indian–Burma Plate Boundary,1950.0,6.0,Stable Platform,Low,Khulna
Narail,818122,Khulna,1998,1,1,1,0,0,0,0,0,23.18,89.5,Stable Platform Zone,190.0,Indian–Burma Plate Boundary,1950.0,6.0,Stable Platform,Low,Khulna
Narail,1031829,Khulna,1998,4,3,1,1,1,0,0,0,23.18,89.5,Stable Platform Zone,190.0,Indian–Burma Plate Boundary,1950.0,6.0,Stable Platform,Low,Khulna
Satkhira,1187581,Khulna,1998,3,0,0,0,0,0,0,0,22.7234,89.0751,Stable Platform Zone,250.0,Indian–Burma Plate Boundary,1950.0,6.0,Stable Platform,Low,Khulna
Satkhira,1631634,Khulna,1998,3,2,1,1,0,0,0,0,22.7234,89.0751,Stable Platform Zone,250.0,Indian–Burma Plate Boundary,1950.0,6.0,Stable Platform,Low,Khulna
Jamalpur,568690,Mymensingh,1998,4,2,1,0,0,0,0,0,24.923,89.9501,Madhupur Fault Zone,100.0,Indian–Burma Plate Boundary,1897.0,7.5,Madhupur Fault,Medium,Mymensingh
Mymensingh,1030874,Mymensingh,1998,3,3,1,0,0,0,0,0,24.7434,90.3984,Madhupur Fault Zone,80.0,Indian–Burma Plate Boundary,1897.0,7.5,Madhupur Fault,Medium,Mymensingh
Mymensingh,641660,Mymensingh,1998,5,2,2,1,0,0,0,0,24.7434,90.3984,Madhupur Fault Zone,80.0,Indian–Burma Plate Boundary,1897.0,7.5,Madhupur Fault,Medium,Mymensingh
Sherpur,2196252,Mymensingh,1998,2,2,0,0,0,0,0,0,25.0188,90.0175,Madhupur Fault Zone,95.0,Indian–Burma Plate Boundary,1897.0,7.5,Madhupur Fault,Medium,Mymensingh
Bogra,2696045,Rajshahi,1998,5,3,0,0,0,0,0,0,24.849,89.3677,Stable Platform Zone,140.0,Indian–Burma Plate Boundary,1950.0,6.0,Bogra Fault,Low,Rajshahi
Bogra,537404,Rajshahi,1998,3,0,0,0,0,0,0,0,24.849,89.3677,Stable Platform Zone,140.0,Indian–Burma Plate Boundary,1950.0,6.0,Bogra Fault,Low,Rajshahi
Joypurhat,587645,Rajshahi,1998,3,2,1,1,0,0,0,0,25.1,89.02,Stable Platform Zone,160.0,Indian–Burma Plate Boundary,1950.0,6.0,Stable Platform,Low,Rajshahi
Joypurhat,669594,Rajshahi,1998,3,2,2,1,0,0,0,0,25.1,89.02,Stable Platform Zone,160.0,Indian–Burma Plate Boundary,1950.0,6.0,Stable Platform,Low,Rajshahi
Naogaon,2470245,Rajshahi,1998,3,1,1,0,0,0,0,0,24.81,88.94,Stable Platform Zone,190.0,Indian–Burma Plate Boundary,1950.0,6.0,Bogra Fault,Low,Rajshahi
Naogaon,935591,Rajshahi,1998,5,4,0,0,0,0,0,0,24.81,88.94,Stable Platform Zone,190.0,Indian–Burma Plate Boundary,1950.0,6.0,Bogra Fault,Low,Rajshahi
Natore,1422472,Rajshahi,1998,5,2,1,0,0,0,0,0,24.42,89.0,Stable Platform Zone,190.0,Indian–Burma Plate Boundary,1950.0,6.0,Bogra Fault,Low,Rajshahi
Natore,549216,Rajshahi,1998,6,3,2,2,1,0,0,0,24.42,89.0,Stable Platform Zone,190.0,Indian–Burma Plate Boundary,1950.0,6.0,Bogra Fault,Low,Rajshahi
Pabna,2224540,Rajshahi,1998,2,2,1,0,0,0,0,0,24.0064,89.2493,Stable Platform Zone,160.0,Indian–Burma Plate Boundary,1950.0,6.0,Stable Platform,Low,Rajshahi
Pabna,632064,Rajshahi,1998,2,0,0,0,0,0,0,0,24.0064,89.2493,Stable Platform Zone,160.0,Indian–Burma Plate Boundary,1950.0,6.0,Stable Platform,Low,Rajshahi
Rajshahi,1712325,Rajshahi,1998,3,2,1,1,0,0,0,0,24.3745,88.6042,Stable Platform Zone,200.0,Indian–Burma Plate Boundary,1950.0,6.0,Bogra Fault,Low,Rajshahi
Rajshahi,696031,Rajshahi,1998,2,1,1,0,0,0,0,0,24.3745,88.6042,Stable Platform Zone,200.0,Indian–Burma Plate Boundary,1950.0,6.0,Bogra Fault,Low,Rajshahi
Sirajganj,1080113,Rajshahi,1998,3,1,1,0,0,0,0,0,24.45,89.71,Stable Platform Zone,150.0,Indian–Burma Plate Boundary,1950.0,6.0,Stable Platform,Low,Rajshahi
Sirajganj,945806,Rajshahi,1998,4,3,2,0,0,0,0,0,24.45,89.71,Stable Platform Zone,150.0,Indian–Burma Plate Boundary,1950.0,6.0,Stable Platform,Low,Rajshahi
Dinajpur,2920536,Rangpur,1998,4,3,3,2,0,0,0,0,25.625,88.65,Stable Platform Zone,120.0,Indian–Burma Plate Boundary,1950.0,6.5,Himalayan Frontal Zone,Medium,Rangpur
Dinajpur,994352,Rangpur,1998,4,2,1,1,0,0,0,0,25.625,88.65,Stable Platform Zone,120.0,Indian–Burma Plate Boundary,1950.0,6.5,Himalayan Frontal Zone,Medium,Rangpur
Gaibandha,686805,Rangpur,1998,3,1,1,0,0,0,0,0,25.33,89.55,Stable Platform Zone,130.0,Indian–Eurasian Plate Boundary,1950.0,6.5,Bogra Fault,Medium,Rangpur
Gaibandha,509496,Rangpur,1998,3,2,0,0,0,0,0,0,25.33,89.55,Stable Platform Zone,130.0,Indian–Eurasian Plate Boundary,1950.0,6.5,Bogra Fault,Medium,Rangpur
Kurigram,2993217,Rangpur,1998,3,2,1,0,0,0,0,0,25.81,89.65,Himalayan Frontal Zone,110.0,Indian–Eurasian Plate Boundary,1950.0,8.6,Assam Fault Belt,High,Rangpur
Kurigram,899871,Rangpur,1998,4,1,1,0,0,0,0,0,25.81,89.65,Himalayan Frontal Zone,110.0,Indian–Eurasian Plate Boundary,1950.0,8.6,Assam Fault Belt,High,Rangpur
Lalmonirhat,2322321,Rangpur,1998,3,1,0,0,0,0,0,0,25.92,89.45,Himalayan Frontal Zone,100.0,Indian–Eurasian Plate Boundary,1950.0,8.6,Assam Fault Belt,High,Rangpur
Lalmonirhat,650124,Rangpur,1998,1,0,0,0,0,0,0,0,25.92,89.45,Himalayan Frontal Zone,100.0,Indian–Eurasian Plate Boundary,1950.0,8.6,Assam Fault Belt,High,Rangpur
Nilphamari,695582,Rangpur,1998,5,3,1,1,0,0,0,0,25.95,88.85,Himalayan Frontal Zone,110.0,Indian–Eurasian Plate Boundary,1950.0,8.6,Assam Fault Belt,High,Rangpur
Nilphamari,147549,Rangpur,1998,3,3,0,0,0,0,0,0,25.95,88.85,Himalayan Frontal Zone,110.0,Indian–Eurasian Plate Boundary,1950.0,8.6,Assam Fault Belt,High,Rangpur
Panchagarh,2661281,Rangpur,1998,4,3,1,0,0,0,0,0,26.33,88.56,Himalayan Frontal Zone,90.0,Indian–Eurasian Plate Boundary,1950.0,8.6,Assam Fault Belt,High,Rangpur
Panchagarh,860661,Rangpur,1998,1,1,0,0,0,0,0,0,26.33,88.56,Himalayan Frontal Zone,90.0,Indian–Eurasian Plate Boundary,1950.0,8.6,Assam Fault Belt,High,Rangpur
Rangpur,1873688,Rangpur,1998,3,2,2,1,0,0,0,0,25.7449,89.2756,Stable Platform Zone,130.0,Indian–Burma Plate Boundary,1950.0,6.5,Himalayan Frontal Zone,Medium,Rangpur
Rangpur,726338,Rangpur,1998,2,2,0,0,0,0,0,0,25.7449,89.2756,Stable Platform Zone,130.0,Indian–Burma Plate Boundary,1950.0,6.5,Himalayan Frontal Zone,Medium,Rangpur
Thakurgaon,664859,Rangpur,1998,3,1,1,1,0,0,0,0,26.02,88.46,Himalayan Frontal Zone,100.0,Indian–Eurasian Plate Boundary,1950.0,8.6,Assam Fault Belt,High,Rangpur
Thakurgaon,629793,Rangpur,1998,2,2,2,0,0,0,0,0,26.02,88.46,Himalayan Frontal Zone,100.0,Indian–Eurasian Plate Boundary,1950.0,8.6,Assam Fault Belt,High,Rangpur
Habiganj,410909,Sylhet,1998,9,4,1,1,0,0,0,0,24.38,91.42,Tripura Fold Belt,80.0,Indian–Burma Plate Boundary,1918.0,7.0,Tripura Thrust Zone,Medium,Sylhet
Habiganj,879342,Sylhet,1998,6,3,2,1,1,0,0,0,24.38,91.42,Tripura Fold Belt,80.0,Indian–Burma Plate Boundary,1918.0,7.0,Tripura Thrust Zone,Medium,Sylhet
Moulvibazar,2827938,Sylhet,1998,6,3,2,1,0,0,0,0,24.48,91.77,Dauki Fault Zone,35.0,Indian–Burma Plate Boundary,1918.0,7.5,Dauki Fault,High,Sylhet
Moulvibazar,407645,Sylhet,1998,9,6,4,2,0,0,0,0,24.48,91.77,Dauki Fault Zone,35.0,Indian–Burma Plate Boundary,1918.0,7.5,Dauki Fault,High,Sylhet
Sunamganj,2942231,Sylhet,1998,6,1,1,0,0,0,0,0,25.07,91.4,Dauki Fault Zone,45.0,Indian–Burma Plate Boundary,1918.0,7.5,Dauki Fault,High,Sylhet
Sunamganj,500709,Sylhet,1998,11,7,3,3,1,0,0,0,25.07,91.4,Dauki Fault Zone,45.0,Indian–Burma Plate Boundary,1918.0,7.5,Dauki Fault,High,Sylhet
Sylhet,2586699,Sylhet,1998,4,2,0,0,0,0,0,0,24.899,91.872,Dauki Fault Zone,30.0,Indian–Burma Plate Boundary,1918.0,7.5,Dauki Fault,High,Sylhet
Sylhet,781338,Sylhet,1998,5,3,1,0,0,0,0,0,24.899,91.872,Dauki Fault Zone,30.0,Indian–Burma Plate Boundary,1918.0,7.5,Dauki Fault,High,Sylhet
Barguna,603939,Barisal,1999,2,1,0,0,0,0,0,0,22.15,90.13,Foredeep Basin,210.0,Indian–Burma Plate Boundary,1950.0,5.5,Foredeep Basin,Low,Barishal
Barguna,999880,Barisal,1999,0,0,0,0,0,0,0,0,22.15,90.13,Foredeep Basin,210.0,Indian–Burma Plate Boundary,1950.0,5.5,Foredeep Basin,Low,Barishal
Barishal,1033519,Barisal,1999,0,0,0,0,0,0,0,0,22.7,90.37,Foredeep Basin,180.0,Indian–Burma Plate Boundary,1950.0,5.5,Foredeep Basin,Low,Barishal
Barishal,797087,Barisal,1999,1,0,0,0,0,0,0,0,22.7,90.37,Foredeep Basin,180.0,Indian–Burma Plate Boundary,1950.0,5.5,Foredeep Basin,Low,Barishal
Bhola,531496,Barisal,1999,3,3,2,0,0,0,0,0,22.69,90.65,Foredeep Basin,190.0,Indian–Burma Plate Boundary,1950.0,5.5,Foredeep Basin,Low,Barishal
Bhola,900449,Barisal,1999,3,2,0,0,0,0,0,0,22.69,90.65,Foredeep Basin,190.0,Indian–Burma Plate Boundary,1950.0,5.5,Foredeep Basin,Low,Barishal
Patuakhali,2382257,Barisal,1999,2,1,1,0,0,0,0,0,22.35,90.3,Foredeep Basin,200.0,Indian–Burma Plate Boundary,1950.0,5.5,Foredeep Basin,Low,Barishal
Patuakhali,763736,Barisal,1999,1,0,0,0,0,0,0,0,22.35,90.3,Foredeep Basin,200.0,Indian–Burma Plate Boundary,1950.0,5.5,Foredeep Basin,Low,Barishal
Pirojpur,1489285,Barisal,1999,1,1,1,0,0,0,0,0,22.58,89.98,Foredeep Basin,180.0,Indian–Burma Plate Boundary,1950.0,5.5,Foredeep Basin,Low,Barishal
Pirojpur,557627,Barisal,1999,3,2,1,0,0,0,0,0,22.58,89.98,Foredeep Basin,180.0,Indian–Burma Plate Boundary,1950.0,5.5,Foredeep Basin,Low,Barishal
Bandarban,898047,Chittagong,1999,7,5,2,0,0,0,0,0,22.194,92.218,Indo‑Burma Fold Belt,25.0,Indian–Burma Plate Boundary,1762.0,8.0,Chittagong Hill Tracts Fold Belt,High,Chittagong
Bandarban,3612752,Chittagong,1999,6,1,1,0,0,0,0,0,22.194,92.218,Indo‑Burma Fold Belt,25.0,Indian–Burma Plate Boundary,1762.0,8.0,Chittagong Hill Tracts Fold Belt,High,Chittagong
Brahmanbaria,1236889,Chittagong,1999,5,4,1,0,0,0,0,0,23.96,91.11,Tripura Fold Belt,85.0,Indian–Burma Plate Boundary,1897.0,7.5,Tripura Thrust Zone,Medium,Chittagong
Brahmanbaria,3636104,Chittagong,1999,3,2,0,0,0,0,0,0,23.96,91.11,Tripura Fold Belt,85.0,Indian–Burma Plate Boundary,1897.0,7.5,Tripura Thrust Zone,Medium,Chittagong
Chandpur,1002064,Chittagong,1999,5,4,0,0,0,0,0,0,23.23,90.65,Foredeep Basin,150.0,Indian–Burma Plate Boundary,1897.0,6.5,Surma Basin,Low,Chittagong
Chandpur,3461763,Chittagong,1999,7,3,2,1,0,0,0,0,23.23,90.65,Foredeep Basin,150.0,Indian–Burma Plate Boundary,1897.0,6.5,Surma Basin,Low,Chittagong
Chittagong,1264894,Chittagong,1999,8,6,2,1,0,0,0,0,22.3419,91.8155,Indo‑Burma Subduction Zone,25.0,Indian–Burma Plate Boundary,1762.0,8.5,Arakan–Burma Subduction,High,Chittagong
Chittagong,3130388,Chittagong,1999,3,2,1,0,0,0,0,0,22.3419,91.8155,Indo‑Burma Subduction Zone,25.0,Indian–Burma Plate Boundary,1762.0,8.5,Arakan–Burma Subduction,High,Chittagong
Comilla,1305747,Chittagong,1999,4,2,1,1,0,0,0,0,23.45,91.1999,Tripura Fold Belt,80.0,Indian–Burma Plate Boundary,1897.0,7.5,Tripura Thrust Zone,Medium,Chittagong
Comilla,5217882,Chittagong,1999,4,2,2,0,0,0,0,0,23.45,91.1999,Tripura Fold Belt,80.0,Indian–Burma Plate Boundary,1897.0,7.5,Tripura Thrust Zone,Medium,Chittagong
Cox's Bazar,2408603,Chittagong,1999,7,3,3,0,0,0,0,0,21.4272,92.0058,Indo‑Burma Subduction Zone,15.0,Indian–Burma Plate Boundary,1762.0,8.5,Arakan Subduction,High,Chittagong
Cox's Bazar,4122728,Chittagong,1999,10,9,2,2,1,0,0,0,21.4272,92.0058,Indo‑Burma Subduction Zone,15.0,Indian–Burma Plate Boundary,1762.0,8.5,Arakan Subduction,High,Chittagong
Feni,1472886,Chittagong,1999,5,4,3,2,1,0,0,0,23.02,91.4,Tripura Fold Belt,90.0,Indian–Burma Plate Boundary,1897.0,7.5,Tripura Thrust Zone,Medium,Chittagong
Feni,5830186,Chittagong,1999,12,8,5,1,1,0,0,0,23.02,91.4,Tripura Fold Belt,90.0,Indian–Burma Plate Boundary,1897.0,7.5,Tripura Thrust Zone,Medium,Chittagong
Lakshmipur,2787790,Chittagong,1999,11,7,3,1,0,0,0,0,22.95,90.83,Tripura Fold Belt,100.0,Indian–Burma Plate Boundary,1897.0,7.5,Tripura Thrust Zone,Medium,Chittagong
Lakshmipur,5065045,Chittagong,1999,5,4,3,0,0,0,0,0,22.95,90.83,Tripura Fold Belt,100.0,Indian–Burma Plate Boundary,1897.0,7.5,Tripura Thrust Zone,Medium,Chittagong
Noakhali,2275514,Chittagong,1999,6,5,1,1,0,0,0,0,22.82,91.1,Tripura Fold Belt,90.0,Indian–Burma Plate Boundary,1897.0,7.5,Tripura Thrust Zone,Medium,Chittagong
Noakhali,2330520,Chittagong,1999,13,10,3,2,0,0,0,0,22.82,91.1,Tripura Fold Belt,90.0,Indian–Burma Plate Boundary,1897.0,7.5,Tripura Thrust Zone,Medium,Chittagong
Rangamati,2134721,Chittagong,1999,5,2,1,0,0,0,0,0,22.65,92.17,Indo‑Burma Fold Belt,50.0,Indian–Burma Plate Boundary,1762.0,7.0,Tripura Fold Belt,High,Chittagong
Rangamati,5086361,Chittagong,1999,4,3,1,1,1,0,0,0,22.65,92.17,Indo‑Burma Fold Belt,50.0,Indian–Burma Plate Boundary,1762.0,7.0,Tripura Fold Belt,High,Chittagong
Dhaka,1473778,Dhaka,1999,4,3,1,0,0,0,0,0,23.8103,90.4125,Madhupur Fault Zone,100.0,Indian–Burma Plate Boundary,1885.0,7.2,Madhupur Fault,Medium,Dhaka
Dhaka,10080398,Dhaka,1999,4,3,0,0,0,0,0,0,23.8103,90.4125,Madhupur Fault Zone,100.0,Indian–Burma Plate Boundary,1885.0,7.2,Madhupur Fault,Medium,Dhaka
Faridpur,1489169,Dhaka,1999,3,2,0,0,0,0,0,0,23.607,89.8429,Foredeep Basin,160.0,Indian–Burma Plate Boundary,1885.0,6.0,Foredeep Basin,Low,Dhaka
Faridpur,11239990,Dhaka,1999,1,1,0,0,0,0,0,0,23.607,89.8429,Foredeep Basin,160.0,Indian–Burma Plate Boundary,1885.0,6.0,Foredeep Basin,Low,Dhaka
Gazipur,1501957,Dhaka,1999,3,1,1,0,0,0,0,0,24.0,90.4167,Madhupur Fault Zone,95.0,Indian–Burma Plate Boundary,1885.0,7.2,Madhupur Fault,Medium,Dhaka
Gazipur,11553965,Dhaka,1999,2,2,1,1,0,0,0,0,24.0,90.4167,Madhupur Fault Zone,95.0,Indian–Burma Plate Boundary,1885.0,7.2,Madhupur Fault,Medium,Dhaka
Gopalganj,790831,Dhaka,1999,2,2,0,0,0,0,0,0,23.02,89.83,Foredeep Basin,170.0,Indian–Burma Plate Boundary,1885.0,6.0,Foredeep Basin,Low,Dhaka
Gopalganj,11677193,Dhaka,1999,2,1,0,0,0,0,0,0,23.02,89.83,Foredeep Basin,170.0,Indian–Burma Plate Boundary,1885.0,6.0,Foredeep Basin,Low,Dhaka
Kishoreganj,1678230,Dhaka,1999,1,1,1,0,0,0,0,0,24.44,90.77,Madhupur Fault Zone,100.0,Indian–Burma Plate Boundary,1885.0,7.2,Madhupur Fault,Medium,Dhaka
Madaripur,1654959,Dhaka,1999,7,5,3,0,0,0,0,0,23.17,90.19,Foredeep Basin,150.0,Indian–Burma Plate Boundary,1885.0,6.0,Foredeep Basin,Low,Dhaka
Madaripur,7965158,Dhaka,1999,3,1,1,0,0,0,0,0,23.17,90.19,Foredeep Basin,150.0,Indian–Burma Plate Boundary,1885.0,6.0,Foredeep Basin,Low,Dhaka
Manikganj,2254193,Dhaka,1999,2,1,1,0,0,0,0,0,23.86,90.0,Madhupur Fault Zone,90.0,Indian–Burma Plate Boundary,1885.0,7.2,Madhupur Fault,Medium,Dhaka
Manikganj,9004060,Dhaka,1999,3,1,0,0,0,0,0,0,23.86,90.0,Madhupur Fault Zone,90.0,Indian–Burma Plate Boundary,1885.0,7.2,Madhupur Fault,Medium,Dhaka
Munshiganj,2902372,Dhaka,1999,4,1,1,0,0,0,0,0,23.54,90.53,Foredeep Basin,130.0,Indian–Burma Plate Boundary,1885.0,6.0,Foredeep Basin,Low,Dhaka
Munshiganj,6134376,Dhaka,1999,2,1,0,0,0,0,0,0,23.54,90.53,Foredeep Basin,130.0,Indian–Burma Plate Boundary,1885.0,6.0,Foredeep Basin,Low,Dhaka
Narayanganj,2263839,Dhaka,1999,7,5,1,1,1,0,0,0,23.6226,90.501,Madhupur Fault Zone,110.0,Indian–Burma Plate Boundary,1885.0,7.2,Madhupur Fault,Medium,Dhaka
Narayanganj,7093258,Dhaka,1999,4,2,1,1,1,0,0,0,23.6226,90.501,Madhupur Fault Zone,110.0,Indian–Burma Plate Boundary,1885.0,7.2,Madhupur Fault,Medium,Dhaka
Narsingdi,1865847,Dhaka,1999,2,0,0,0,0,0,0,0,23.9207,90.7188,Madhupur Fault Zone,110.0,Indian–Burma Plate Boundary,1885.0,7.2,Madhupur Fault,Medium,Dhaka
Narsingdi,9911386,Dhaka,1999,5,4,2,0,0,0,0,0,23.9207,90.7188,Madhupur Fault Zone,110.0,Indian–Burma Plate Boundary,1885.0,7.2,Madhupur Fault,Medium,Dhaka
Rajbari,2498098,Dhaka,1999,5,1,1,1,0,0,0,0,23.72,89.65,Foredeep Basin,180.0,Indian–Burma Plate Boundary,1885.0,6.0,Foredeep Basin,Low,Dhaka
Rajbari,11376981,Dhaka,1999,4,1,0,0,0,0,0,0,23.72,89.65,Foredeep Basin,180.0,Indian–Burma Plate Boundary,1885.0,6.0,Foredeep Basin,Low,Dhaka
Shariatpur,1476607,Dhaka,1999,2,2,0,0,0,0,0,0,23.22,90.35,Foredeep Basin,150.0,Indian–Burma Plate Boundary,1885.0,6.0,Foredeep Basin,Low,Dhaka
Shariatpur,5564583,Dhaka,1999,2,0,0,0,0,0,0,0,23.22,90.35,Foredeep Basin,150.0,Indian–Burma Plate Boundary,1885.0,6.0,Foredeep Basin,Low,Dhaka
Tangail,2155792,Dhaka,1999,1,1,1,0,0,0,0,0,24.25,89.9167,Madhupur Fault Zone,90.0,Indian–Burma Plate Boundary,1885.0,7.2,Madhupur Fault,Medium,Dhaka
Tangail,6718340,Dhaka,1999,3,2,0,0,0,0,0,0,24.25,89.9167,Madhupur Fault Zone,90.0,Indian–Burma Plate Boundary,1885.0,7.2,Madhupur Fault,Medium,Dhaka
Bagerhat,2866037,Khulna,1999,2,2,0,0,0,0,0,0,22.65,89.7667,Stable Platform Zone,230.0,Indian–Burma Plate Boundary,1950.0,6.0,Bogra Fault,Low,Khulna
Bagerhat,731489,Khulna,1999,2,2,0,0,0,0,0,0,22.65,89.7667,Stable Platform Zone,230.0,Indian–Burma Plate Boundary,1950.0,6.0,Bogra Fault,Low,Khulna
Chuadanga,2126638,Khulna,1999,4,1,0,0,0,0,0,0,23.63,88.83,Stable Platform Zone,180.0,Indian–Burma Plate Boundary,1950.0,6.0,Stable Platform,Low,Khulna
Chuadanga,1229242,Khulna,1999,4,4,1,0,0,0,0,0,23.63,88.83,Stable Platform Zone,180.0,Indian–Burma Plate Boundary,1950.0,6.0,Stable Platform,Low,Khulna
Jessore,858893,Khulna,1999,1,0,0,0,0,0,0,0,23.1707,89.2124,Stable Platform Zone,210.0,Indian–Burma Plate Boundary,1950.0,6.0,Stable Platform,Low,Khulna
Jessore,1024022,Khulna,1999,3,2,0,0,0,0,0,0,23.1707,89.2124,Stable Platform Zone,210.0,Indian–Burma Plate Boundary,1950.0,6.0,Stable Platform,Low,Khulna
Jhenaidah,2748142,Khulna,1999,2,2,0,0,0,0,0,0,23.55,89.15,Stable Platform Zone,200.0,Indian–Burma Plate Boundary,1950.0,6.0,Stable Platform,Low,Khulna
Jhenaidah,790925,Khulna,1999,2,2,1,0,0,0,0,0,23.55,89.15,Stable Platform Zone,200.0,Indian–Burma Plate Boundary,1950.0,6.0,Stable Platform,Low,Khulna
Khulna,839536,Khulna,1999,3,2,0,0,0,0,0,0,22.8167,89.55,Stable Platform Zone,220.0,Indian–Burma Plate Boundary,1950.0,6.0,Bogra Fault,Low,Khulna
Khulna,1481421,Khulna,1999,7,4,3,0,0,0,0,0,22.8167,89.55,Stable Platform Zone,220.0,Indian–Burma Plate Boundary,1950.0,6.0,Bogra Fault,Low,Khulna
Kushtia,2655240,Khulna,1999,3,1,1,0,0,0,0,0,23.9,89.12,Stable Platform Zone,170.0,Indian–Burma Plate Boundary,1950.0,6.0,Stable Platform,Low,Khulna
Kushtia,946054,Khulna,1999,5,4,2,1,0,0,0,0,23.9,89.12,Stable Platform Zone,170.0,Indian–Burma Plate Boundary,1950.0,6.0,Stable Platform,Low,Khulna
Magura,1677202,Khulna,1999,7,4,3,1,0,0,0,0,23.49,89.42,Stable Platform Zone,200.0,Indian–Burma Plate Boundary,1950.0,6.0,Stable Platform,Low,Khulna
Magura,928422,Khulna,1999,5,2,2,1,0,0,0,0,23.49,89.42,Stable Platform Zone,200.0,Indian–Burma Plate Boundary,1950.0,6.0,Stable Platform,Low,Khulna
Meherpur,2721245,Khulna,1999,3,3,0,0,0,0,0,0,23.77,88.63,Stable Platform Zone,200.0,Indian–Burma Plate Boundary,1950.0,6.0,Stable Platform,Low,Khulna
Meherpur,1351053,Khulna,1999,4,4,3,1,0,0,0,0,23.77,88.63,Stable Platform Zone,200.0,Indian–Burma Plate Boundary,1950.0,6.0,Stable Platform,Low,Khulna
Narail,878914,Khulna,1999,2,1,0,0,0,0,0,0,23.18,89.5,Stable Platform Zone,190.0,Indian–Burma Plate Boundary,1950.0,6.0,Stable Platform,Low,Khulna
Narail,1267677,Khulna,1999,3,2,0,0,0,0,0,0,23.18,89.5,Stable Platform Zone,190.0,Indian–Burma Plate Boundary,1950.0,6.0,Stable Platform,Low,Khulna
Satkhira,805418,Khulna,1999,1,0,0,0,0,0,0,0,22.7234,89.0751,Stable Platform Zone,250.0,Indian–Burma Plate Boundary,1950.0,6.0,Stable Platform,Low,Khulna
Satkhira,1234272,Khulna,1999,1,0,0,0,0,0,0,0,22.7234,89.0751,Stable Platform Zone,250.0,Indian–Burma Plate Boundary,1950.0,6.0,Stable Platform,Low,Khulna
Jamalpur,1253819,Mymensingh,1999,8,4,3,1,0,0,0,0,24.923,89.9501,Madhupur Fault Zone,100.0,Indian–Burma Plate Boundary,1897.0,7.5,Madhupur Fault,Medium,Mymensingh
Mymensingh,737824,Mymensingh,1999,4,2,1,0,0,0,0,0,24.7434,90.3984,Madhupur Fault Zone,80.0,Indian–Burma Plate Boundary,1897.0,7.5,Madhupur Fault,Medium,Mymensingh
Mymensingh,249538,Mymensingh,1999,3,3,1,0,0,0,0,0,24.7434,90.3984,Madhupur Fault Zone,80.0,Indian–Burma Plate Boundary,1897.0,7.5,Madhupur Fault,Medium,Mymensingh
Sherpur,2157046,Mymensingh,1999,3,2,0,0,0,0,0,0,25.0188,90.0175,Madhupur Fault Zone,95.0,Indian–Burma Plate Boundary,1897.0,7.5,Madhupur Fault,Medium,Mymensingh
Bogra,817708,Rajshahi,1999,3,2,0,0,0,0,0,0,24.849,89.3677,Stable Platform Zone,140.0,Indian–Burma Plate Boundary,1950.0,6.0,Bogra Fault,Low,Rajshahi
Bogra,755790,Rajshahi,1999,5,3,0,0,0,0,0,0,24.849,89.3677,Stable Platform Zone,140.0,Indian–Burma Plate Boundary,1950.0,6.0,Bogra Fault,Low,Rajshahi
Joypurhat,1347869,Rajshahi,1999,1,1,0,0,0,0,0,0,25.1,89.02,Stable Platform Zone,160.0,Indian–Burma Plate Boundary,1950.0,6.0,Stable Platform,Low,Rajshahi
Joypurhat,1071776,Rajshahi,1999,3,3,3,0,0,0,0,0,25.1,89.02,Stable Platform Zone,160.0,Indian–Burma Plate Boundary,1950.0,6.0,Stable Platform,Low,Rajshahi
Naogaon,2118485,Rajshahi,1999,1,1,0,0,0,0,0,0,24.81,88.94,Stable Platform Zone,190.0,Indian–Burma Plate Boundary,1950.0,6.0,Bogra Fault,Low,Rajshahi
Naogaon,914388,Rajshahi,1999,2,1,0,0,0,0,0,0,24.81,88.94,Stable Platform Zone,190.0,Indian–Burma Plate Boundary,1950.0,6.0,Bogra Fault,Low,Rajshahi
Natore,2395174,Rajshahi,1999,3,2,0,0,0,0,0,0,24.42,89.0,Stable Platform Zone,190.0,Indian–Burma Plate Boundary,1950.0,6.0,Bogra Fault,Low,Rajshahi
Natore,1165903,Rajshahi,1999,1,0,0,0,0,0,0,0,24.42,89.0,Stable Platform Zone,190.0,Indian–Burma Plate Boundary,1950.0,6.0,Bogra Fault,Low,Rajshahi
Pabna,2477951,Rajshahi,1999,4,2,0,0,0,0,0,0,24.0064,89.2493,Stable Platform Zone,160.0,Indian–Burma Plate Boundary,1950.0,6.0,Stable Platform,Low,Rajshahi
Pabna,600958,Rajshahi,1999,3,2,1,1,0,0,0,0,24.0064,89.2493,Stable Platform Zone,160.0,Indian–Burma Plate Boundary,1950.0,6.0,Stable Platform,Low,Rajshahi
Rajshahi,2234588,Rajshahi,1999,3,2,0,0,0,0,0,0,24.3745,88.6042,Stable Platform Zone,200.0,Indian–Burma Plate Boundary,1950.0,6.0,Bogra Fault,Low,Rajshahi
Rajshahi,1077094,Rajshahi,1999,2,2,0,0,0,0,0,0,24.3745,88.6042,Stable Platform Zone,200.0,Indian–Burma Plate Boundary,1950.0,6.0,Bogra Fault,Low,Rajshahi
Sirajganj,1032126,Rajshahi,1999,3,3,1,1,0,0,0,0,24.45,89.71,Stable Platform Zone,150.0,Indian–Burma Plate Boundary,1950.0,6.0,Stable Platform,Low,Rajshahi
Sirajganj,483312,Rajshahi,1999,5,2,2,0,0,0,0,0,24.45,89.71,Stable Platform Zone,150.0,Indian–Burma Plate Boundary,1950.0,6.0,Stable Platform,Low,Rajshahi
Dinajpur,2196938,Rangpur,1999,4,2,2,2,0,0,0,0,25.625,88.65,Stable Platform Zone,120.0,Indian–Burma Plate Boundary,1950.0,6.5,Himalayan Frontal Zone,Medium,Rangpur
Dinajpur,413939,Rangpur,1999,2,2,1,1,0,0,0,0,25.625,88.65,Stable Platform Zone,120.0,Indian–Burma Plate Boundary,1950.0,6.5,Himalayan Frontal Zone,Medium,Rangpur
Gaibandha,415063,Rangpur,1999,1,1,0,0,0,0,0,0,25.33,89.55,Stable Platform Zone,130.0,Indian–Eurasian Plate Boundary,1950.0,6.5,Bogra Fault,Medium,Rangpur
Gaibandha,507652,Rangpur,1999,3,3,1,1,0,0,0,0,25.33,89.55,Stable Platform Zone,130.0,Indian–Eurasian Plate Boundary,1950.0,6.5,Bogra Fault,Medium,Rangpur
Kurigram,1990255,Rangpur,1999,1,0,0,0,0,0,0,0,25.81,89.65,Himalayan Frontal Zone,110.0,Indian–Eurasian Plate Boundary,1950.0,8.6,Assam Fault Belt,High,Rangpur
Kurigram,278422,Rangpur,1999,4,2,2,1,0,0,0,0,25.81,89.65,Himalayan Frontal Zone,110.0,Indian–Eurasian Plate Boundary,1950.0,8.6,Assam Fault Belt,High,Rangpur
Lalmonirhat,1529920,Rangpur,1999,2,1,1,0,0,0,0,0,25.92,89.45,Himalayan Frontal Zone,100.0,Indian–Eurasian Plate Boundary,1950.0,8.6,Assam Fault Belt,High,Rangpur
Lalmonirhat,661699,Rangpur,1999,7,6,2,2,0,0,0,0,25.92,89.45,Himalayan Frontal Zone,100.0,Indian–Eurasian Plate Boundary,1950.0,8.6,Assam Fault Belt,High,Rangpur
Nilphamari,2669737,Rangpur,1999,2,1,1,0,0,0,0,0,25.95,88.85,Himalayan Frontal Zone,110.0,Indian–Eurasian Plate Boundary,1950.0,8.6,Assam Fault Belt,High,Rangpur
Nilphamari,602068,Rangpur,1999,8,7,3,1,1,0,0,0,25.95,88.85,Himalayan Frontal Zone,110.0,Indian–Eurasian Plate Boundary,1950.0,8.6,Assam Fault Belt,High,Rangpur
Panchagarh,599012,Rangpur,1999,2,1,0,0,0,0,0,0,26.33,88.56,Himalayan Frontal Zone,90.0,Indian–Eurasian Plate Boundary,1950.0,8.6,Assam Fault Belt,High,Rangpur
Panchagarh,714771,Rangpur,1999,6,1,1,1,0,0,0,0,26.33,88.56,Himalayan Frontal Zone,90.0,Indian–Eurasian Plate Boundary,1950.0,8.6,Assam Fault Belt,High,Rangpur
Rangpur,1982753,Rangpur,1999,3,3,3,1,1,0,0,0,25.7449,89.2756,Stable Platform Zone,130.0,Indian–Burma Plate Boundary,1950.0,6.5,Himalayan Frontal Zone,Medium,Rangpur
Rangpur,833535,Rangpur,1999,0,0,0,0,0,0,0,0,25.7449,89.2756,Stable Platform Zone,130.0,Indian–Burma Plate Boundary,1950.0,6.5,Himalayan Frontal Zone,Medium,Rangpur
Thakurgaon,1097428,Rangpur,1999,4,3,1,1,1,0,0,0,26.02,88.46,Himalayan Frontal Zone,100.0,Indian–Eurasian Plate Boundary,1950.0,8.6,Assam Fault Belt,High,Rangpur
Thakurgaon,880282,Rangpur,1999,5,4,1,1,0,0,0,0,26.02,88.46,Himalayan Frontal Zone,100.0,Indian–Eurasian Plate Boundary,1950.0,8.6,Assam Fault Belt,High,Rangpur
Habiganj,2883982,Sylhet,1999,10,6,2,2,0,0,0,0,24.38,91.42,Tripura Fold Belt,80.0,Indian–Burma Plate Boundary,1918.0,7.0,Tripura Thrust Zone,Medium,Sylhet
Habiganj,716795,Sylhet,1999,10,7,2,0,0,0,0,0,24.38,91.42,Tripura Fold Belt,80.0,Indian–Burma Plate Boundary,1918.0,7.0,Tripura Thrust Zone,Medium,Sylhet
Moulvibazar,746838,Sylhet,1999,7,3,0,0,0,0,0,0,24.48,91.77,Dauki Fault Zone,35.0,Indian–Burma Plate Boundary,1918.0,7.5,Dauki Fault,High,Sylhet
Moulvibazar,489784,Sylhet,1999,5,2,2,0,0,0,0,0,24.48,91.77,Dauki Fault Zone,35.0,Indian–Burma Plate Boundary,1918.0,7.5,Dauki Fault,High,Sylhet
Sunamganj,691731,Sylhet,1999,7,3,2,0,0,0,0,0,25.07,91.4,Dauki Fault Zone,45.0,Indian–Burma Plate Boundary,1918.0,7.5,Dauki Fault,High,Sylhet
Sunamganj,866960,Sylhet,1999,14,8,2,2,0,0,0,0,25.07,91.4,Dauki Fault Zone,45.0,Indian–Burma Plate Boundary,1918.0,7.5,Dauki Fault,High,Sylhet
Sylhet,2423182,Sylhet,1999,9,7,3,0,0,0,0,0,24.899,91.872,Dauki Fault Zone,30.0,Indian–Burma Plate Boundary,1918.0,7.5,Dauki Fault,High,Sylhet
Sylhet,376910,Sylhet,1999,13,10,4,1,1,0,0,0,24.899,91.872,Dauki Fault Zone,30.0,Indian–Burma Plate Boundary,1918.0,7.5,Dauki Fault,High,Sylhet
Barguna,1448001,Barisal,2000,1,0,0,0,0,0,0,0,22.15,90.13,Foredeep Basin,210.0,Indian–Burma Plate Boundary,1950.0,5.5,Foredeep Basin,Low,Barishal
Barguna,854269,Barisal,2000,0,0,0,0,0,0,0,0,22.15,90.13,Foredeep Basin,210.0,Indian–Burma Plate Boundary,1950.0,5.5,Foredeep Basin,Low,Barishal
Barishal,1501523,Barisal,2000,2,1,1,1,0,0,0,0,22.7,90.37,Foredeep Basin,180.0,Indian–Burma Plate Boundary,1950.0,5.5,Foredeep Basin,Low,Barishal
Barishal,856326,Barisal,2000,2,0,0,0,0,0,0,0,22.7,90.37,Foredeep Basin,180.0,Indian–Burma Plate Boundary,1950.0,5.5,Foredeep Basin,Low,Barishal
Bhola,598439,Barisal,2000,2,1,1,0,0,0,0,0,22.69,90.65,Foredeep Basin,190.0,Indian–Burma Plate Boundary,1950.0,5.5,Foredeep Basin,Low,Barishal
Bhola,872852,Barisal,2000,3,2,2,1,0,0,0,0,22.69,90.65,Foredeep Basin,190.0,Indian–Burma Plate Boundary,1950.0,5.5,Foredeep Basin,Low,Barishal
Patuakhali,1044064,Barisal,2000,2,2,0,0,0,0,0,0,22.35,90.3,Foredeep Basin,200.0,Indian–Burma Plate Boundary,1950.0,5.5,Foredeep Basin,Low,Barishal
Patuakhali,225450,Barisal,2000,2,1,1,0,0,0,0,0,22.35,90.3,Foredeep Basin,200.0,Indian–Burma Plate Boundary,1950.0,5.5,Foredeep Basin,Low,Barishal
Pirojpur,1516584,Barisal,2000,3,2,0,0,0,0,0,0,22.58,89.98,Foredeep Basin,180.0,Indian–Burma Plate Boundary,1950.0,5.5,Foredeep Basin,Low,Barishal
Pirojpur,656987,Barisal,2000,2,2,0,0,0,0,0,0,22.58,89.98,Foredeep Basin,180.0,Indian–Burma Plate Boundary,1950.0,5.5,Foredeep Basin,Low,Barishal
Bandarban,2109467,Chittagong,2000,5,3,0,0,0,0,0,0,22.194,92.218,Indo‑Burma Fold Belt,25.0,Indian–Burma Plate Boundary,1762.0,8.0,Chittagong Hill Tracts Fold Belt,High,Chittagong
Bandarban,5317243,Chittagong,2000,11,5,4,0,0,0,0,0,22.194,92.218,Indo‑Burma Fold Belt,25.0,Indian–Burma Plate Boundary,1762.0,8.0,Chittagong Hill Tracts Fold Belt,High,Chittagong
Brahmanbaria,404813,Chittagong,2000,10,8,1,1,1,0,0,0,23.96,91.11,Tripura Fold Belt,85.0,Indian–Burma Plate Boundary,1897.0,7.5,Tripura Thrust Zone,Medium,Chittagong
Brahmanbaria,3594291,Chittagong,2000,14,8,6,1,0,0,0,0,23.96,91.11,Tripura Fold Belt,85.0,Indian–Burma Plate Boundary,1897.0,7.5,Tripura Thrust Zone,Medium,Chittagong
Chandpur,2278984,Chittagong,2000,6,5,2,0,0,0,0,0,23.23,90.65,Foredeep Basin,150.0,Indian–Burma Plate Boundary,1897.0,6.5,Surma Basin,Low,Chittagong
Chandpur,2756189,Chittagong,2000,10,8,2,2,0,0,0,0,23.23,90.65,Foredeep Basin,150.0,Indian–Burma Plate Boundary,1897.0,6.5,Surma Basin,Low,Chittagong
Chittagong,1763067,Chittagong,2000,7,4,2,0,0,0,0,0,22.3419,91.8155,Indo‑Burma Subduction Zone,25.0,Indian–Burma Plate Boundary,1762.0,8.5,Arakan–Burma Subduction,High,Chittagong
Chittagong,5674236,Chittagong,2000,10,6,1,1,0,0,0,0,22.3419,91.8155,Indo‑Burma Subduction Zone,25.0,Indian–Burma Plate Boundary,1762.0,8.5,Arakan–Burma Subduction,High,Chittagong
Comilla,2337624,Chittagong,2000,7,1,1,0,0,0,0,0,23.45,91.1999,Tripura Fold Belt,80.0,Indian–Burma Plate Boundary,1897.0,7.5,Tripura Thrust Zone,Medium,Chittagong
Comilla,2320123,Chittagong,2000,9,6,3,2,0,0,0,0,23.45,91.1999,Tripura Fold Belt,80.0,Indian–Burma Plate Boundary,1897.0,7.5,Tripura Thrust Zone,Medium,Chittagong
Cox's Bazar,2111781,Chittagong,2000,8,3,2,0,0,0,0,0,21.4272,92.0058,Indo‑Burma Subduction Zone,15.0,Indian–Burma Plate Boundary,1762.0,8.5,Arakan Subduction,High,Chittagong
Cox's Bazar,2814416,Chittagong,2000,6,6,0,0,0,0,0,0,21.4272,92.0058,Indo‑Burma Subduction Zone,15.0,Indian–Burma Plate Boundary,1762.0,8.5,Arakan Subduction,High,Chittagong
Feni,2616666,Chittagong,2000,10,6,2,1,1,0,0,0,23.02,91.4,Tripura Fold Belt,90.0,Indian–Burma Plate Boundary,1897.0,7.5,Tripura Thrust Zone,Medium,Chittagong
Feni,5155897,Chittagong,2000,9,3,2,1,0,0,0,0,23.02,91.4,Tripura Fold Belt,90.0,Indian–Burma Plate Boundary,1897.0,7.5,Tripura Thrust Zone,Medium,Chittagong
Lakshmipur,1555660,Chittagong,2000,7,3,2,0,0,0,0,0,22.95,90.83,Tripura Fold Belt,100.0,Indian–Burma Plate Boundary,1897.0,7.5,Tripura Thrust Zone,Medium,Chittagong
Lakshmipur,5911884,Chittagong,2000,8,6,3,0,0,0,0,0,22.95,90.83,Tripura Fold Belt,100.0,Indian–Burma Plate Boundary,1897.0,7.5,Tripura Thrust Zone,Medium,Chittagong
Noakhali,1025036,Chittagong,2000,5,4,1,1,0,0,0,0,22.82,91.1,Tripura Fold Belt,90.0,Indian–Burma Plate Boundary,1897.0,7.5,Tripura Thrust Zone,Medium,Chittagong
Noakhali,4345587,Chittagong,2000,5,3,1,0,0,0,0,0,22.82,91.1,Tripura Fold Belt,90.0,Indian–Burma Plate Boundary,1897.0,7.5,Tripura Thrust Zone,Medium,Chittagong
Rangamati,2918196,Chittagong,2000,4,1,1,0,0,0,0,0,22.65,92.17,Indo‑Burma Fold Belt,50.0,Indian–Burma Plate Boundary,1762.0,7.0,Tripura Fold Belt,High,Chittagong
Rangamati,4366999,Chittagong,2000,3,1,1,0,0,0,0,0,22.65,92.17,Indo‑Burma Fold Belt,50.0,Indian–Burma Plate Boundary,1762.0,7.0,Tripura Fold Belt,High,Chittagong
Dhaka,2210017,Dhaka,2000,4,2,1,0,0,0,0,0,23.8103,90.4125,Madhupur Fault Zone,100.0,Indian–Burma Plate Boundary,1885.0,7.2,Madhupur Fault,Medium,Dhaka
Dhaka,6085123,Dhaka,2000,2,1,0,0,0,0,0,0,23.8103,90.4125,Madhupur Fault Zone,100.0,Indian–Burma Plate Boundary,1885.0,7.2,Madhupur Fault,Medium,Dhaka
Faridpur,1491308,Dhaka,2000,3,2,1,0,0,0,0,0,23.607,89.8429,Foredeep Basin,160.0,Indian–Burma Plate Boundary,1885.0,6.0,Foredeep Basin,Low,Dhaka
Faridpur,5189817,Dhaka,2000,5,4,1,0,0,0,0,0,23.607,89.8429,Foredeep Basin,160.0,Indian–Burma Plate Boundary,1885.0,6.0,Foredeep Basin,Low,Dhaka
Gazipur,691753,Dhaka,2000,4,3,2,1,0,0,0,0,24.0,90.4167,Madhupur Fault Zone,95.0,Indian–Burma Plate Boundary,1885.0,7.2,Madhupur Fault,Medium,Dhaka
Gazipur,5280908,Dhaka,2000,2,2,0,0,0,0,0,0,24.0,90.4167,Madhupur Fault Zone,95.0,Indian–Burma Plate Boundary,1885.0,7.2,Madhupur Fault,Medium,Dhaka
Gopalganj,2573187,Dhaka,2000,3,2,2,1,0,0,0,0,23.02,89.83,Foredeep Basin,170.0,Indian–Burma Plate Boundary,1885.0,6.0,Foredeep Basin,Low,Dhaka
Gopalganj,9090490,Dhaka,2000,2,1,0,0,0,0,0,0,23.02,89.83,Foredeep Basin,170.0,Indian–Burma Plate Boundary,1885.0,6.0,Foredeep Basin,Low,Dhaka
Kishoreganj,1522171,Dhaka,2000,3,1,1,0,0,0,0,0,24.44,90.77,Madhupur Fault Zone,100.0,Indian–Burma Plate Boundary,1885.0,7.2,Madhupur Fault,Medium,Dhaka
Madaripur,676762,Dhaka,2000,4,2,1,0,0,0,0,0,23.17,90.19,Foredeep Basin,150.0,Indian–Burma Plate Boundary,1885.0,6.0,Foredeep Basin,Low,Dhaka
Madaripur,9690850,Dhaka,2000,3,3,0,0,0,0,0,0,23.17,90.19,Foredeep Basin,150.0,Indian–Burma Plate Boundary,1885.0,6.0,Foredeep Basin,Low,Dhaka
Manikganj,535466,Dhaka,2000,3,1,1,0,0,0,0,0,23.86,90.0,Madhupur Fault Zone,90.0,Indian–Burma Plate Boundary,1885.0,7.2,Madhupur Fault,Medium,Dhaka
Manikganj,6892094,Dhaka,2000,5,5,2,1,0,0,0,0,23.86,90.0,Madhupur Fault Zone,90.0,Indian–Burma Plate Boundary,1885.0,7.2,Madhupur Fault,Medium,Dhaka
Munshiganj,1904884,Dhaka,2000,2,1,0,0,0,0,0,0,23.54,90.53,Foredeep Basin,130.0,Indian–Burma Plate Boundary,1885.0,6.0,Foredeep Basin,Low,Dhaka
Munshiganj,9248740,Dhaka,2000,2,2,0,0,0,0,0,0,23.54,90.53,Foredeep Basin,130.0,Indian–Burma Plate Boundary,1885.0,6.0,Foredeep Basin,Low,Dhaka
Narayanganj,900504,Dhaka,2000,4,3,1,1,0,0,0,0,23.6226,90.501,Madhupur Fault Zone,110.0,Indian–Burma Plate Boundary,1885.0,7.2,Madhupur Fault,Medium,Dhaka
Narayanganj,5555452,Dhaka,2000,4,2,1,0,0,0,0,0,23.6226,90.501,Madhupur Fault Zone,110.0,Indian–Burma Plate Boundary,1885.0,7.2,Madhupur Fault,Medium,Dhaka
Narsingdi,693561,Dhaka,2000,3,2,0,0,0,0,0,0,23.9207,90.7188,Madhupur Fault Zone,110.0,Indian–Burma Plate Boundary,1885.0,7.2,Madhupur Fault,Medium,Dhaka
Narsingdi,11641144,Dhaka,2000,2,2,1,0,0,0,0,0,23.9207,90.7188,Madhupur Fault Zone,110.0,Indian–Burma Plate Boundary,1885.0,7.2,Madhupur Fault,Medium,Dhaka
Rajbari,1344615,Dhaka,2000,3,3,1,1,0,0,0,0,23.72,89.65,Foredeep Basin,180.0,Indian–Burma Plate Boundary,1885.0,6.0,Foredeep Basin,Low,Dhaka
Rajbari,10235809,Dhaka,2000,4,2,1,1,0,0,0,0,23.72,89.65,Foredeep Basin,180.0,Indian–Burma Plate Boundary,1885.0,6.0,Foredeep Basin,Low,Dhaka
Shariatpur,1905586,Dhaka,2000,5,3,2,1,0,0,0,0,23.22,90.35,Foredeep Basin,150.0,Indian–Burma Plate Boundary,1885.0,6.0,Foredeep Basin,Low,Dhaka
Shariatpur,5618742,Dhaka,2000,10,5,4,1,0,0,0,0,23.22,90.35,Foredeep Basin,150.0,Indian–Burma Plate Boundary,1885.0,6.0,Foredeep Basin,Low,Dhaka
Tangail,2436588,Dhaka,2000,0,0,0,0,0,0,0,0,24.25,89.9167,Madhupur Fault Zone,90.0,Indian–Burma Plate Boundary,1885.0,7.2,Madhupur Fault,Medium,Dhaka
Tangail,9778631,Dhaka,2000,3,2,2,0,0,0,0,0,24.25,89.9167,Madhupur Fault Zone,90.0,Indian–Burma Plate Boundary,1885.0,7.2,Madhupur Fault,Medium,Dhaka
Bagerhat,2613647,Khulna,2000,3,1,1,0,0,0,0,0,22.65,89.7667,Stable Platform Zone,230.0,Indian–Burma Plate Boundary,1950.0,6.0,Bogra Fault,Low,Khulna
Bagerhat,852037,Khulna,2000,2,1,1,0,0,0,0,0,22.65,89.7667,Stable Platform Zone,230.0,Indian–Burma Plate Boundary,1950.0,6.0,Bogra Fault,Low,Khulna
Chuadanga,1561637,Khulna,2000,1,1,0,0,0,0,0,0,23.63,88.83,Stable Platform Zone,180.0,Indian–Burma Plate Boundary,1950.0,6.0,Stable Platform,Low,Khulna
Chuadanga,1380782,Khulna,2000,4,2,1,1,0,0,0,0,23.63,88.83,Stable Platform Zone,180.0,Indian–Burma Plate Boundary,1950.0,6.0,Stable Platform,Low,Khulna
Jessore,2791308,Khulna,2000,3,1,1,1,0,0,0,0,23.1707,89.2124,Stable Platform Zone,210.0,Indian–Burma Plate Boundary,1950.0,6.0,Stable Platform,Low,Khulna
Jessore,1021006,Khulna,2000,3,1,1,0,0,0,0,0,23.1707,89.2124,Stable Platform Zone,210.0,Indian–Burma Plate Boundary,1950.0,6.0,Stable Platform,Low,Khulna
Jhenaidah,867355,Khulna,2000,0,0,0,0,0,0,0,0,23.55,89.15,Stable Platform Zone,200.0,Indian–Burma Plate Boundary,1950.0,6.0,Stable Platform,Low,Khulna
Jhenaidah,1279422,Khulna,2000,3,1,1,0,0,0,0,0,23.55,89.15,Stable Platform Zone,200.0,Indian–Burma Plate Boundary,1950.0,6.0,Stable Platform,Low,Khulna
Khulna,1673466,Khulna,2000,0,0,0,0,0,0,0,0,22.8167,89.55,Stable Platform Zone,220.0,Indian–Burma Plate Boundary,1950.0,6.0,Bogra Fault,Low,Khulna
Khulna,1120327,Khulna,2000,4,4,1,1,0,0,0,0,22.8167,89.55,Stable Platform Zone,220.0,Indian–Burma Plate Boundary,1950.0,6.0,Bogra Fault,Low,Khulna
Kushtia,1425568,Khulna,2000,1,1,1,0,0,0,0,0,23.9,89.12,Stable Platform Zone,170.0,Indian–Burma Plate Boundary,1950.0,6.0,Stable Platform,Low,Khulna
Kushtia,1355434,Khulna,2000,2,2,1,0,0,0,0,0,23.9,89.12,Stable Platform Zone,170.0,Indian–Burma Plate Boundary,1950.0,6.0,Stable Platform,Low,Khulna
Magura,1374628,Khulna,2000,5,1,1,0,0,0,0,0,23.49,89.42,Stable Platform Zone,200.0,Indian–Burma Plate Boundary,1950.0,6.0,Stable Platform,Low,Khulna
Magura,1772622,Khulna,2000,6,5,3,1,0,0,0,0,23.49,89.42,Stable Platform Zone,200.0,Indian–Burma Plate Boundary,1950.0,6.0,Stable Platform,Low,Khulna
Meherpur,2101130,Khulna,2000,1,1,1,0,0,0,0,0,23.77,88.63,Stable Platform Zone,200.0,Indian–Burma Plate Boundary,1950.0,6.0,Stable Platform,Low,Khulna
Meherpur,1171630,Khulna,2000,3,3,2,1,0,0,0,0,23.77,88.63,Stable Platform Zone,200.0,Indian–Burma Plate Boundary,1950.0,6.0,Stable Platform,Low,Khulna
Narail,2089973,Khulna,2000,4,3,1,1,0,0,0,0,23.18,89.5,Stable Platform Zone,190.0,Indian–Burma Plate Boundary,1950.0,6.0,Stable Platform,Low,Khulna
Narail,1393552,Khulna,2000,1,0,0,0,0,0,0,0,23.18,89.5,Stable Platform Zone,190.0,Indian–Burma Plate Boundary,1950.0,6.0,Stable Platform,Low,Khulna
Satkhira,2036202,Khulna,2000,6,5,2,1,1,0,0,0,22.7234,89.0751,Stable Platform Zone,250.0,Indian–Burma Plate Boundary,1950.0,6.0,Stable Platform,Low,Khulna
Satkhira,1745502,Khulna,2000,2,1,1,0,0,0,0,0,22.7234,89.0751,Stable Platform Zone,250.0,Indian–Burma Plate Boundary,1950.0,6.0,Stable Platform,Low,Khulna
Jamalpur,575910,Mymensingh,2000,2,1,0,0,0,0,0,0,24.923,89.9501,Madhupur Fault Zone,100.0,Indian–Burma Plate Boundary,1897.0,7.5,Madhupur Fault,Medium,Mymensingh
Mymensingh,2602192,Mymensingh,2000,5,4,1,1,0,0,0,0,24.7434,90.3984,Madhupur Fault Zone,80.0,Indian–Burma Plate Boundary,1897.0,7.5,Madhupur Fault,Medium,Mymensingh
Mymensingh,765143,Mymensingh,2000,2,2,1,0,0,0,0,0,24.7434,90.3984,Madhupur Fault Zone,80.0,Indian–Burma Plate Boundary,1897.0,7.5,Madhupur Fault,Medium,Mymensingh
Sherpur,1902127,Mymensingh,2000,6,2,2,1,0,0,0,0,25.0188,90.0175,Madhupur Fault Zone,95.0,Indian–Burma Plate Boundary,1897.0,7.5,Madhupur Fault,Medium,Mymensingh
Bogra,1357342,Rajshahi,2000,2,2,0,0,0,0,0,0,24.849,89.3677,Stable Platform Zone,140.0,Indian–Burma Plate Boundary,1950.0,6.0,Bogra Fault,Low,Rajshahi
Bogra,970132,Rajshahi,2000,5,1,1,1,0,0,0,0,24.849,89.3677,Stable Platform Zone,140.0,Indian–Burma Plate Boundary,1950.0,6.0,Bogra Fault,Low,Rajshahi
Joypurhat,963557,Rajshahi,2000,3,2,0,0,0,0,0,0,25.1,89.02,Stable Platform Zone,160.0,Indian–Burma Plate Boundary,1950.0,6.0,Stable Platform,Low,Rajshahi
Joypurhat,798883,Rajshahi,2000,4,3,0,0,0,0,0,0,25.1,89.02,Stable Platform Zone,160.0,Indian–Burma Plate Boundary,1950.0,6.0,Stable Platform,Low,Rajshahi
Naogaon,2080894,Rajshahi,2000,3,1,1,1,0,0,0,0,24.81,88.94,Stable Platform Zone,190.0,Indian–Burma Plate Boundary,1950.0,6.0,Bogra Fault,Low,Rajshahi
Naogaon,502420,Rajshahi,2000,2,1,1,0,0,0,0,0,24.81,88.94,Stable Platform Zone,190.0,Indian–Burma Plate Boundary,1950.0,6.0,Bogra Fault,Low,Rajshahi
Natore,557391,Rajshahi,2000,1,1,1,0,0,0,0,0,24.42,89.0,Stable Platform Zone,190.0,Indian–Burma Plate Boundary,1950.0,6.0,Bogra Fault,Low,Rajshahi
Natore,551430,Rajshahi,2000,0,0,0,0,0,0,0,0,24.42,89.0,Stable Platform Zone,190.0,Indian–Burma Plate Boundary,1950.0,6.0,Bogra Fault,Low,Rajshahi
Pabna,1063066,Rajshahi,2000,3,1,1,1,0,0,0,0,24.0064,89.2493,Stable Platform Zone,160.0,Indian–Burma Plate Boundary,1950.0,6.0,Stable Platform,Low,Rajshahi
Pabna,1076973,Rajshahi,2000,3,0,0,0,0,0,0,0,24.0064,89.2493,Stable Platform Zone,160.0,Indian–Burma Plate Boundary,1950.0,6.0,Stable Platform,Low,Rajshahi
Rajshahi,1935723,Rajshahi,2000,6,4,2,0,0,0,0,0,24.3745,88.6042,Stable Platform Zone,200.0,Indian–Burma Plate Boundary,1950.0,6.0,Bogra Fault,Low,Rajshahi
Rajshahi,454205,Rajshahi,2000,2,1,0,0,0,0,0,0,24.3745,88.6042,Stable Platform Zone,200.0,Indian–Burma Plate Boundary,1950.0,6.0,Bogra Fault,Low,Rajshahi
Sirajganj,879390,Rajshahi,2000,4,3,1,1,0,0,0,0,24.45,89.71,Stable Platform Zone,150.0,Indian–Burma Plate Boundary,1950.0,6.0,Stable Platform,Low,Rajshahi
Sirajganj,588567,Rajshahi,2000,2,2,1,1,0,0,0,0,24.45,89.71,Stable Platform Zone,150.0,Indian–Burma Plate Boundary,1950.0,6.0,Stable Platform,Low,Rajshahi
Dinajpur,1877152,Rangpur,2000,2,1,1,0,0,0,0,0,25.625,88.65,Stable Platform Zone,120.0,Indian–Burma Plate Boundary,1950.0,6.5,Himalayan Frontal Zone,Medium,Rangpur
Dinajpur,314858,Rangpur,2000,2,1,1,1,0,0,0,0,25.625,88.65,Stable Platform Zone,120.0,Indian–Burma Plate Boundary,1950.0,6.5,Himalayan Frontal Zone,Medium,Rangpur
Gaibandha,1602471,Rangpur,2000,5,3,1,1,0,0,0,0,25.33,89.55,Stable Platform Zone,130.0,Indian–Eurasian Plate Boundary,1950.0,6.5,Bogra Fault,Medium,Rangpur
Gaibandha,927696,Rangpur,2000,4,2,2,1,1,0,0,0,25.33,89.55,Stable Platform Zone,130.0,Indian–Eurasian Plate Boundary,1950.0,6.5,Bogra Fault,Medium,Rangpur
Kurigram,2577444,Rangpur,2000,2,2,0,0,0,0,0,0,25.81,89.65,Himalayan Frontal Zone,110.0,Indian–Eurasian Plate Boundary,1950.0,8.6,Assam Fault Belt,High,Rangpur
Kurigram,322306,Rangpur,2000,4,4,0,0,0,0,0,0,25.81,89.65,Himalayan Frontal Zone,110.0,Indian–Eurasian Plate Boundary,1950.0,8.6,Assam Fault Belt,High,Rangpur
Lalmonirhat,2143807,Rangpur,2000,8,7,4,2,1,0,0,0,25.92,89.45,Himalayan Frontal Zone,100.0,Indian–Eurasian Plate Boundary,1950.0,8.6,Assam Fault Belt,High,Rangpur
Lalmonirhat,485736,Rangpur,2000,8,4,3,2,0,0,0,0,25.92,89.45,Himalayan Frontal Zone,100.0,Indian–Eurasian Plate Boundary,1950.0,8.6,Assam Fault Belt,High,Rangpur
Nilphamari,1841945,Rangpur,2000,4,2,2,0,0,0,0,0,25.95,88.85,Himalayan Frontal Zone,110.0,Indian–Eurasian Plate Boundary,1950.0,8.6,Assam Fault Belt,High,Rangpur
Nilphamari,771207,Rangpur,2000,6,4,3,0,0,0,0,0,25.95,88.85,Himalayan Frontal Zone,110.0,Indian–Eurasian Plate Boundary,1950.0,8.6,Assam Fault Belt,High,Rangpur
Panchagarh,592063,Rangpur,2000,5,3,0,0,0,0,0,0,26.33,88.56,Himalayan Frontal Zone,90.0,Indian–Eurasian Plate Boundary,1950.0,8.6,Assam Fault Belt,High,Rangpur
Panchagarh,840468,Rangpur,2000,3,2,1,0,0,0,0,0,26.33,88.56,Himalayan Frontal Zone,90.0,Indian–Eurasian Plate Boundary,1950.0,8.6,Assam Fault Belt,High,Rangpur
Rangpur,1534010,Rangpur,2000,2,2,1,0,0,0,0,0,25.7449,89.2756,Stable Platform Zone,130.0,Indian–Burma Plate Boundary,1950.0,6.5,Himalayan Frontal Zone,Medium,Rangpur
Rangpur,843205,Rangpur,2000,4,3,0,0,0,0,0,0,25.7449,89.2756,Stable Platform Zone,130.0,Indian–Burma Plate Boundary,1950.0,6.5,Himalayan Frontal Zone,Medium,Rangpur
Thakurgaon,2398780,Rangpur,2000,5,5,2,0,0,0,0,0,26.02,88.46,Himalayan Frontal Zone,100.0,Indian–Eurasian Plate Boundary,1950.0,8.6,Assam Fault Belt,High,Rangpur
Thakurgaon,825884,Rangpur,2000,7,5,3,1,1,1,0,0,26.02,88.46,Himalayan Frontal Zone,100.0,Indian–Eurasian Plate Boundary,1950.0,8.6,Assam Fault Belt,High,Rangpur
Habiganj,1056335,Sylhet,2000,9,7,3,1,0,0,0,0,24.38,91.42,Tripura Fold Belt,80.0,Indian–Burma Plate Boundary,1918.0,7.0,Tripura Thrust Zone,Medium,Sylhet
Habiganj,277229,Sylhet,2000,9,6,2,1,0,0,0,0,24.38,91.42,Tripura Fold Belt,80.0,Indian–Burma Plate Boundary,1918.0,7.0,Tripura Thrust Zone,Medium,Sylhet
Moulvibazar,1039133,Sylhet,2000,5,3,2,0,0,0,0,0,24.48,91.77,Dauki Fault Zone,35.0,Indian–Burma Plate Boundary,1918.0,7.5,Dauki Fault,High,Sylhet
Moulvibazar,524899,Sylhet,2000,7,5,2,0,0,0,0,0,24.48,91.77,Dauki Fault Zone,35.0,Indian–Burma Plate Boundary,1918.0,7.5,Dauki Fault,High,Sylhet
Sunamganj,2137342,Sylhet,2000,10,5,2,1,1,0,0,0,25.07,91.4,Dauki Fault Zone,45.0,Indian–Burma Plate Boundary,1918.0,7.5,Dauki Fault,High,Sylhet
Sunamganj,291200,Sylhet,2000,13,7,3,0,0,0,0,0,25.07,91.4,Dauki Fault Zone,45.0,Indian–Burma Plate Boundary,1918.0,7.5,Dauki Fault,High,Sylhet
Sylhet,627527,Sylhet,2000,9,5,2,1,0,0,0,0,24.899,91.872,Dauki Fault Zone,30.0,Indian–Burma Plate Boundary,1918.0,7.5,Dauki Fault,High,Sylhet
Sylhet,345226,Sylhet,2000,7,4,1,1,0,0,0,0,24.899,91.872,Dauki Fault Zone,30.0,Indian–Burma Plate Boundary,1918.0,7.5,Dauki Fault,High,Sylhet
Barguna,1219286,Barisal,2001,4,1,1,0,0,0,0,0,22.15,90.13,Foredeep Basin,210.0,Indian–Burma Plate Boundary,1950.0,5.5,Foredeep Basin,Low,Barishal
Barguna,549870,Barisal,2001,1,0,0,0,0,0,0,0,22.15,90.13,Foredeep Basin,210.0,Indian–Burma Plate Boundary,1950.0,5.5,Foredeep Basin,Low,Barishal
Barishal,1985468,Barisal,2001,0,0,0,0,0,0,0,0,22.7,90.37,Foredeep Basin,180.0,Indian–Burma Plate Boundary,1950.0,5.5,Foredeep Basin,Low,Barishal
Barishal,288131,Barisal,2001,6,4,3,1,1,0,0,0,22.7,90.37,Foredeep Basin,180.0,Indian–Burma Plate Boundary,1950.0,5.5,Foredeep Basin,Low,Barishal
Bhola,2226644,Barisal,2001,3,1,0,0,0,0,0,0,22.69,90.65,Foredeep Basin,190.0,Indian–Burma Plate Boundary,1950.0,5.5,Foredeep Basin,Low,Barishal
Bhola,752520,Barisal,2001,3,2,1,1,0,0,0,0,22.69,90.65,Foredeep Basin,190.0,Indian–Burma Plate Boundary,1950.0,5.5,Foredeep Basin,Low,Barishal
Patuakhali,1794828,Barisal,2001,3,1,0,0,0,0,0,0,22.35,90.3,Foredeep Basin,200.0,Indian–Burma Plate Boundary,1950.0,5.5,Foredeep Basin,Low,Barishal
Patuakhali,585150,Barisal,2001,2,1,0,0,0,0,0,0,22.35,90.3,Foredeep Basin,200.0,Indian–Burma Plate Boundary,1950.0,5.5,Foredeep Basin,Low,Barishal
Pirojpur,1033797,Barisal,2001,2,2,0,0,0,0,0,0,22.58,89.98,Foredeep Basin,180.0,Indian–Burma Plate Boundary,1950.0,5.5,Foredeep Basin,Low,Barishal
Pirojpur,129346,Barisal,2001,2,2,0,0,0,0,0,0,22.58,89.98,Foredeep Basin,180.0,Indian–Burma Plate Boundary,1950.0,5.5,Foredeep Basin,Low,Barishal
Bandarban,2393097,Chittagong,2001,3,3,1,1,1,0,0,0,22.194,92.218,Indo‑Burma Fold Belt,25.0,Indian–Burma Plate Boundary,1762.0,8.0,Chittagong Hill Tracts Fold Belt,High,Chittagong
Bandarban,4276880,Chittagong,2001,7,4,4,0,0,0,0,0,22.194,92.218,Indo‑Burma Fold Belt,25.0,Indian–Burma Plate Boundary,1762.0,8.0,Chittagong Hill Tracts Fold Belt,High,Chittagong
Brahmanbaria,1695777,Chittagong,2001,4,1,1,0,0,0,0,0,23.96,91.11,Tripura Fold Belt,85.0,Indian–Burma Plate Boundary,1897.0,7.5,Tripura Thrust Zone,Medium,Chittagong
Brahmanbaria,4696768,Chittagong,2001,0,0,0,0,0,0,0,0,23.96,91.11,Tripura Fold Belt,85.0,Indian–Burma Plate Boundary,1897.0,7.5,Tripura Thrust Zone,Medium,Chittagong
Chandpur,1991566,Chittagong,2001,2,1,1,0,0,0,0,0,23.23,90.65,Foredeep Basin,150.0,Indian–Burma Plate Boundary,1897.0,6.5,Surma Basin,Low,Chittagong
Chandpur,5858055,Chittagong,2001,8,5,1,1,0,0,0,0,23.23,90.65,Foredeep Basin,150.0,Indian–Burma Plate Boundary,1897.0,6.5,Surma Basin,Low,Chittagong
Chittagong,747068,Chittagong,2001,10,5,3,2,0,0,0,0,22.3419,91.8155,Indo‑Burma Subduction Zone,25.0,Indian–Burma Plate Boundary,1762.0,8.5,Arakan–Burma Subduction,High,Chittagong
Chittagong,3313283,Chittagong,2001,7,2,2,1,1,0,0,0,22.3419,91.8155,Indo‑Burma Subduction Zone,25.0,Indian–Burma Plate Boundary,1762.0,8.5,Arakan–Burma Subduction,High,Chittagong
Comilla,677152,Chittagong,2001,7,2,2,0,0,0,0,0,23.45,91.1999,Tripura Fold Belt,80.0,Indian–Burma Plate Boundary,1897.0,7.5,Tripura Thrust Zone,Medium,Chittagong
Comilla,3863641,Chittagong,2001,6,4,1,1,0,0,0,0,23.45,91.1999,Tripura Fold Belt,80.0,Indian–Burma Plate Boundary,1897.0,7.5,Tripura Thrust Zone,Medium,Chittagong
Cox's Bazar,1421103,Chittagong,2001,6,5,1,0,0,0,0,0,21.4272,92.0058,Indo‑Burma Subduction Zone,15.0,Indian–Burma Plate Boundary,1762.0,8.5,Arakan Subduction,High,Chittagong
Cox's Bazar,5232489,Chittagong,2001,8,4,2,0,0,0,0,0,21.4272,92.0058,Indo‑Burma Subduction Zone,15.0,Indian–Burma Plate Boundary,1762.0,8.5,Arakan Subduction,High,Chittagong
Feni,1807455,Chittagong,2001,2,1,0,0,0,0,0,0,23.02,91.4,Tripura Fold Belt,90.0,Indian–Burma Plate Boundary,1897.0,7.5,Tripura Thrust Zone,Medium,Chittagong
Feni,5787889,Chittagong,2001,7,2,2,1,0,0,0,0,23.02,91.4,Tripura Fold Belt,90.0,Indian–Burma Plate Boundary,1897.0,7.5,Tripura Thrust Zone,Medium,Chittagong
Lakshmipur,2257549,Chittagong,2001,3,1,1,0,0,0,0,0,22.95,90.83,Tripura Fold Belt,100.0,Indian–Burma Plate Boundary,1897.0,7.5,Tripura Thrust Zone,Medium,Chittagong
Lakshmipur,2481900,Chittagong,2001,7,4,4,3,1,0,0,0,22.95,90.83,Tripura Fold Belt,100.0,Indian–Burma Plate Boundary,1897.0,7.5,Tripura Thrust Zone,Medium,Chittagong
Noakhali,1498359,Chittagong,2001,5,4,3,0,0,0,0,0,22.82,91.1,Tripura Fold Belt,90.0,Indian–Burma Plate Boundary,1897.0,7.5,Tripura Thrust Zone,Medium,Chittagong
Noakhali,2330058,Chittagong,2001,8,4,2,2,0,0,0,0,22.82,91.1,Tripura Fold Belt,90.0,Indian–Burma Plate Boundary,1897.0,7.5,Tripura Thrust Zone,Medium,Chittagong
Rangamati,2463504,Chittagong,2001,6,5,1,1,1,1,0,0,22.65,92.17,Indo‑Burma Fold Belt,50.0,Indian–Burma Plate Boundary,1762.0,7.0,Tripura Fold Belt,High,Chittagong
Rangamati,2312804,Chittagong,2001,7,5,0,0,0,0,0,0,22.65,92.17,Indo‑Burma Fold Belt,50.0,Indian–Burma Plate Boundary,1762.0,7.0,Tripura Fold Belt,High,Chittagong
Dhaka,2587839,Dhaka,2001,2,2,1,0,0,0,0,0,23.8103,90.4125,Madhupur Fault Zone,100.0,Indian–Burma Plate Boundary,1885.0,7.2,Madhupur Fault,Medium,Dhaka
Dhaka,7165223,Dhaka,2001,1,1,0,0,0,0,0,0,23.8103,90.4125,Madhupur Fault Zone,100.0,Indian–Burma Plate Boundary,1885.0,7.2,Madhupur Fault,Medium,Dhaka
Faridpur,2624714,Dhaka,2001,3,3,2,0,0,0,0,0,23.607,89.8429,Foredeep Basin,160.0,Indian–Burma Plate Boundary,1885.0,6.0,Foredeep Basin,Low,Dhaka
Faridpur,6287895,Dhaka,2001,6,4,1,1,1,0,0,0,23.607,89.8429,Foredeep Basin,160.0,Indian–Burma Plate Boundary,1885.0,6.0,Foredeep Basin,Low,Dhaka
Gazipur,2107432,Dhaka,2001,4,2,2,2,0,0,0,0,24.0,90.4167,Madhupur Fault Zone,95.0,Indian–Burma Plate Boundary,1885.0,7.2,Madhupur Fault,Medium,Dhaka
Gazipur,8544199,Dhaka,2001,5,5,0,0,0,0,0,0,24.0,90.4167,Madhupur Fault Zone,95.0,Indian–Burma Plate Boundary,1885.0,7.2,Madhupur Fault,Medium,Dhaka
Gopalganj,1739690,Dhaka,2001,3,1,1,0,0,0,0,0,23.02,89.83,Foredeep Basin,170.0,Indian–Burma Plate Boundary,1885.0,6.0,Foredeep Basin,Low,Dhaka
Gopalganj,5096017,Dhaka,2001,3,1,1,1,0,0,0,0,23.02,89.83,Foredeep Basin,170.0,Indian–Burma Plate Boundary,1885.0,6.0,Foredeep Basin,Low,Dhaka
Kishoreganj,615974,Dhaka,2001,4,3,2,1,1,0,0,0,24.44,90.77,Madhupur Fault Zone,100.0,Indian–Burma Plate Boundary,1885.0,7.2,Madhupur Fault,Medium,Dhaka
Madaripur,1924201,Dhaka,2001,3,2,1,0,0,0,0,0,23.17,90.19,Foredeep Basin,150.0,Indian–Burma Plate Boundary,1885.0,6.0,Foredeep Basin,Low,Dhaka
Madaripur,8704018,Dhaka,2001,4,3,2,1,0,0,0,0,23.17,90.19,Foredeep Basin,150.0,Indian–Burma Plate Boundary,1885.0,6.0,Foredeep Basin,Low,Dhaka
Manikganj,2397251,Dhaka,2001,4,0,0,0,0,0,0,0,23.86,90.0,Madhupur Fault Zone,90.0,Indian–Burma Plate Boundary,1885.0,7.2,Madhupur Fault,Medium,Dhaka
Manikganj,8604670,Dhaka,2001,2,1,1,1,0,0,0,0,23.86,90.0,Madhupur Fault Zone,90.0,Indian–Burma Plate Boundary,1885.0,7.2,Madhupur Fault,Medium,Dhaka
Munshiganj,1975933,Dhaka,2001,2,0,0,0,0,0,0,0,23.54,90.53,Foredeep Basin,130.0,Indian–Burma Plate Boundary,1885.0,6.0,Foredeep Basin,Low,Dhaka
Munshiganj,6752033,Dhaka,2001,6,3,1,1,0,0,0,0,23.54,90.53,Foredeep Basin,130.0,Indian–Burma Plate Boundary,1885.0,6.0,Foredeep Basin,Low,Dhaka
Narayanganj,1809891,Dhaka,2001,3,3,0,0,0,0,0,0,23.6226,90.501,Madhupur Fault Zone,110.0,Indian–Burma Plate Boundary,1885.0,7.2,Madhupur Fault,Medium,Dhaka
Narayanganj,5909342,Dhaka,2001,3,2,1,1,0,0,0,0,23.6226,90.501,Madhupur Fault Zone,110.0,Indian–Burma Plate Boundary,1885.0,7.2,Madhupur Fault,Medium,Dhaka
Narsingdi,2917684,Dhaka,2001,1,1,0,0,0,0,0,0,23.9207,90.7188,Madhupur Fault Zone,110.0,Indian–Burma Plate Boundary,1885.0,7.2,Madhupur Fault,Medium,Dhaka
Narsingdi,9917851,Dhaka,2001,5,3,1,0,0,0,0,0,23.9207,90.7188,Madhupur Fault Zone,110.0,Indian–Burma Plate Boundary,1885.0,7.2,Madhupur Fault,Medium,Dhaka
Rajbari,1862071,Dhaka,2001,4,3,0,0,0,0,0,0,23.72,89.65,Foredeep Basin,180.0,Indian–Burma Plate Boundary,1885.0,6.0,Foredeep Basin,Low,Dhaka
Rajbari,6507853,Dhaka,2001,2,0,0,0,0,0,0,0,23.72,89.65,Foredeep Basin,180.0,Indian–Burma Plate Boundary,1885.0,6.0,Foredeep Basin,Low,Dhaka
Shariatpur,2065913,Dhaka,2001,1,1,1,0,0,0,0,0,23.22,90.35,Foredeep Basin,150.0,Indian–Burma Plate Boundary,1885.0,6.0,Foredeep Basin,Low,Dhaka
Shariatpur,7105857,Dhaka,2001,1,1,1,0,0,0,0,0,23.22,90.35,Foredeep Basin,150.0,Indian–Burma Plate Boundary,1885.0,6.0,Foredeep Basin,Low,Dhaka
Tangail,782446,Dhaka,2001,3,3,1,1,0,0,0,0,24.25,89.9167,Madhupur Fault Zone,90.0,Indian–Burma Plate Boundary,1885.0,7.2,Madhupur Fault,Medium,Dhaka
Tangail,11085454,Dhaka,2001,3,2,1,0,0,0,0,0,24.25,89.9167,Madhupur Fault Zone,90.0,Indian–Burma Plate Boundary,1885.0,7.2,Madhupur Fault,Medium,Dhaka
Bagerhat,1295710,Khulna,2001,2,0,0,0,0,0,0,0,22.65,89.7667,Stable Platform Zone,230.0,Indian–Burma Plate Boundary,1950.0,6.0,Bogra Fault,Low,Khulna
Bagerhat,1116468,Khulna,2001,2,1,0,0,0,0,0,0,22.65,89.7667,Stable Platform Zone,230.0,Indian–Burma Plate Boundary,1950.0,6.0,Bogra Fault,Low,Khulna
Chuadanga,1707682,Khulna,2001,4,2,0,0,0,0,0,0,23.63,88.83,Stable Platform Zone,180.0,Indian–Burma Plate Boundary,1950.0,6.0,Stable Platform,Low,Khulna
Chuadanga,1618256,Khulna,2001,5,1,1,1,0,0,0,0,23.63,88.83,Stable Platform Zone,180.0,Indian–Burma Plate Boundary,1950.0,6.0,Stable Platform,Low,Khulna
Jessore,1065016,Khulna,2001,1,1,0,0,0,0,0,0,23.1707,89.2124,Stable Platform Zone,210.0,Indian–Burma Plate Boundary,1950.0,6.0,Stable Platform,Low,Khulna
Jessore,677859,Khulna,2001,4,2,1,1,0,0,0,0,23.1707,89.2124,Stable Platform Zone,210.0,Indian–Burma Plate Boundary,1950.0,6.0,Stable Platform,Low,Khulna
Jhenaidah,2454360,Khulna,2001,2,1,0,0,0,0,0,0,23.55,89.15,Stable Platform Zone,200.0,Indian–Burma Plate Boundary,1950.0,6.0,Stable Platform,Low,Khulna
Jhenaidah,1339971,Khulna,2001,3,2,0,0,0,0,0,0,23.55,89.15,Stable Platform Zone,200.0,Indian–Burma Plate Boundary,1950.0,6.0,Stable Platform,Low,Khulna
Khulna,2295059,Khulna,2001,2,1,0,0,0,0,0,0,22.8167,89.55,Stable Platform Zone,220.0,Indian–Burma Plate Boundary,1950.0,6.0,Bogra Fault,Low,Khulna
Khulna,1619194,Khulna,2001,1,0,0,0,0,0,0,0,22.8167,89.55,Stable Platform Zone,220.0,Indian–Burma Plate Boundary,1950.0,6.0,Bogra Fault,Low,Khulna
Kushtia,1555657,Khulna,2001,2,1,0,0,0,0,0,0,23.9,89.12,Stable Platform Zone,170.0,Indian–Burma Plate Boundary,1950.0,6.0,Stable Platform,Low,Khulna
Kushtia,700709,Khulna,2001,3,2,1,0,0,0,0,0,23.9,89.12,Stable Platform Zone,170.0,Indian–Burma Plate Boundary,1950.0,6.0,Stable Platform,Low,Khulna
Magura,2440149,Khulna,2001,4,3,0,0,0,0,0,0,23.49,89.42,Stable Platform Zone,200.0,Indian–Burma Plate Boundary,1950.0,6.0,Stable Platform,Low,Khulna
Magura,897487,Khulna,2001,2,1,1,0,0,0,0,0,23.49,89.42,Stable Platform Zone,200.0,Indian–Burma Plate Boundary,1950.0,6.0,Stable Platform,Low,Khulna
Meherpur,1294707,Khulna,2001,5,4,2,1,0,0,0,0,23.77,88.63,Stable Platform Zone,200.0,Indian–Burma Plate Boundary,1950.0,6.0,Stable Platform,Low,Khulna
Meherpur,1028940,Khulna,2001,4,3,1,1,0,0,0,0,23.77,88.63,Stable Platform Zone,200.0,Indian–Burma Plate Boundary,1950.0,6.0,Stable Platform,Low,Khulna
Narail,1734516,Khulna,2001,2,1,0,0,0,0,0,0,23.18,89.5,Stable Platform Zone,190.0,Indian–Burma Plate Boundary,1950.0,6.0,Stable Platform,Low,Khulna
Narail,1772902,Khulna,2001,5,3,0,0,0,0,0,0,23.18,89.5,Stable Platform Zone,190.0,Indian–Burma Plate Boundary,1950.0,6.0,Stable Platform,Low,Khulna
Satkhira,808761,Khulna,2001,1,0,0,0,0,0,0,0,22.7234,89.0751,Stable Platform Zone,250.0,Indian–Burma Plate Boundary,1950.0,6.0,Stable Platform,Low,Khulna
Satkhira,1507630,Khulna,2001,4,2,2,1,1,0,0,0,22.7234,89.0751,Stable Platform Zone,250.0,Indian–Burma Plate Boundary,1950.0,6.0,Stable Platform,Low,Khulna
Jamalpur,1362713,Mymensingh,2001,5,3,3,2,0,0,0,0,24.923,89.9501,Madhupur Fault Zone,100.0,Indian–Burma Plate Boundary,1897.0,7.5,Madhupur Fault,Medium,Mymensingh
Mymensingh,1457365,Mymensingh,2001,1,0,0,0,0,0,0,0,24.7434,90.3984,Madhupur Fault Zone,80.0,Indian–Burma Plate Boundary,1897.0,7.5,Madhupur Fault,Medium,Mymensingh
Mymensingh,879270,Mymensingh,2001,3,3,2,1,0,0,0,0,24.7434,90.3984,Madhupur Fault Zone,80.0,Indian–Burma Plate Boundary,1897.0,7.5,Madhupur Fault,Medium,Mymensingh
Sherpur,1277628,Mymensingh,2001,3,2,2,2,0,0,0,0,25.0188,90.0175,Madhupur Fault Zone,95.0,Indian–Burma Plate Boundary,1897.0,7.5,Madhupur Fault,Medium,Mymensingh
Bogra,442367,Rajshahi,2001,3,2,0,0,0,0,0,0,24.849,89.3677,Stable Platform Zone,140.0,Indian–Burma Plate Boundary,1950.0,6.0,Bogra Fault,Low,Rajshahi
Bogra,1184744,Rajshahi,2001,4,1,1,1,0,0,0,0,24.849,89.3677,Stable Platform Zone,140.0,Indian–Burma Plate Boundary,1950.0,6.0,Bogra Fault,Low,Rajshahi
Joypurhat,1682112,Rajshahi,2001,0,0,0,0,0,0,0,0,25.1,89.02,Stable Platform Zone,160.0,Indian–Burma Plate Boundary,1950.0,6.0,Stable Platform,Low,Rajshahi
Joypurhat,854196,Rajshahi,2001,4,3,1,0,0,0,0,0,25.1,89.02,Stable Platform Zone,160.0,Indian–Burma Plate Boundary,1950.0,6.0,Stable Platform,Low,Rajshahi
Naogaon,1541882,Rajshahi,2001,6,2,2,1,0,0,0,0,24.81,88.94,Stable Platform Zone,190.0,Indian–Burma Plate Boundary,1950.0,6.0,Bogra Fault,Low,Rajshahi
Naogaon,653041,Rajshahi,2001,4,2,0,0,0,0,0,0,24.81,88.94,Stable Platform Zone,190.0,Indian–Burma Plate Boundary,1950.0,6.0,Bogra Fault,Low,Rajshahi
Natore,1925624,Rajshahi,2001,2,2,1,0,0,0,0,0,24.42,89.0,Stable Platform Zone,190.0,Indian–Burma Plate Boundary,1950.0,6.0,Bogra Fault,Low,Rajshahi
Natore,861713,Rajshahi,2001,1,1,0,0,0,0,0,0,24.42,89.0,Stable Platform Zone,190.0,Indian–Burma Plate Boundary,1950.0,6.0,Bogra Fault,Low,Rajshahi
Pabna,2830715,Rajshahi,2001,1,1,0,0,0,0,0,0,24.0064,89.2493,Stable Platform Zone,160.0,Indian–Burma Plate Boundary,1950.0,6.0,Stable Platform,Low,Rajshahi
Pabna,510243,Rajshahi,2001,2,0,0,0,0,0,0,0,24.0064,89.2493,Stable Platform Zone,160.0,Indian–Burma Plate Boundary,1950.0,6.0,Stable Platform,Low,Rajshahi
Rajshahi,692684,Rajshahi,2001,0,0,0,0,0,0,0,0,24.3745,88.6042,Stable Platform Zone,200.0,Indian–Burma Plate Boundary,1950.0,6.0,Bogra Fault,Low,Rajshahi
Rajshahi,818859,Rajshahi,2001,2,0,0,0,0,0,0,0,24.3745,88.6042,Stable Platform Zone,200.0,Indian–Burma Plate Boundary,1950.0,6.0,Bogra Fault,Low,Rajshahi
Sirajganj,1818037,Rajshahi,2001,1,1,0,0,0,0,0,0,24.45,89.71,Stable Platform Zone,150.0,Indian–Burma Plate Boundary,1950.0,6.0,Stable Platform,Low,Rajshahi
Sirajganj,411570,Rajshahi,2001,5,3,3,0,0,0,0,0,24.45,89.71,Stable Platform Zone,150.0,Indian–Burma Plate Boundary,1950.0,6.0,Stable Platform,Low,Rajshahi
Dinajpur,1908015,Rangpur,2001,2,2,0,0,0,0,0,0,25.625,88.65,Stable Platform Zone,120.0,Indian–Burma Plate Boundary,1950.0,6.5,Himalayan Frontal Zone,Medium,Rangpur
Dinajpur,284837,Rangpur,2001,4,1,1,0,0,0,0,0,25.625,88.65,Stable Platform Zone,120.0,Indian–Burma Plate Boundary,1950.0,6.5,Himalayan Frontal Zone,Medium,Rangpur
Gaibandha,612596,Rangpur,2001,3,2,0,0,0,0,0,0,25.33,89.55,Stable Platform Zone,130.0,Indian–Eurasian Plate Boundary,1950.0,6.5,Bogra Fault,Medium,Rangpur
Gaibandha,123078,Rangpur,2001,4,3,3,0,0,0,0,0,25.33,89.55,Stable Platform Zone,130.0,Indian–Eurasian Plate Boundary,1950.0,6.5,Bogra Fault,Medium,Rangpur
Kurigram,2412383,Rangpur,2001,3,2,1,1,0,0,0,0,25.81,89.65,Himalayan Frontal Zone,110.0,Indian–Eurasian Plate Boundary,1950.0,8.6,Assam Fault Belt,High,Rangpur
Kurigram,804201,Rangpur,2001,5,4,1,0,0,0,0,0,25.81,89.65,Himalayan Frontal Zone,110.0,Indian–Eurasian Plate Boundary,1950.0,8.6,Assam Fault Belt,High,Rangpur
Lalmonirhat,2094835,Rangpur,2001,4,1,1,1,0,0,0,0,25.92,89.45,Himalayan Frontal Zone,100.0,Indian–Eurasian Plate Boundary,1950.0,8.6,Assam Fault Belt,High,Rangpur
Lalmonirhat,649196,Rangpur,2001,4,3,2,2,0,0,0,0,25.92,89.45,Himalayan Frontal Zone,100.0,Indian–Eurasian Plate Boundary,1950.0,8.6,Assam Fault Belt,High,Rangpur
Nilphamari,2905415,Rangpur,2001,2,1,0,0,0,0,0,0,25.95,88.85,Himalayan Frontal Zone,110.0,Indian–Eurasian Plate Boundary,1950.0,8.6,Assam Fault Belt,High,Rangpur
Nilphamari,830019,Rangpur,2001,5,1,1,0,0,0,0,0,25.95,88.85,Himalayan Frontal Zone,110.0,Indian–Eurasian Plate Boundary,1950.0,8.6,Assam Fault Belt,High,Rangpur
Panchagarh,1092997,Rangpur,2001,2,2,2,0,0,0,0,0,26.33,88.56,Himalayan Frontal Zone,90.0,Indian–Eurasian Plate Boundary,1950.0,8.6,Assam Fault Belt,High,Rangpur
Panchagarh,915643,Rangpur,2001,4,1,1,0,0,0,0,0,26.33,88.56,Himalayan Frontal Zone,90.0,Indian–Eurasian Plate Boundary,1950.0,8.6,Assam Fault Belt,High,Rangpur
Rangpur,1191919,Rangpur,2001,3,2,0,0,0,0,0,0,25.7449,89.2756,Stable Platform Zone,130.0,Indian–Burma Plate Boundary,1950.0,6.5,Himalayan Frontal Zone,Medium,Rangpur
Rangpur,829560,Rangpur,2001,4,1,1,1,0,0,0,0,25.7449,89.2756,Stable Platform Zone,130.0,Indian–Burma Plate Boundary,1950.0,6.5,Himalayan Frontal Zone,Medium,Rangpur
Thakurgaon,2499071,Rangpur,2001,1,0,0,0,0,0,0,0,26.02,88.46,Himalayan Frontal Zone,100.0,Indian–Eurasian Plate Boundary,1950.0,8.6,Assam Fault Belt,High,Rangpur
Thakurgaon,546186,Rangpur,2001,1,1,0,0,0,0,0,0,26.02,88.46,Himalayan Frontal Zone,100.0,Indian–Eurasian Plate Boundary,1950.0,8.6,Assam Fault Belt,High,Rangpur
Habiganj,2260671,Sylhet,2001,8,5,2,1,0,0,0,0,24.38,91.42,Tripura Fold Belt,80.0,Indian–Burma Plate Boundary,1918.0,7.0,Tripura Thrust Zone,Medium,Sylhet
Habiganj,827702,Sylhet,2001,7,4,3,1,1,0,0,0,24.38,91.42,Tripura Fold Belt,80.0,Indian–Burma Plate Boundary,1918.0,7.0,Tripura Thrust Zone,Medium,Sylhet
Moulvibazar,2476600,Sylhet,2001,5,4,0,0,0,0,0,0,24.48,91.77,Dauki Fault Zone,35.0,Indian–Burma Plate Boundary,1918.0,7.5,Dauki Fault,High,Sylhet
Moulvibazar,638076,Sylhet,2001,5,1,1,0,0,0,0,0,24.48,91.77,Dauki Fault Zone,35.0,Indian–Burma Plate Boundary,1918.0,7.5,Dauki Fault,High,Sylhet
Sunamganj,1405826,Sylhet,2001,7,4,2,0,0,0,0,0,25.07,91.4,Dauki Fault Zone,45.0,Indian–Burma Plate Boundary,1918.0,7.5,Dauki Fault,High,Sylhet
Sunamganj,561485,Sylhet,2001,6,3,2,1,0,0,0,0,25.07,91.4,Dauki Fault Zone,45.0,Indian–Burma Plate Boundary,1918.0,7.5,Dauki Fault,High,Sylhet
Sylhet,2813439,Sylhet,2001,11,5,2,2,0,0,0,0,24.899,91.872,Dauki Fault Zone,30.0,Indian–Burma Plate Boundary,1918.0,7.5,Dauki Fault,High,Sylhet
Sylhet,742972,Sylhet,2001,4,3,3,0,0,0,0,0,24.899,91.872,Dauki Fault Zone,30.0,Indian–Burma Plate Boundary,1918.0,7.5,Dauki Fault,High,Sylhet
Barguna,2639834,Barisal,2002,3,2,0,0,0,0,0,0,22.15,90.13,Foredeep Basin,210.0,Indian–Burma Plate Boundary,1950.0,5.5,Foredeep Basin,Low,Barishal
Barguna,682145,Barisal,2002,2,2,0,0,0,0,0,0,22.15,90.13,Foredeep Basin,210.0,Indian–Burma Plate Boundary,1950.0,5.5,Foredeep Basin,Low,Barishal
Barishal,1039599,Barisal,2002,0,0,0,0,0,0,0,0,22.7,90.37,Foredeep Basin,180.0,Indian–Burma Plate Boundary,1950.0,5.5,Foredeep Basin,Low,Barishal
Barishal,437505,Barisal,2002,2,2,1,0,0,0,0,0,22.7,90.37,Foredeep Basin,180.0,Indian–Burma Plate Boundary,1950.0,5.5,Foredeep Basin,Low,Barishal
Bhola,993981,Barisal,2002,2,0,0,0,0,0,0,0,22.69,90.65,Foredeep Basin,190.0,Indian–Burma Plate Boundary,1950.0,5.5,Foredeep Basin,Low,Barishal
Bhola,442131,Barisal,2002,3,1,1,0,0,0,0,0,22.69,90.65,Foredeep Basin,190.0,Indian–Burma Plate Boundary,1950.0,5.5,Foredeep Basin,Low,Barishal
Patuakhali,1497400,Barisal,2002,2,0,0,0,0,0,0,0,22.35,90.3,Foredeep Basin,200.0,Indian–Burma Plate Boundary,1950.0,5.5,Foredeep Basin,Low,Barishal
Patuakhali,643040,Barisal,2002,3,2,1,0,0,0,0,0,22.35,90.3,Foredeep Basin,200.0,Indian–Burma Plate Boundary,1950.0,5.5,Foredeep Basin,Low,Barishal
Pirojpur,786566,Barisal,2002,1,1,0,0,0,0,0,0,22.58,89.98,Foredeep Basin,180.0,Indian–Burma Plate Boundary,1950.0,5.5,Foredeep Basin,Low,Barishal
Pirojpur,477801,Barisal,2002,3,2,1,0,0,0,0,0,22.58,89.98,Foredeep Basin,180.0,Indian–Burma Plate Boundary,1950.0,5.5,Foredeep Basin,Low,Barishal
Bandarban,2333735,Chittagong,2002,3,1,0,0,0,0,0,0,22.194,92.218,Indo‑Burma Fold Belt,25.0,Indian–Burma Plate Boundary,1762.0,8.0,Chittagong Hill Tracts Fold Belt,High,Chittagong
Bandarban,4868043,Chittagong,2002,4,3,3,1,0,0,0,0,22.194,92.218,Indo‑Burma Fold Belt,25.0,Indian–Burma Plate Boundary,1762.0,8.0,Chittagong Hill Tracts Fold Belt,High,Chittagong
Brahmanbaria,1946914,Chittagong,2002,2,1,1,0,0,0,0,0,23.96,91.11,Tripura Fold Belt,85.0,Indian–Burma Plate Boundary,1897.0,7.5,Tripura Thrust Zone,Medium,Chittagong
Brahmanbaria,5238076,Chittagong,2002,5,3,1,1,0,0,0,0,23.96,91.11,Tripura Fold Belt,85.0,Indian–Burma Plate Boundary,1897.0,7.5,Tripura Thrust Zone,Medium,Chittagong
Chandpur,2631148,Chittagong,2002,3,1,0,0,0,0,0,0,23.23,90.65,Foredeep Basin,150.0,Indian–Burma Plate Boundary,1897.0,6.5,Surma Basin,Low,Chittagong
Chandpur,3640418,Chittagong,2002,10,5,3,3,1,0,0,0,23.23,90.65,Foredeep Basin,150.0,Indian–Burma Plate Boundary,1897.0,6.5,Surma Basin,Low,Chittagong
Chittagong,1601967,Chittagong,2002,7,4,1,1,0,0,0,0,22.3419,91.8155,Indo‑Burma Subduction Zone,25.0,Indian–Burma Plate Boundary,1762.0,8.5,Arakan–Burma Subduction,High,Chittagong
Chittagong,2406872,Chittagong,2002,4,3,1,1,0,0,0,0,22.3419,91.8155,Indo‑Burma Subduction Zone,25.0,Indian–Burma Plate Boundary,1762.0,8.5,Arakan–Burma Subduction,High,Chittagong
Comilla,1786551,Chittagong,2002,8,5,3,1,1,0,0,0,23.45,91.1999,Tripura Fold Belt,80.0,Indian–Burma Plate Boundary,1897.0,7.5,Tripura Thrust Zone,Medium,Chittagong
Comilla,5777762,Chittagong,2002,9,5,2,1,0,0,0,0,23.45,91.1999,Tripura Fold Belt,80.0,Indian–Burma Plate Boundary,1897.0,7.5,Tripura Thrust Zone,Medium,Chittagong
Cox's Bazar,801895,Chittagong,2002,6,4,2,1,0,0,0,0,21.4272,92.0058,Indo‑Burma Subduction Zone,15.0,Indian–Burma Plate Boundary,1762.0,8.5,Arakan Subduction,High,Chittagong
Cox's Bazar,5790937,Chittagong,2002,9,3,2,0,0,0,0,0,21.4272,92.0058,Indo‑Burma Subduction Zone,15.0,Indian–Burma Plate Boundary,1762.0,8.5,Arakan Subduction,High,Chittagong
Feni,1427300,Chittagong,2002,9,7,4,0,0,0,0,0,23.02,91.4,Tripura Fold Belt,90.0,Indian–Burma Plate Boundary,1897.0,7.5,Tripura Thrust Zone,Medium,Chittagong
Feni,3557980,Chittagong,2002,6,5,1,1,0,0,0,0,23.02,91.4,Tripura Fold Belt,90.0,Indian–Burma Plate Boundary,1897.0,7.5,Tripura Thrust Zone,Medium,Chittagong
Lakshmipur,1628532,Chittagong,2002,5,3,1,1,0,0,0,0,22.95,90.83,Tripura Fold Belt,100.0,Indian–Burma Plate Boundary,1897.0,7.5,Tripura Thrust Zone,Medium,Chittagong
Lakshmipur,3410283,Chittagong,2002,6,5,2,1,0,0,0,0,22.95,90.83,Tripura Fold Belt,100.0,Indian–Burma Plate Boundary,1897.0,7.5,Tripura Thrust Zone,Medium,Chittagong
Noakhali,1237318,Chittagong,2002,8,6,1,1,1,0,0,0,22.82,91.1,Tripura Fold Belt,90.0,Indian–Burma Plate Boundary,1897.0,7.5,Tripura Thrust Zone,Medium,Chittagong
Noakhali,2709695,Chittagong,2002,6,3,1,1,1,0,0,0,22.82,91.1,Tripura Fold Belt,90.0,Indian–Burma Plate Boundary,1897.0,7.5,Tripura Thrust Zone,Medium,Chittagong
Rangamati,936486,Chittagong,2002,8,6,2,2,0,0,0,0,22.65,92.17,Indo‑Burma Fold Belt,50.0,Indian–Burma Plate Boundary,1762.0,7.0,Tripura Fold Belt,High,Chittagong
Rangamati,5563437,Chittagong,2002,9,7,2,1,0,0,0,0,22.65,92.17,Indo‑Burma Fold Belt,50.0,Indian–Burma Plate Boundary,1762.0,7.0,Tripura Fold Belt,High,Chittagong
Dhaka,830303,Dhaka,2002,1,1,1,0,0,0,0,0,23.8103,90.4125,Madhupur Fault Zone,100.0,Indian–Burma Plate Boundary,1885.0,7.2,Madhupur Fault,Medium,Dhaka
Dhaka,7109275,Dhaka,2002,5,3,3,1,0,0,0,0,23.8103,90.4125,Madhupur Fault Zone,100.0,Indian–Burma Plate Boundary,1885.0,7.2,Madhupur Fault,Medium,Dhaka
Faridpur,1036084,Dhaka,2002,2,1,1,0,0,0,0,0,23.607,89.8429,Foredeep Basin,160.0,Indian–Burma Plate Boundary,1885.0,6.0,Foredeep Basin,Low,Dhaka
Faridpur,8827959,Dhaka,2002,4,4,2,1,0,0,0,0,23.607,89.8429,Foredeep Basin,160.0,Indian–Burma Plate Boundary,1885.0,6.0,Foredeep Basin,Low,Dhaka
Gazipur,1372809,Dhaka,2002,7,2,1,0,0,0,0,0,24.0,90.4167,Madhupur Fault Zone,95.0,Indian–Burma Plate Boundary,1885.0,7.2,Madhupur Fault,Medium,Dhaka
Gazipur,7498627,Dhaka,2002,5,2,2,1,1,0,0,0,24.0,90.4167,Madhupur Fault Zone,95.0,Indian–Burma Plate Boundary,1885.0,7.2,Madhupur Fault,Medium,Dhaka
Gopalganj,2116722,Dhaka,2002,0,0,0,0,0,0,0,0,23.02,89.83,Foredeep Basin,170.0,Indian–Burma Plate Boundary,1885.0,6.0,Foredeep Basin,Low,Dhaka
Gopalganj,11139553,Dhaka,2002,2,1,1,1,0,0,0,0,23.02,89.83,Foredeep Basin,170.0,Indian–Burma Plate Boundary,1885.0,6.0,Foredeep Basin,Low,Dhaka
Kishoreganj,569620,Dhaka,2002,2,1,1,1,1,0,0,0,24.44,90.77,Madhupur Fault Zone,100.0,Indian–Burma Plate Boundary,1885.0,7.2,Madhupur Fault,Medium,Dhaka
Madaripur,1940417,Dhaka,2002,2,2,1,1,0,0,0,0,23.17,90.19,Foredeep Basin,150.0,Indian–Burma Plate Boundary,1885.0,6.0,Foredeep Basin,Low,Dhaka
Madaripur,9499041,Dhaka,2002,0,0,0,0,0,0,0,0,23.17,90.19,Foredeep Basin,150.0,Indian–Burma Plate Boundary,1885.0,6.0,Foredeep Basin,Low,Dhaka
Manikganj,460976,Dhaka,2002,3,2,1,1,1,0,0,0,23.86,90.0,Madhupur Fault Zone,90.0,Indian–Burma Plate Boundary,1885.0,7.2,Madhupur Fault,Medium,Dhaka
Manikganj,8677506,Dhaka,2002,8,6,3,0,0,0,0,0,23.86,90.0,Madhupur Fault Zone,90.0,Indian–Burma Plate Boundary,1885.0,7.2,Madhupur Fault,Medium,Dhaka
Munshiganj,1787152,Dhaka,2002,3,2,1,0,0,0,0,0,23.54,90.53,Foredeep Basin,130.0,Indian–Burma Plate Boundary,1885.0,6.0,Foredeep Basin,Low,Dhaka
Munshiganj,8277198,Dhaka,2002,2,2,1,0,0,0,0,0,23.54,90.53,Foredeep Basin,130.0,Indian–Burma Plate Boundary,1885.0,6.0,Foredeep Basin,Low,Dhaka
Narayanganj,2134749,Dhaka,2002,5,2,1,0,0,0,0,0,23.6226,90.501,Madhupur Fault Zone,110.0,Indian–Burma Plate Boundary,1885.0,7.2,Madhupur Fault,Medium,Dhaka
Narayanganj,9752513,Dhaka,2002,6,4,2,2,0,0,0,0,23.6226,90.501,Madhupur Fault Zone,110.0,Indian–Burma Plate Boundary,1885.0,7.2,Madhupur Fault,Medium,Dhaka
Narsingdi,2395911,Dhaka,2002,2,2,0,0,0,0,0,0,23.9207,90.7188,Madhupur Fault Zone,110.0,Indian–Burma Plate Boundary,1885.0,7.2,Madhupur Fault,Medium,Dhaka
Narsingdi,7241118,Dhaka,2002,1,0,0,0,0,0,0,0,23.9207,90.7188,Madhupur Fault Zone,110.0,Indian–Burma Plate Boundary,1885.0,7.2,Madhupur Fault,Medium,Dhaka
Rajbari,629230,Dhaka,2002,0,0,0,0,0,0,0,0,23.72,89.65,Foredeep Basin,180.0,Indian–Burma Plate Boundary,1885.0,6.0,Foredeep Basin,Low,Dhaka
Rajbari,10631820,Dhaka,2002,2,1,0,0,0,0,0,0,23.72,89.65,Foredeep Basin,180.0,Indian–Burma Plate Boundary,1885.0,6.0,Foredeep Basin,Low,Dhaka
Shariatpur,833422,Dhaka,2002,0,0,0,0,0,0,0,0,23.22,90.35,Foredeep Basin,150.0,Indian–Burma Plate Boundary,1885.0,6.0,Foredeep Basin,Low,Dhaka
Shariatpur,9463469,Dhaka,2002,9,5,2,1,0,0,0,0,23.22,90.35,Foredeep Basin,150.0,Indian–Burma Plate Boundary,1885.0,6.0,Foredeep Basin,Low,Dhaka
Tangail,2788113,Dhaka,2002,2,2,1,0,0,0,0,0,24.25,89.9167,Madhupur Fault Zone,90.0,Indian–Burma Plate Boundary,1885.0,7.2,Madhupur Fault,Medium,Dhaka
Tangail,11557428,Dhaka,2002,3,2,1,1,0,0,0,0,24.25,89.9167,Madhupur Fault Zone,90.0,Indian–Burma Plate Boundary,1885.0,7.2,Madhupur Fault,Medium,Dhaka
Bagerhat,2204230,Khulna,2002,1,1,0,0,0,0,0,0,22.65,89.7667,Stable Platform Zone,230.0,Indian–Burma Plate Boundary,1950.0,6.0,Bogra Fault,Low,Khulna
Bagerhat,1190219,Khulna,2002,1,1,0,0,0,0,0,0,22.65,89.7667,Stable Platform Zone,230.0,Indian–Burma Plate Boundary,1950.0,6.0,Bogra Fault,Low,Khulna
Chuadanga,2794636,Khulna,2002,2,2,1,0,0,0,0,0,23.63,88.83,Stable Platform Zone,180.0,Indian–Burma Plate Boundary,1950.0,6.0,Stable Platform,Low,Khulna
Chuadanga,779918,Khulna,2002,2,1,0,0,0,0,0,0,23.63,88.83,Stable Platform Zone,180.0,Indian–Burma Plate Boundary,1950.0,6.0,Stable Platform,Low,Khulna
Jessore,657021,Khulna,2002,5,4,1,1,0,0,0,0,23.1707,89.2124,Stable Platform Zone,210.0,Indian–Burma Plate Boundary,1950.0,6.0,Stable Platform,Low,Khulna
Jessore,1022946,Khulna,2002,1,1,0,0,0,0,0,0,23.1707,89.2124,Stable Platform Zone,210.0,Indian–Burma Plate Boundary,1950.0,6.0,Stable Platform,Low,Khulna
Jhenaidah,1598531,Khulna,2002,5,3,3,1,0,0,0,0,23.55,89.15,Stable Platform Zone,200.0,Indian–Burma Plate Boundary,1950.0,6.0,Stable Platform,Low,Khulna
Jhenaidah,886756,Khulna,2002,4,2,2,0,0,0,0,0,23.55,89.15,Stable Platform Zone,200.0,Indian–Burma Plate Boundary,1950.0,6.0,Stable Platform,Low,Khulna
Khulna,2287466,Khulna,2002,0,0,0,0,0,0,0,0,22.8167,89.55,Stable Platform Zone,220.0,Indian–Burma Plate Boundary,1950.0,6.0,Bogra Fault,Low,Khulna
Khulna,824627,Khulna,2002,2,1,0,0,0,0,0,0,22.8167,89.55,Stable Platform Zone,220.0,Indian–Burma Plate Boundary,1950.0,6.0,Bogra Fault,Low,Khulna
Kushtia,2625591,Khulna,2002,2,0,0,0,0,0,0,0,23.9,89.12,Stable Platform Zone,170.0,Indian–Burma Plate Boundary,1950.0,6.0,Stable Platform,Low,Khulna
Kushtia,1774464,Khulna,2002,4,1,1,0,0,0,0,0,23.9,89.12,Stable Platform Zone,170.0,Indian–Burma Plate Boundary,1950.0,6.0,Stable Platform,Low,Khulna
Magura,2290350,Khulna,2002,2,2,1,0,0,0,0,0,23.49,89.42,Stable Platform Zone,200.0,Indian–Burma Plate Boundary,1950.0,6.0,Stable Platform,Low,Khulna
Magura,942656,Khulna,2002,1,1,0,0,0,0,0,0,23.49,89.42,Stable Platform Zone,200.0,Indian–Burma Plate Boundary,1950.0,6.0,Stable Platform,Low,Khulna
Meherpur,1799261,Khulna,2002,2,1,1,0,0,0,0,0,23.77,88.63,Stable Platform Zone,200.0,Indian–Burma Plate Boundary,1950.0,6.0,Stable Platform,Low,Khulna
Meherpur,1377916,Khulna,2002,2,1,0,0,0,0,0,0,23.77,88.63,Stable Platform Zone,200.0,Indian–Burma Plate Boundary,1950.0,6.0,Stable Platform,Low,Khulna
Narail,622180,Khulna,2002,2,1,0,0,0,0,0,0,23.18,89.5,Stable Platform Zone,190.0,Indian–Burma Plate Boundary,1950.0,6.0,Stable Platform,Low,Khulna
Narail,661217,Khulna,2002,4,4,1,0,0,0,0,0,23.18,89.5,Stable Platform Zone,190.0,Indian–Burma Plate Boundary,1950.0,6.0,Stable Platform,Low,Khulna
Satkhira,2221403,Khulna,2002,4,2,1,1,0,0,0,0,22.7234,89.0751,Stable Platform Zone,250.0,Indian–Burma Plate Boundary,1950.0,6.0,Stable Platform,Low,Khulna
Satkhira,626020,Khulna,2002,0,0,0,0,0,0,0,0,22.7234,89.0751,Stable Platform Zone,250.0,Indian–Burma Plate Boundary,1950.0,6.0,Stable Platform,Low,Khulna
Jamalpur,2362153,Mymensingh,2002,6,5,2,1,0,0,0,0,24.923,89.9501,Madhupur Fault Zone,100.0,Indian–Burma Plate Boundary,1897.0,7.5,Madhupur Fault,Medium,Mymensingh
Mymensingh,1803220,Mymensingh,2002,3,1,0,0,0,0,0,0,24.7434,90.3984,Madhupur Fault Zone,80.0,Indian–Burma Plate Boundary,1897.0,7.5,Madhupur Fault,Medium,Mymensingh
Mymensingh,283929,Mymensingh,2002,7,3,1,1,0,0,0,0,24.7434,90.3984,Madhupur Fault Zone,80.0,Indian–Burma Plate Boundary,1897.0,7.5,Madhupur Fault,Medium,Mymensingh
Sherpur,1177104,Mymensingh,2002,1,1,0,0,0,0,0,0,25.0188,90.0175,Madhupur Fault Zone,95.0,Indian–Burma Plate Boundary,1897.0,7.5,Madhupur Fault,Medium,Mymensingh
Bogra,2917168,Rajshahi,2002,2,1,0,0,0,0,0,0,24.849,89.3677,Stable Platform Zone,140.0,Indian–Burma Plate Boundary,1950.0,6.0,Bogra Fault,Low,Rajshahi
Bogra,419499,Rajshahi,2002,4,4,0,0,0,0,0,0,24.849,89.3677,Stable Platform Zone,140.0,Indian–Burma Plate Boundary,1950.0,6.0,Bogra Fault,Low,Rajshahi
Joypurhat,1159642,Rajshahi,2002,4,3,0,0,0,0,0,0,25.1,89.02,Stable Platform Zone,160.0,Indian–Burma Plate Boundary,1950.0,6.0,Stable Platform,Low,Rajshahi
Joypurhat,1037142,Rajshahi,2002,6,4,1,0,0,0,0,0,25.1,89.02,Stable Platform Zone,160.0,Indian–Burma Plate Boundary,1950.0,6.0,Stable Platform,Low,Rajshahi
Naogaon,2911380,Rajshahi,2002,6,4,1,0,0,0,0,0,24.81,88.94,Stable Platform Zone,190.0,Indian–Burma Plate Boundary,1950.0,6.0,Bogra Fault,Low,Rajshahi
Naogaon,994881,Rajshahi,2002,3,2,1,1,0,0,0,0,24.81,88.94,Stable Platform Zone,190.0,Indian–Burma Plate Boundary,1950.0,6.0,Bogra Fault,Low,Rajshahi
Natore,1785031,Rajshahi,2002,4,2,2,0,0,0,0,0,24.42,89.0,Stable Platform Zone,190.0,Indian–Burma Plate Boundary,1950.0,6.0,Bogra Fault,Low,Rajshahi
Natore,913788,Rajshahi,2002,6,5,2,1,0,0,0,0,24.42,89.0,Stable Platform Zone,190.0,Indian–Burma Plate Boundary,1950.0,6.0,Bogra Fault,Low,Rajshahi
Pabna,918598,Rajshahi,2002,3,1,1,0,0,0,0,0,24.0064,89.2493,Stable Platform Zone,160.0,Indian–Burma Plate Boundary,1950.0,6.0,Stable Platform,Low,Rajshahi
Pabna,1037494,Rajshahi,2002,6,3,3,0,0,0,0,0,24.0064,89.2493,Stable Platform Zone,160.0,Indian–Burma Plate Boundary,1950.0,6.0,Stable Platform,Low,Rajshahi
Rajshahi,2074443,Rajshahi,2002,5,4,1,0,0,0,0,0,24.3745,88.6042,Stable Platform Zone,200.0,Indian–Burma Plate Boundary,1950.0,6.0,Bogra Fault,Low,Rajshahi
Rajshahi,888917,Rajshahi,2002,6,3,3,0,0,0,0,0,24.3745,88.6042,Stable Platform Zone,200.0,Indian–Burma Plate Boundary,1950.0,6.0,Bogra Fault,Low,Rajshahi
Sirajganj,887690,Rajshahi,2002,4,3,2,0,0,0,0,0,24.45,89.71,Stable Platform Zone,150.0,Indian–Burma Plate Boundary,1950.0,6.0,Stable Platform,Low,Rajshahi
Sirajganj,602218,Rajshahi,2002,7,3,2,2,1,0,0,0,24.45,89.71,Stable Platform Zone,150.0,Indian–Burma Plate Boundary,1950.0,6.0,Stable Platform,Low,Rajshahi
Dinajpur,884474,Rangpur,2002,3,3,0,0,0,0,0,0,25.625,88.65,Stable Platform Zone,120.0,Indian–Burma Plate Boundary,1950.0,6.5,Himalayan Frontal Zone,Medium,Rangpur
Dinajpur,736005,Rangpur,2002,3,0,0,0,0,0,0,0,25.625,88.65,Stable Platform Zone,120.0,Indian–Burma Plate Boundary,1950.0,6.5,Himalayan Frontal Zone,Medium,Rangpur
Gaibandha,1365895,Rangpur,2002,3,2,2,2,0,0,0,0,25.33,89.55,Stable Platform Zone,130.0,Indian–Eurasian Plate Boundary,1950.0,6.5,Bogra Fault,Medium,Rangpur
Gaibandha,451293,Rangpur,2002,2,1,0,0,0,0,0,0,25.33,89.55,Stable Platform Zone,130.0,Indian–Eurasian Plate Boundary,1950.0,6.5,Bogra Fault,Medium,Rangpur
Kurigram,742817,Rangpur,2002,3,1,1,0,0,0,0,0,25.81,89.65,Himalayan Frontal Zone,110.0,Indian–Eurasian Plate Boundary,1950.0,8.6,Assam Fault Belt,High,Rangpur
Kurigram,328247,Rangpur,2002,3,2,0,0,0,0,0,0,25.81,89.65,Himalayan Frontal Zone,110.0,Indian–Eurasian Plate Boundary,1950.0,8.6,Assam Fault Belt,High,Rangpur
Lalmonirhat,770760,Rangpur,2002,1,1,0,0,0,0,0,0,25.92,89.45,Himalayan Frontal Zone,100.0,Indian–Eurasian Plate Boundary,1950.0,8.6,Assam Fault Belt,High,Rangpur
Lalmonirhat,967555,Rangpur,2002,3,3,2,0,0,0,0,0,25.92,89.45,Himalayan Frontal Zone,100.0,Indian–Eurasian Plate Boundary,1950.0,8.6,Assam Fault Belt,High,Rangpur
Nilphamari,2407321,Rangpur,2002,4,4,0,0,0,0,0,0,25.95,88.85,Himalayan Frontal Zone,110.0,Indian–Eurasian Plate Boundary,1950.0,8.6,Assam Fault Belt,High,Rangpur
Nilphamari,894145,Rangpur,2002,6,6,3,2,0,0,0,0,25.95,88.85,Himalayan Frontal Zone,110.0,Indian–Eurasian Plate Boundary,1950.0,8.6,Assam Fault Belt,High,Rangpur
Panchagarh,2243192,Rangpur,2002,5,3,1,1,0,0,0,0,26.33,88.56,Himalayan Frontal Zone,90.0,Indian–Eurasian Plate Boundary,1950.0,8.6,Assam Fault Belt,High,Rangpur
Panchagarh,678307,Rangpur,2002,6,2,2,0,0,0,0,0,26.33,88.56,Himalayan Frontal Zone,90.0,Indian–Eurasian Plate Boundary,1950.0,8.6,Assam Fault Belt,High,Rangpur
Rangpur,1414173,Rangpur,2002,2,2,2,0,0,0,0,0,25.7449,89.2756,Stable Platform Zone,130.0,Indian–Burma Plate Boundary,1950.0,6.5,Himalayan Frontal Zone,Medium,Rangpur
Rangpur,129164,Rangpur,2002,8,8,1,1,0,0,0,0,25.7449,89.2756,Stable Platform Zone,130.0,Indian–Burma Plate Boundary,1950.0,6.5,Himalayan Frontal Zone,Medium,Rangpur
Thakurgaon,711170,Rangpur,2002,1,1,0,0,0,0,0,0,26.02,88.46,Himalayan Frontal Zone,100.0,Indian–Eurasian Plate Boundary,1950.0,8.6,Assam Fault Belt,High,Rangpur
Thakurgaon,428366,Rangpur,2002,2,2,2,0,0,0,0,0,26.02,88.46,Himalayan Frontal Zone,100.0,Indian–Eurasian Plate Boundary,1950.0,8.6,Assam Fault Belt,High,Rangpur
Habiganj,2386073,Sylhet,2002,7,4,1,0,0,0,0,0,24.38,91.42,Tripura Fold Belt,80.0,Indian–Burma Plate Boundary,1918.0,7.0,Tripura Thrust Zone,Medium,Sylhet
Habiganj,506482,Sylhet,2002,6,5,2,0,0,0,0,0,24.38,91.42,Tripura Fold Belt,80.0,Indian–Burma Plate Boundary,1918.0,7.0,Tripura Thrust Zone,Medium,Sylhet
Moulvibazar,909325,Sylhet,2002,9,5,3,3,0,0,0,0,24.48,91.77,Dauki Fault Zone,35.0,Indian–Burma Plate Boundary,1918.0,7.5,Dauki Fault,High,Sylhet
Moulvibazar,868083,Sylhet,2002,7,4,2,1,0,0,0,0,24.48,91.77,Dauki Fault Zone,35.0,Indian–Burma Plate Boundary,1918.0,7.5,Dauki Fault,High,Sylhet
Sunamganj,2849336,Sylhet,2002,4,2,1,0,0,0,0,0,25.07,91.4,Dauki Fault Zone,45.0,Indian–Burma Plate Boundary,1918.0,7.5,Dauki Fault,High,Sylhet
Sunamganj,610426,Sylhet,2002,11,5,5,1,1,0,0,0,25.07,91.4,Dauki Fault Zone,45.0,Indian–Burma Plate Boundary,1918.0,7.5,Dauki Fault,High,Sylhet
Sylhet,639240,Sylhet,2002,12,8,4,4,1,0,0,0,24.899,91.872,Dauki Fault Zone,30.0,Indian–Burma Plate Boundary,1918.0,7.5,Dauki Fault,High,Sylhet
Sylhet,405575,Sylhet,2002,11,6,1,1,0,0,0,0,24.899,91.872,Dauki Fault Zone,30.0,Indian–Burma Plate Boundary,1918.0,7.5,Dauki Fault,High,Sylhet
Barguna,2617158,Barisal,2003,2,1,1,0,0,0,0,0,22.15,90.13,Foredeep Basin,210.0,Indian–Burma Plate Boundary,1950.0,5.5,Foredeep Basin,Low,Barishal
Barguna,668219,Barisal,2003,1,1,0,0,0,0,0,0,22.15,90.13,Foredeep Basin,210.0,Indian–Burma Plate Boundary,1950.0,5.5,Foredeep Basin,Low,Barishal
Barishal,1930320,Barisal,2003,1,1,0,0,0,0,0,0,22.7,90.37,Foredeep Basin,180.0,Indian–Burma Plate Boundary,1950.0,5.5,Foredeep Basin,Low,Barishal
Barishal,191718,Barisal,2003,0,0,0,0,0,0,0,0,22.7,90.37,Foredeep Basin,180.0,Indian–Burma Plate Boundary,1950.0,5.5,Foredeep Basin,Low,Barishal
Bhola,2410954,Barisal,2003,2,0,0,0,0,0,0,0,22.69,90.65,Foredeep Basin,190.0,Indian–Burma Plate Boundary,1950.0,5.5,Foredeep Basin,Low,Barishal
Bhola,441329,Barisal,2003,1,1,0,0,0,0,0,0,22.69,90.65,Foredeep Basin,190.0,Indian–Burma Plate Boundary,1950.0,5.5,Foredeep Basin,Low,Barishal
Patuakhali,1440066,Barisal,2003,3,2,2,0,0,0,0,0,22.35,90.3,Foredeep Basin,200.0,Indian–Burma Plate Boundary,1950.0,5.5,Foredeep Basin,Low,Barishal
Patuakhali,262668,Barisal,2003,5,5,1,0,0,0,0,0,22.35,90.3,Foredeep Basin,200.0,Indian–Burma Plate Boundary,1950.0,5.5,Foredeep Basin,Low,Barishal
Pirojpur,2071711,Barisal,2003,1,1,1,0,0,0,0,0,22.58,89.98,Foredeep Basin,180.0,Indian–Burma Plate Boundary,1950.0,5.5,Foredeep Basin,Low,Barishal
Pirojpur,833600,Barisal,2003,2,2,1,0,0,0,0,0,22.58,89.98,Foredeep Basin,180.0,Indian–Burma Plate Boundary,1950.0,5.5,Foredeep Basin,Low,Barishal
Bandarban,2956865,Chittagong,2003,4,3,1,1,0,0,0,0,22.194,92.218,Indo‑Burma Fold Belt,25.0,Indian–Burma Plate Boundary,1762.0,8.0,Chittagong Hill Tracts Fold Belt,High,Chittagong
Bandarban,5066800,Chittagong,2003,8,7,4,1,0,0,0,0,22.194,92.218,Indo‑Burma Fold Belt,25.0,Indian–Burma Plate Boundary,1762.0,8.0,Chittagong Hill Tracts Fold Belt,High,Chittagong
Brahmanbaria,1256607,Chittagong,2003,4,4,1,1,0,0,0,0,23.96,91.11,Tripura Fold Belt,85.0,Indian–Burma Plate Boundary,1897.0,7.5,Tripura Thrust Zone,Medium,Chittagong
Brahmanbaria,2322520,Chittagong,2003,10,7,4,2,1,0,0,0,23.96,91.11,Tripura Fold Belt,85.0,Indian–Burma Plate Boundary,1897.0,7.5,Tripura Thrust Zone,Medium,Chittagong
Chandpur,2418687,Chittagong,2003,8,5,4,2,0,0,0,0,23.23,90.65,Foredeep Basin,150.0,Indian–Burma Plate Boundary,1897.0,6.5,Surma Basin,Low,Chittagong
Chandpur,5342796,Chittagong,2003,3,2,1,0,0,0,0,0,23.23,90.65,Foredeep Basin,150.0,Indian–Burma Plate Boundary,1897.0,6.5,Surma Basin,Low,Chittagong
Chittagong,2765407,Chittagong,2003,4,2,1,0,0,0,0,0,22.3419,91.8155,Indo‑Burma Subduction Zone,25.0,Indian–Burma Plate Boundary,1762.0,8.5,Arakan–Burma Subduction,High,Chittagong
Chittagong,5991975,Chittagong,2003,7,3,3,1,1,0,0,0,22.3419,91.8155,Indo‑Burma Subduction Zone,25.0,Indian–Burma Plate Boundary,1762.0,8.5,Arakan–Burma Subduction,High,Chittagong
Comilla,709932,Chittagong,2003,11,8,4,0,0,0,0,0,23.45,91.1999,Tripura Fold Belt,80.0,Indian–Burma Plate Boundary,1897.0,7.5,Tripura Thrust Zone,Medium,Chittagong
Comilla,3092313,Chittagong,2003,8,5,3,0,0,0,0,0,23.45,91.1999,Tripura Fold Belt,80.0,Indian–Burma Plate Boundary,1897.0,7.5,Tripura Thrust Zone,Medium,Chittagong
Cox's Bazar,759502,Chittagong,2003,4,3,3,1,0,0,0,0,21.4272,92.0058,Indo‑Burma Subduction Zone,15.0,Indian–Burma Plate Boundary,1762.0,8.5,Arakan Subduction,High,Chittagong
Cox's Bazar,3267974,Chittagong,2003,9,4,1,1,1,0,0,0,21.4272,92.0058,Indo‑Burma Subduction Zone,15.0,Indian–Burma Plate Boundary,1762.0,8.5,Arakan Subduction,High,Chittagong
Feni,1684538,Chittagong,2003,4,3,2,0,0,0,0,0,23.02,91.4,Tripura Fold Belt,90.0,Indian–Burma Plate Boundary,1897.0,7.5,Tripura Thrust Zone,Medium,Chittagong
Feni,2227127,Chittagong,2003,9,4,4,1,0,0,0,0,23.02,91.4,Tripura Fold Belt,90.0,Indian–Burma Plate Boundary,1897.0,7.5,Tripura Thrust Zone,Medium,Chittagong
Lakshmipur,924660,Chittagong,2003,7,4,4,0,0,0,0,0,22.95,90.83,Tripura Fold Belt,100.0,Indian–Burma Plate Boundary,1897.0,7.5,Tripura Thrust Zone,Medium,Chittagong
Lakshmipur,2008038,Chittagong,2003,4,1,1,1,0,0,0,0,22.95,90.83,Tripura Fold Belt,100.0,Indian–Burma Plate Boundary,1897.0,7.5,Tripura Thrust Zone,Medium,Chittagong
Noakhali,1178064,Chittagong,2003,3,2,1,0,0,0,0,0,22.82,91.1,Tripura Fold Belt,90.0,Indian–Burma Plate Boundary,1897.0,7.5,Tripura Thrust Zone,Medium,Chittagong
Noakhali,4273150,Chittagong,2003,9,3,3,1,1,0,0,0,22.82,91.1,Tripura Fold Belt,90.0,Indian–Burma Plate Boundary,1897.0,7.5,Tripura Thrust Zone,Medium,Chittagong
Rangamati,2929927,Chittagong,2003,12,5,5,1,1,0,0,0,22.65,92.17,Indo‑Burma Fold Belt,50.0,Indian–Burma Plate Boundary,1762.0,7.0,Tripura Fold Belt,High,Chittagong
Rangamati,4713511,Chittagong,2003,7,6,1,0,0,0,0,0,22.65,92.17,Indo‑Burma Fold Belt,50.0,Indian–Burma Plate Boundary,1762.0,7.0,Tripura Fold Belt,High,Chittagong
Dhaka,1119063,Dhaka,2003,5,2,2,1,1,0,0,0,23.8103,90.4125,Madhupur Fault Zone,100.0,Indian–Burma Plate Boundary,1885.0,7.2,Madhupur Fault,Medium,Dhaka
Dhaka,11818896,Dhaka,2003,7,7,3,0,0,0,0,0,23.8103,90.4125,Madhupur Fault Zone,100.0,Indian–Burma Plate Boundary,1885.0,7.2,Madhupur Fault,Medium,Dhaka
Faridpur,2189575,Dhaka,2003,2,2,1,0,0,0,0,0,23.607,89.8429,Foredeep Basin,160.0,Indian–Burma Plate Boundary,1885.0,6.0,Foredeep Basin,Low,Dhaka
Faridpur,8273191,Dhaka,2003,7,4,3,1,0,0,0,0,23.607,89.8429,Foredeep Basin,160.0,Indian–Burma Plate Boundary,1885.0,6.0,Foredeep Basin,Low,Dhaka
Gazipur,658085,Dhaka,2003,3,2,0,0,0,0,0,0,24.0,90.4167,Madhupur Fault Zone,95.0,Indian–Burma Plate Boundary,1885.0,7.2,Madhupur Fault,Medium,Dhaka
Gazipur,9109446,Dhaka,2003,3,2,0,0,0,0,0,0,24.0,90.4167,Madhupur Fault Zone,95.0,Indian–Burma Plate Boundary,1885.0,7.2,Madhupur Fault,Medium,Dhaka
Gopalganj,1660009,Dhaka,2003,1,1,0,0,0,0,0,0,23.02,89.83,Foredeep Basin,170.0,Indian–Burma Plate Boundary,1885.0,6.0,Foredeep Basin,Low,Dhaka
Gopalganj,7351809,Dhaka,2003,5,2,1,0,0,0,0,0,23.02,89.83,Foredeep Basin,170.0,Indian–Burma Plate Boundary,1885.0,6.0,Foredeep Basin,Low,Dhaka
Kishoreganj,1361734,Dhaka,2003,3,1,1,1,0,0,0,0,24.44,90.77,Madhupur Fault Zone,100.0,Indian–Burma Plate Boundary,1885.0,7.2,Madhupur Fault,Medium,Dhaka
Madaripur,1371172,Dhaka,2003,2,1,0,0,0,0,0,0,23.17,90.19,Foredeep Basin,150.0,Indian–Burma Plate Boundary,1885.0,6.0,Foredeep Basin,Low,Dhaka
Madaripur,10646598,Dhaka,2003,4,2,2,0,0,0,0,0,23.17,90.19,Foredeep Basin,150.0,Indian–Burma Plate Boundary,1885.0,6.0,Foredeep Basin,Low,Dhaka
Manikganj,1019128,Dhaka,2003,2,1,0,0,0,0,0,0,23.86,90.0,Madhupur Fault Zone,90.0,Indian–Burma Plate Boundary,1885.0,7.2,Madhupur Fault,Medium,Dhaka
Manikganj,7661637,Dhaka,2003,4,1,1,0,0,0,0,0,23.86,90.0,Madhupur Fault Zone,90.0,Indian–Burma Plate Boundary,1885.0,7.2,Madhupur Fault,Medium,Dhaka
Munshiganj,487411,Dhaka,2003,4,2,1,1,1,0,0,0,23.54,90.53,Foredeep Basin,130.0,Indian–Burma Plate Boundary,1885.0,6.0,Foredeep Basin,Low,Dhaka
Munshiganj,6186095,Dhaka,2003,6,4,2,0,0,0,0,0,23.54,90.53,Foredeep Basin,130.0,Indian–Burma Plate Boundary,1885.0,6.0,Foredeep Basin,Low,Dhaka
Narayanganj,2768654,Dhaka,2003,4,1,1,0,0,0,0,0,23.6226,90.501,Madhupur Fault Zone,110.0,Indian–Burma Plate Boundary,1885.0,7.2,Madhupur Fault,Medium,Dhaka
Narayanganj,10509234,Dhaka,2003,6,2,2,1,0,0,0,0,23.6226,90.501,Madhupur Fault Zone,110.0,Indian–Burma Plate Boundary,1885.0,7.2,Madhupur Fault,Medium,Dhaka
Narsingdi,2894092,Dhaka,2003,1,0,0,0,0,0,0,0,23.9207,90.7188,Madhupur Fault Zone,110.0,Indian–Burma Plate Boundary,1885.0,7.2,Madhupur Fault,Medium,Dhaka
Narsingdi,7788660,Dhaka,2003,4,3,1,1,0,0,0,0,23.9207,90.7188,Madhupur Fault Zone,110.0,Indian–Burma Plate Boundary,1885.0,7.2,Madhupur Fault,Medium,Dhaka
Rajbari,2424340,Dhaka,2003,3,2,1,0,0,0,0,0,23.72,89.65,Foredeep Basin,180.0,Indian–Burma Plate Boundary,1885.0,6.0,Foredeep Basin,Low,Dhaka
Rajbari,11057655,Dhaka,2003,6,4,2,0,0,0,0,0,23.72,89.65,Foredeep Basin,180.0,Indian–Burma Plate Boundary,1885.0,6.0,Foredeep Basin,Low,Dhaka
Shariatpur,625451,Dhaka,2003,2,2,0,0,0,0,0,0,23.22,90.35,Foredeep Basin,150.0,Indian–Burma Plate Boundary,1885.0,6.0,Foredeep Basin,Low,Dhaka
Shariatpur,11695260,Dhaka,2003,5,3,3,0,0,0,0,0,23.22,90.35,Foredeep Basin,150.0,Indian–Burma Plate Boundary,1885.0,6.0,Foredeep Basin,Low,Dhaka
Tangail,1338401,Dhaka,2003,7,6,1,1,0,0,0,0,24.25,89.9167,Madhupur Fault Zone,90.0,Indian–Burma Plate Boundary,1885.0,7.2,Madhupur Fault,Medium,Dhaka
Tangail,8567683,Dhaka,2003,4,2,2,0,0,0,0,0,24.25,89.9167,Madhupur Fault Zone,90.0,Indian–Burma Plate Boundary,1885.0,7.2,Madhupur Fault,Medium,Dhaka
Bagerhat,1650875,Khulna,2003,1,0,0,0,0,0,0,0,22.65,89.7667,Stable Platform Zone,230.0,Indian–Burma Plate Boundary,1950.0,6.0,Bogra Fault,Low,Khulna
Bagerhat,1522910,Khulna,2003,3,3,0,0,0,0,0,0,22.65,89.7667,Stable Platform Zone,230.0,Indian–Burma Plate Boundary,1950.0,6.0,Bogra Fault,Low,Khulna
Chuadanga,1988643,Khulna,2003,0,0,0,0,0,0,0,0,23.63,88.83,Stable Platform Zone,180.0,Indian–Burma Plate Boundary,1950.0,6.0,Stable Platform,Low,Khulna
Chuadanga,1355561,Khulna,2003,1,1,1,0,0,0,0,0,23.63,88.83,Stable Platform Zone,180.0,Indian–Burma Plate Boundary,1950.0,6.0,Stable Platform,Low,Khulna
Jessore,2729749,Khulna,2003,1,1,1,0,0,0,0,0,23.1707,89.2124,Stable Platform Zone,210.0,Indian–Burma Plate Boundary,1950.0,6.0,Stable Platform,Low,Khulna
Jessore,1253999,Khulna,2003,2,1,0,0,0,0,0,0,23.1707,89.2124,Stable Platform Zone,210.0,Indian–Burma Plate Boundary,1950.0,6.0,Stable Platform,Low,Khulna
Jhenaidah,1473843,Khulna,2003,2,1,1,0,0,0,0,0,23.55,89.15,Stable Platform Zone,200.0,Indian–Burma Plate Boundary,1950.0,6.0,Stable Platform,Low,Khulna
Jhenaidah,1546181,Khulna,2003,1,0,0,0,0,0,0,0,23.55,89.15,Stable Platform Zone,200.0,Indian–Burma Plate Boundary,1950.0,6.0,Stable Platform,Low,Khulna
Khulna,1087597,Khulna,2003,1,1,0,0,0,0,0,0,22.8167,89.55,Stable Platform Zone,220.0,Indian–Burma Plate Boundary,1950.0,6.0,Bogra Fault,Low,Khulna
Khulna,1583765,Khulna,2003,1,1,1,1,0,0,0,0,22.8167,89.55,Stable Platform Zone,220.0,Indian–Burma Plate Boundary,1950.0,6.0,Bogra Fault,Low,Khulna
Kushtia,1698501,Khulna,2003,2,2,1,0,0,0,0,0,23.9,89.12,Stable Platform Zone,170.0,Indian–Burma Plate Boundary,1950.0,6.0,Stable Platform,Low,Khulna
Kushtia,787892,Khulna,2003,7,6,3,2,1,1,0,0,23.9,89.12,Stable Platform Zone,170.0,Indian–Burma Plate Boundary,1950.0,6.0,Stable Platform,Low,Khulna
Magura,833642,Khulna,2003,4,2,2,0,0,0,0,0,23.49,89.42,Stable Platform Zone,200.0,Indian–Burma Plate Boundary,1950.0,6.0,Stable Platform,Low,Khulna
Magura,739232,Khulna,2003,2,1,0,0,0,0,0,0,23.49,89.42,Stable Platform Zone,200.0,Indian–Burma Plate Boundary,1950.0,6.0,Stable Platform,Low,Khulna
Meherpur,2123181,Khulna,2003,5,4,1,0,0,0,0,0,23.77,88.63,Stable Platform Zone,200.0,Indian–Burma Plate Boundary,1950.0,6.0,Stable Platform,Low,Khulna
Meherpur,771047,Khulna,2003,4,1,1,1,0,0,0,0,23.77,88.63,Stable Platform Zone,200.0,Indian–Burma Plate Boundary,1950.0,6.0,Stable Platform,Low,Khulna
Narail,1143164,Khulna,2003,2,1,0,0,0,0,0,0,23.18,89.5,Stable Platform Zone,190.0,Indian–Burma Plate Boundary,1950.0,6.0,Stable Platform,Low,Khulna
Narail,835014,Khulna,2003,1,1,0,0,0,0,0,0,23.18,89.5,Stable Platform Zone,190.0,Indian–Burma Plate Boundary,1950.0,6.0,Stable Platform,Low,Khulna
Satkhira,2219993,Khulna,2003,1,1,0,0,0,0,0,0,22.7234,89.0751,Stable Platform Zone,250.0,Indian–Burma Plate Boundary,1950.0,6.0,Stable Platform,Low,Khulna
Satkhira,1399535,Khulna,2003,2,1,0,0,0,0,0,0,22.7234,89.0751,Stable Platform Zone,250.0,Indian–Burma Plate Boundary,1950.0,6.0,Stable Platform,Low,Khulna
Jamalpur,2817997,Mymensingh,2003,0,0,0,0,0,0,0,0,24.923,89.9501,Madhupur Fault Zone,100.0,Indian–Burma Plate Boundary,1897.0,7.5,Madhupur Fault,Medium,Mymensingh
Mymensingh,761878,Mymensingh,2003,1,1,0,0,0,0,0,0,24.7434,90.3984,Madhupur Fault Zone,80.0,Indian–Burma Plate Boundary,1897.0,7.5,Madhupur Fault,Medium,Mymensingh
Mymensingh,796907,Mymensingh,2003,7,4,0,0,0,0,0,0,24.7434,90.3984,Madhupur Fault Zone,80.0,Indian–Burma Plate Boundary,1897.0,7.5,Madhupur Fault,Medium,Mymensingh
Sherpur,1468275,Mymensingh,2003,2,2,0,0,0,0,0,0,25.0188,90.0175,Madhupur Fault Zone,95.0,Indian–Burma Plate Boundary,1897.0,7.5,Madhupur Fault,Medium,Mymensingh
Bogra,660915,Rajshahi,2003,7,3,1,1,0,0,0,0,24.849,89.3677,Stable Platform Zone,140.0,Indian–Burma Plate Boundary,1950.0,6.0,Bogra Fault,Low,Rajshahi
Bogra,658825,Rajshahi,2003,1,1,1,0,0,0,0,0,24.849,89.3677,Stable Platform Zone,140.0,Indian–Burma Plate Boundary,1950.0,6.0,Bogra Fault,Low,Rajshahi
Joypurhat,710586,Rajshahi,2003,3,3,1,1,0,0,0,0,25.1,89.02,Stable Platform Zone,160.0,Indian–Burma Plate Boundary,1950.0,6.0,Stable Platform,Low,Rajshahi
Joypurhat,427087,Rajshahi,2003,4,3,2,0,0,0,0,0,25.1,89.02,Stable Platform Zone,160.0,Indian–Burma Plate Boundary,1950.0,6.0,Stable Platform,Low,Rajshahi
Naogaon,612162,Rajshahi,2003,4,3,2,0,0,0,0,0,24.81,88.94,Stable Platform Zone,190.0,Indian–Burma Plate Boundary,1950.0,6.0,Bogra Fault,Low,Rajshahi
Naogaon,474101,Rajshahi,2003,1,0,0,0,0,0,0,0,24.81,88.94,Stable Platform Zone,190.0,Indian–Burma Plate Boundary,1950.0,6.0,Bogra Fault,Low,Rajshahi
Natore,1111141,Rajshahi,2003,1,0,0,0,0,0,0,0,24.42,89.0,Stable Platform Zone,190.0,Indian–Burma Plate Boundary,1950.0,6.0,Bogra Fault,Low,Rajshahi
Natore,825365,Rajshahi,2003,7,6,2,2,1,0,0,0,24.42,89.0,Stable Platform Zone,190.0,Indian–Burma Plate Boundary,1950.0,6.0,Bogra Fault,Low,Rajshahi
Pabna,2670630,Rajshahi,2003,2,0,0,0,0,0,0,0,24.0064,89.2493,Stable Platform Zone,160.0,Indian–Burma Plate Boundary,1950.0,6.0,Stable Platform,Low,Rajshahi
Pabna,760746,Rajshahi,2003,2,2,0,0,0,0,0,0,24.0064,89.2493,Stable Platform Zone,160.0,Indian–Burma Plate Boundary,1950.0,6.0,Stable Platform,Low,Rajshahi
Rajshahi,1542496,Rajshahi,2003,5,2,2,0,0,0,0,0,24.3745,88.6042,Stable Platform Zone,200.0,Indian–Burma Plate Boundary,1950.0,6.0,Bogra Fault,Low,Rajshahi
Rajshahi,441184,Rajshahi,2003,1,0,0,0,0,0,0,0,24.3745,88.6042,Stable Platform Zone,200.0,Indian–Burma Plate Boundary,1950.0,6.0,Bogra Fault,Low,Rajshahi
Sirajganj,2102255,Rajshahi,2003,4,4,1,0,0,0,0,0,24.45,89.71,Stable Platform Zone,150.0,Indian–Burma Plate Boundary,1950.0,6.0,Stable Platform,Low,Rajshahi
Sirajganj,778933,Rajshahi,2003,0,0,0,0,0,0,0,0,24.45,89.71,Stable Platform Zone,150.0,Indian–Burma Plate Boundary,1950.0,6.0,Stable Platform,Low,Rajshahi
Dinajpur,1994203,Rangpur,2003,4,2,2,2,0,0,0,0,25.625,88.65,Stable Platform Zone,120.0,Indian–Burma Plate Boundary,1950.0,6.5,Himalayan Frontal Zone,Medium,Rangpur
Dinajpur,147691,Rangpur,2003,3,1,1,0,0,0,0,0,25.625,88.65,Stable Platform Zone,120.0,Indian–Burma Plate Boundary,1950.0,6.5,Himalayan Frontal Zone,Medium,Rangpur
Gaibandha,1242369,Rangpur,2003,5,1,1,1,0,0,0,0,25.33,89.55,Stable Platform Zone,130.0,Indian–Eurasian Plate Boundary,1950.0,6.5,Bogra Fault,Medium,Rangpur
Gaibandha,441966,Rangpur,2003,3,3,1,0,0,0,0,0,25.33,89.55,Stable Platform Zone,130.0,Indian–Eurasian Plate Boundary,1950.0,6.5,Bogra Fault,Medium,Rangpur
Kurigram,2599668,Rangpur,2003,7,4,2,0,0,0,0,0,25.81,89.65,Himalayan Frontal Zone,110.0,Indian–Eurasian Plate Boundary,1950.0,8.6,Assam Fault Belt,High,Rangpur
Kurigram,947278,Rangpur,2003,2,1,0,0,0,0,0,0,25.81,89.65,Himalayan Frontal Zone,110.0,Indian–Eurasian Plate Boundary,1950.0,8.6,Assam Fault Belt,High,Rangpur
Lalmonirhat,1775820,Rangpur,2003,4,2,0,0,0,0,0,0,25.92,89.45,Himalayan Frontal Zone,100.0,Indian–Eurasian Plate Boundary,1950.0,8.6,Assam Fault Belt,High,Rangpur
Lalmonirhat,577602,Rangpur,2003,5,3,0,0,0,0,0,0,25.92,89.45,Himalayan Frontal Zone,100.0,Indian–Eurasian Plate Boundary,1950.0,8.6,Assam Fault Belt,High,Rangpur
Nilphamari,1653253,Rangpur,2003,5,3,2,1,0,0,0,0,25.95,88.85,Himalayan Frontal Zone,110.0,Indian–Eurasian Plate Boundary,1950.0,8.6,Assam Fault Belt,High,Rangpur
Nilphamari,269943,Rangpur,2003,6,3,2,0,0,0,0,0,25.95,88.85,Himalayan Frontal Zone,110.0,Indian–Eurasian Plate Boundary,1950.0,8.6,Assam Fault Belt,High,Rangpur
Panchagarh,1411917,Rangpur,2003,5,4,2,0,0,0,0,0,26.33,88.56,Himalayan Frontal Zone,90.0,Indian–Eurasian Plate Boundary,1950.0,8.6,Assam Fault Belt,High,Rangpur
Panchagarh,141559,Rangpur,2003,7,4,1,0,0,0,0,0,26.33,88.56,Himalayan Frontal Zone,90.0,Indian–Eurasian Plate Boundary,1950.0,8.6,Assam Fault Belt,High,Rangpur
Rangpur,2349216,Rangpur,2003,5,4,2,0,0,0,0,0,25.7449,89.2756,Stable Platform Zone,130.0,Indian–Burma Plate Boundary,1950.0,6.5,Himalayan Frontal Zone,Medium,Rangpur
Rangpur,670151,Rangpur,2003,4,2,1,1,0,0,0,0,25.7449,89.2756,Stable Platform Zone,130.0,Indian–Burma Plate Boundary,1950.0,6.5,Himalayan Frontal Zone,Medium,Rangpur
Thakurgaon,824211,Rangpur,2003,10,5,3,1,1,0,0,0,26.02,88.46,Himalayan Frontal Zone,100.0,Indian–Eurasian Plate Boundary,1950.0,8.6,Assam Fault Belt,High,Rangpur
Thakurgaon,872027,Rangpur,2003,5,2,1,0,0,0,0,0,26.02,88.46,Himalayan Frontal Zone,100.0,Indian–Eurasian Plate Boundary,1950.0,8.6,Assam Fault Belt,High,Rangpur
Habiganj,1820502,Sylhet,2003,12,6,6,4,0,0,0,0,24.38,91.42,Tripura Fold Belt,80.0,Indian–Burma Plate Boundary,1918.0,7.0,Tripura Thrust Zone,Medium,Sylhet
Habiganj,620440,Sylhet,2003,15,11,8,2,1,0,0,0,24.38,91.42,Tripura Fold Belt,80.0,Indian–Burma Plate Boundary,1918.0,7.0,Tripura Thrust Zone,Medium,Sylhet
Moulvibazar,1141558,Sylhet,2003,6,5,1,0,0,0,0,0,24.48,91.77,Dauki Fault Zone,35.0,Indian–Burma Plate Boundary,1918.0,7.5,Dauki Fault,High,Sylhet
Moulvibazar,864099,Sylhet,2003,7,5,5,0,0,0,0,0,24.48,91.77,Dauki Fault Zone,35.0,Indian–Burma Plate Boundary,1918.0,7.5,Dauki Fault,High,Sylhet
Sunamganj,1926926,Sylhet,2003,6,3,2,0,0,0,0,0,25.07,91.4,Dauki Fault Zone,45.0,Indian–Burma Plate Boundary,1918.0,7.5,Dauki Fault,High,Sylhet
Sunamganj,822995,Sylhet,2003,5,4,2,2,1,0,0,0,25.07,91.4,Dauki Fault Zone,45.0,Indian–Burma Plate Boundary,1918.0,7.5,Dauki Fault,High,Sylhet
Sylhet,1088678,Sylhet,2003,8,6,2,0,0,0,0,0,24.899,91.872,Dauki Fault Zone,30.0,Indian–Burma Plate Boundary,1918.0,7.5,Dauki Fault,High,Sylhet
Sylhet,311486,Sylhet,2003,8,3,3,1,0,0,0,0,24.899,91.872,Dauki Fault Zone,30.0,Indian–Burma Plate Boundary,1918.0,7.5,Dauki Fault,High,Sylhet
Barguna,2530803,Barisal,2004,1,0,0,0,0,0,0,0,22.15,90.13,Foredeep Basin,210.0,Indian–Burma Plate Boundary,1950.0,5.5,Foredeep Basin,Low,Barishal
Barguna,890146,Barisal,2004,1,0,0,0,0,0,0,0,22.15,90.13,Foredeep Basin,210.0,Indian–Burma Plate Boundary,1950.0,5.5,Foredeep Basin,Low,Barishal
Barishal,2586659,Barisal,2004,5,2,1,0,0,0,0,0,22.7,90.37,Foredeep Basin,180.0,Indian–Burma Plate Boundary,1950.0,5.5,Foredeep Basin,Low,Barishal
Barishal,323251,Barisal,2004,3,0,0,0,0,0,0,0,22.7,90.37,Foredeep Basin,180.0,Indian–Burma Plate Boundary,1950.0,5.5,Foredeep Basin,Low,Barishal
Bhola,2626448,Barisal,2004,5,3,2,1,0,0,0,0,22.69,90.65,Foredeep Basin,190.0,Indian–Burma Plate Boundary,1950.0,5.5,Foredeep Basin,Low,Barishal
Bhola,819781,Barisal,2004,4,2,1,0,0,0,0,0,22.69,90.65,Foredeep Basin,190.0,Indian–Burma Plate Boundary,1950.0,5.5,Foredeep Basin,Low,Barishal
Patuakhali,2756255,Barisal,2004,1,1,0,0,0,0,0,0,22.35,90.3,Foredeep Basin,200.0,Indian–Burma Plate Boundary,1950.0,5.5,Foredeep Basin,Low,Barishal
Patuakhali,153748,Barisal,2004,1,1,0,0,0,0,0,0,22.35,90.3,Foredeep Basin,200.0,Indian–Burma Plate Boundary,1950.0,5.5,Foredeep Basin,Low,Barishal
Pirojpur,1200527,Barisal,2004,0,0,0,0,0,0,0,0,22.58,89.98,Foredeep Basin,180.0,Indian–Burma Plate Boundary,1950.0,5.5,Foredeep Basin,Low,Barishal
Pirojpur,790967,Barisal,2004,4,3,1,1,0,0,0,0,22.58,89.98,Foredeep Basin,180.0,Indian–Burma Plate Boundary,1950.0,5.5,Foredeep Basin,Low,Barishal
Bandarban,2781253,Chittagong,2004,6,2,2,0,0,0,0,0,22.194,92.218,Indo‑Burma Fold Belt,25.0,Indian–Burma Plate Boundary,1762.0,8.0,Chittagong Hill Tracts Fold Belt,High,Chittagong
Bandarban,4463883,Chittagong,2004,4,2,2,0,0,0,0,0,22.194,92.218,Indo‑Burma Fold Belt,25.0,Indian–Burma Plate Boundary,1762.0,8.0,Chittagong Hill Tracts Fold Belt,High,Chittagong
Brahmanbaria,999957,Chittagong,2004,6,3,1,1,0,0,0,0,23.96,91.11,Tripura Fold Belt,85.0,Indian–Burma Plate Boundary,1897.0,7.5,Tripura Thrust Zone,Medium,Chittagong
Brahmanbaria,3415012,Chittagong,2004,8,5,3,3,1,0,0,0,23.96,91.11,Tripura Fold Belt,85.0,Indian–Burma Plate Boundary,1897.0,7.5,Tripura Thrust Zone,Medium,Chittagong
Chandpur,1833470,Chittagong,2004,7,0,0,0,0,0,0,0,23.23,90.65,Foredeep Basin,150.0,Indian–Burma Plate Boundary,1897.0,6.5,Surma Basin,Low,Chittagong
Chandpur,5539058,Chittagong,2004,6,4,2,2,1,0,0,0,23.23,90.65,Foredeep Basin,150.0,Indian–Burma Plate Boundary,1897.0,6.5,Surma Basin,Low,Chittagong
Chittagong,1451670,Chittagong,2004,7,4,2,2,2,0,0,0,22.3419,91.8155,Indo‑Burma Subduction Zone,25.0,Indian–Burma Plate Boundary,1762.0,8.5,Arakan–Burma Subduction,High,Chittagong
Chittagong,3355543,Chittagong,2004,6,5,3,0,0,0,0,0,22.3419,91.8155,Indo‑Burma Subduction Zone,25.0,Indian–Burma Plate Boundary,1762.0,8.5,Arakan–Burma Subduction,High,Chittagong
Comilla,1451627,Chittagong,2004,7,5,3,0,0,0,0,0,23.45,91.1999,Tripura Fold Belt,80.0,Indian–Burma Plate Boundary,1897.0,7.5,Tripura Thrust Zone,Medium,Chittagong
Comilla,5211480,Chittagong,2004,9,7,3,2,0,0,0,0,23.45,91.1999,Tripura Fold Belt,80.0,Indian–Burma Plate Boundary,1897.0,7.5,Tripura Thrust Zone,Medium,Chittagong
Cox's Bazar,2013984,Chittagong,2004,5,2,2,0,0,0,0,0,21.4272,92.0058,Indo‑Burma Subduction Zone,15.0,Indian–Burma Plate Boundary,1762.0,8.5,Arakan Subduction,High,Chittagong
Cox's Bazar,5537710,Chittagong,2004,11,7,2,1,0,0,0,0,21.4272,92.0058,Indo‑Burma Subduction Zone,15.0,Indian–Burma Plate Boundary,1762.0,8.5,Arakan Subduction,High,Chittagong
Feni,2456016,Chittagong,2004,10,6,5,1,1,0,0,0,23.02,91.4,Tripura Fold Belt,90.0,Indian–Burma Plate Boundary,1897.0,7.5,Tripura Thrust Zone,Medium,Chittagong
Feni,4972769,Chittagong,2004,3,1,0,0,0,0,0,0,23.02,91.4,Tripura Fold Belt,90.0,Indian–Burma Plate Boundary,1897.0,7.5,Tripura Thrust Zone,Medium,Chittagong
Lakshmipur,1784974,Chittagong,2004,10,8,5,2,0,0,0,0,22.95,90.83,Tripura Fold Belt,100.0,Indian–Burma Plate Boundary,1897.0,7.5,Tripura Thrust Zone,Medium,Chittagong
Lakshmipur,2605671,Chittagong,2004,5,3,2,1,0,0,0,0,22.95,90.83,Tripura Fold Belt,100.0,Indian–Burma Plate Boundary,1897.0,7.5,Tripura Thrust Zone,Medium,Chittagong
Noakhali,1682260,Chittagong,2004,5,1,1,1,0,0,0,0,22.82,91.1,Tripura Fold Belt,90.0,Indian–Burma Plate Boundary,1897.0,7.5,Tripura Thrust Zone,Medium,Chittagong
Noakhali,2064184,Chittagong,2004,7,4,4,0,0,0,0,0,22.82,91.1,Tripura Fold Belt,90.0,Indian–Burma Plate Boundary,1897.0,7.5,Tripura Thrust Zone,Medium,Chittagong
Rangamati,665313,Chittagong,2004,7,2,2,0,0,0,0,0,22.65,92.17,Indo‑Burma Fold Belt,50.0,Indian–Burma Plate Boundary,1762.0,7.0,Tripura Fold Belt,High,Chittagong
Rangamati,5888362,Chittagong,2004,7,5,1,1,0,0,0,0,22.65,92.17,Indo‑Burma Fold Belt,50.0,Indian–Burma Plate Boundary,1762.0,7.0,Tripura Fold Belt,High,Chittagong
Dhaka,2535191,Dhaka,2004,3,1,0,0,0,0,0,0,23.8103,90.4125,Madhupur Fault Zone,100.0,Indian–Burma Plate Boundary,1885.0,7.2,Madhupur Fault,Medium,Dhaka
Dhaka,5468551,Dhaka,2004,2,1,0,0,0,0,0,0,23.8103,90.4125,Madhupur Fault Zone,100.0,Indian–Burma Plate Boundary,1885.0,7.2,Madhupur Fault,Medium,Dhaka
Faridpur,919754,Dhaka,2004,5,2,1,0,0,0,0,0,23.607,89.8429,Foredeep Basin,160.0,Indian–Burma Plate Boundary,1885.0,6.0,Foredeep Basin,Low,Dhaka
Faridpur,9799910,Dhaka,2004,5,2,2,0,0,0,0,0,23.607,89.8429,Foredeep Basin,160.0,Indian–Burma Plate Boundary,1885.0,6.0,Foredeep Basin,Low,Dhaka
Gazipur,1751296,Dhaka,2004,3,2,1,0,0,0,0,0,24.0,90.4167,Madhupur Fault Zone,95.0,Indian–Burma Plate Boundary,1885.0,7.2,Madhupur Fault,Medium,Dhaka
Gazipur,9226467,Dhaka,2004,4,3,1,0,0,0,0,0,24.0,90.4167,Madhupur Fault Zone,95.0,Indian–Burma Plate Boundary,1885.0,7.2,Madhupur Fault,Medium,Dhaka
Gopalganj,425555,Dhaka,2004,3,1,1,1,0,0,0,0,23.02,89.83,Foredeep Basin,170.0,Indian–Burma Plate Boundary,1885.0,6.0,Foredeep Basin,Low,Dhaka
Gopalganj,6600510,Dhaka,2004,4,1,1,1,1,0,0,0,23.02,89.83,Foredeep Basin,170.0,Indian–Burma Plate Boundary,1885.0,6.0,Foredeep Basin,Low,Dhaka
Kishoreganj,2148434,Dhaka,2004,1,0,0,0,0,0,0,0,24.44,90.77,Madhupur Fault Zone,100.0,Indian–Burma Plate Boundary,1885.0,7.2,Madhupur Fault,Medium,Dhaka
Madaripur,1087498,Dhaka,2004,2,2,1,1,0,0,0,0,23.17,90.19,Foredeep Basin,150.0,Indian–Burma Plate Boundary,1885.0,6.0,Foredeep Basin,Low,Dhaka
Madaripur,6440320,Dhaka,2004,4,2,2,0,0,0,0,0,23.17,90.19,Foredeep Basin,150.0,Indian–Burma Plate Boundary,1885.0,6.0,Foredeep Basin,Low,Dhaka
Manikganj,2587545,Dhaka,2004,2,1,1,1,0,0,0,0,23.86,90.0,Madhupur Fault Zone,90.0,Indian–Burma Plate Boundary,1885.0,7.2,Madhupur Fault,Medium,Dhaka
Manikganj,9083407,Dhaka,2004,3,2,1,0,0,0,0,0,23.86,90.0,Madhupur Fault Zone,90.0,Indian–Burma Plate Boundary,1885.0,7.2,Madhupur Fault,Medium,Dhaka
Munshiganj,741556,Dhaka,2004,2,2,2,0,0,0,0,0,23.54,90.53,Foredeep Basin,130.0,Indian–Burma Plate Boundary,1885.0,6.0,Foredeep Basin,Low,Dhaka
Munshiganj,10818057,Dhaka,2004,4,3,1,0,0,0,0,0,23.54,90.53,Foredeep Basin,130.0,Indian–Burma Plate Boundary,1885.0,6.0,Foredeep Basin,Low,Dhaka
Narayanganj,1380080,Dhaka,2004,2,1,1,0,0,0,0,0,23.6226,90.501,Madhupur Fault Zone,110.0,Indian–Burma Plate Boundary,1885.0,7.2,Madhupur Fault,Medium,Dhaka
Narayanganj,10461987,Dhaka,2004,4,3,2,1,0,0,0,0,23.6226,90.501,Madhupur Fault Zone,110.0,Indian–Burma Plate Boundary,1885.0,7.2,Madhupur Fault,Medium,Dhaka
Narsingdi,1965446,Dhaka,2004,4,3,0,0,0,0,0,0,23.9207,90.7188,Madhupur Fault Zone,110.0,Indian–Burma Plate Boundary,1885.0,7.2,Madhupur Fault,Medium,Dhaka
Narsingdi,7102355,Dhaka,2004,4,0,0,0,0,0,0,0,23.9207,90.7188,Madhupur Fault Zone,110.0,Indian–Burma Plate Boundary,1885.0,7.2,Madhupur Fault,Medium,Dhaka
Rajbari,591115,Dhaka,2004,0,0,0,0,0,0,0,0,23.72,89.65,Foredeep Basin,180.0,Indian–Burma Plate Boundary,1885.0,6.0,Foredeep Basin,Low,Dhaka
Rajbari,7666208,Dhaka,2004,5,4,1,0,0,0,0,0,23.72,89.65,Foredeep Basin,180.0,Indian–Burma Plate Boundary,1885.0,6.0,Foredeep Basin,Low,Dhaka
Shariatpur,1529917,Dhaka,2004,3,2,1,0,0,0,0,0,23.22,90.35,Foredeep Basin,150.0,Indian–Burma Plate Boundary,1885.0,6.0,Foredeep Basin,Low,Dhaka
Shariatpur,9584503,Dhaka,2004,4,3,0,0,0,0,0,0,23.22,90.35,Foredeep Basin,150.0,Indian–Burma Plate Boundary,1885.0,6.0,Foredeep Basin,Low,Dhaka
Tangail,602976,Dhaka,2004,3,2,1,0,0,0,0,0,24.25,89.9167,Madhupur Fault Zone,90.0,Indian–Burma Plate Boundary,1885.0,7.2,Madhupur Fault,Medium,Dhaka
Tangail,7211988,Dhaka,2004,5,3,1,0,0,0,0,0,24.25,89.9167,Madhupur Fault Zone,90.0,Indian–Burma Plate Boundary,1885.0,7.2,Madhupur Fault,Medium,Dhaka
Bagerhat,1693908,Khulna,2004,1,1,0,0,0,0,0,0,22.65,89.7667,Stable Platform Zone,230.0,Indian–Burma Plate Boundary,1950.0,6.0,Bogra Fault,Low,Khulna
Bagerhat,772013,Khulna,2004,3,1,1,1,1,0,0,0,22.65,89.7667,Stable Platform Zone,230.0,Indian–Burma Plate Boundary,1950.0,6.0,Bogra Fault,Low,Khulna
Chuadanga,468233,Khulna,2004,3,2,1,1,0,0,0,0,23.63,88.83,Stable Platform Zone,180.0,Indian–Burma Plate Boundary,1950.0,6.0,Stable Platform,Low,Khulna
Chuadanga,1789398,Khulna,2004,2,1,0,0,0,0,0,0,23.63,88.83,Stable Platform Zone,180.0,Indian–Burma Plate Boundary,1950.0,6.0,Stable Platform,Low,Khulna
Jessore,2022596,Khulna,2004,2,1,1,0,0,0,0,0,23.1707,89.2124,Stable Platform Zone,210.0,Indian–Burma Plate Boundary,1950.0,6.0,Stable Platform,Low,Khulna
Jessore,1655090,Khulna,2004,4,3,1,0,0,0,0,0,23.1707,89.2124,Stable Platform Zone,210.0,Indian–Burma Plate Boundary,1950.0,6.0,Stable Platform,Low,Khulna
Jhenaidah,1985427,Khulna,2004,3,2,1,1,0,0,0,0,23.55,89.15,Stable Platform Zone,200.0,Indian–Burma Plate Boundary,1950.0,6.0,Stable Platform,Low,Khulna
Jhenaidah,1543664,Khulna,2004,4,3,1,1,0,0,0,0,23.55,89.15,Stable Platform Zone,200.0,Indian–Burma Plate Boundary,1950.0,6.0,Stable Platform,Low,Khulna
Khulna,2412707,Khulna,2004,1,0,0,0,0,0,0,0,22.8167,89.55,Stable Platform Zone,220.0,Indian–Burma Plate Boundary,1950.0,6.0,Bogra Fault,Low,Khulna
Khulna,952516,Khulna,2004,3,1,0,0,0,0,0,0,22.8167,89.55,Stable Platform Zone,220.0,Indian–Burma Plate Boundary,1950.0,6.0,Bogra Fault,Low,Khulna
Kushtia,996080,Khulna,2004,2,1,1,1,0,0,0,0,23.9,89.12,Stable Platform Zone,170.0,Indian–Burma Plate Boundary,1950.0,6.0,Stable Platform,Low,Khulna
Kushtia,1170796,Khulna,2004,2,1,1,0,0,0,0,0,23.9,89.12,Stable Platform Zone,170.0,Indian–Burma Plate Boundary,1950.0,6.0,Stable Platform,Low,Khulna
Magura,1739107,Khulna,2004,2,1,0,0,0,0,0,0,23.49,89.42,Stable Platform Zone,200.0,Indian–Burma Plate Boundary,1950.0,6.0,Stable Platform,Low,Khulna
Magura,969446,Khulna,2004,0,0,0,0,0,0,0,0,23.49,89.42,Stable Platform Zone,200.0,Indian–Burma Plate Boundary,1950.0,6.0,Stable Platform,Low,Khulna
Meherpur,1796147,Khulna,2004,4,0,0,0,0,0,0,0,23.77,88.63,Stable Platform Zone,200.0,Indian–Burma Plate Boundary,1950.0,6.0,Stable Platform,Low,Khulna
Meherpur,668934,Khulna,2004,2,2,2,0,0,0,0,0,23.77,88.63,Stable Platform Zone,200.0,Indian–Burma Plate Boundary,1950.0,6.0,Stable Platform,Low,Khulna
Narail,2518059,Khulna,2004,3,1,0,0,0,0,0,0,23.18,89.5,Stable Platform Zone,190.0,Indian–Burma Plate Boundary,1950.0,6.0,Stable Platform,Low,Khulna
Narail,1015541,Khulna,2004,2,2,0,0,0,0,0,0,23.18,89.5,Stable Platform Zone,190.0,Indian–Burma Plate Boundary,1950.0,6.0,Stable Platform,Low,Khulna
Satkhira,2908040,Khulna,2004,3,3,2,1,0,0,0,0,22.7234,89.0751,Stable Platform Zone,250.0,Indian–Burma Plate Boundary,1950.0,6.0,Stable Platform,Low,Khulna
Satkhira,833385,Khulna,2004,5,4,1,1,0,0,0,0,22.7234,89.0751,Stable Platform Zone,250.0,Indian–Burma Plate Boundary,1950.0,6.0,Stable Platform,Low,Khulna
Jamalpur,1477769,Mymensingh,2004,3,1,1,0,0,0,0,0,24.923,89.9501,Madhupur Fault Zone,100.0,Indian–Burma Plate Boundary,1897.0,7.5,Madhupur Fault,Medium,Mymensingh
Mymensingh,433557,Mymensingh,2004,4,2,1,1,0,0,0,0,24.7434,90.3984,Madhupur Fault Zone,80.0,Indian–Burma Plate Boundary,1897.0,7.5,Madhupur Fault,Medium,Mymensingh
Mymensingh,615630,Mymensingh,2004,3,3,0,0,0,0,0,0,24.7434,90.3984,Madhupur Fault Zone,80.0,Indian–Burma Plate Boundary,1897.0,7.5,Madhupur Fault,Medium,Mymensingh
Sherpur,1875167,Mymensingh,2004,4,4,0,0,0,0,0,0,25.0188,90.0175,Madhupur Fault Zone,95.0,Indian–Burma Plate Boundary,1897.0,7.5,Madhupur Fault,Medium,Mymensingh
Bogra,1177831,Rajshahi,2004,2,1,1,1,0,0,0,0,24.849,89.3677,Stable Platform Zone,140.0,Indian–Burma Plate Boundary,1950.0,6.0,Bogra Fault,Low,Rajshahi
Bogra,884064,Rajshahi,2004,1,1,0,0,0,0,0,0,24.849,89.3677,Stable Platform Zone,140.0,Indian–Burma Plate Boundary,1950.0,6.0,Bogra Fault,Low,Rajshahi
Joypurhat,1598738,Rajshahi,2004,3,2,2,1,0,0,0,0,25.1,89.02,Stable Platform Zone,160.0,Indian–Burma Plate Boundary,1950.0,6.0,Stable Platform,Low,Rajshahi
Joypurhat,1086111,Rajshahi,2004,6,3,2,1,0,0,0,0,25.1,89.02,Stable Platform Zone,160.0,Indian–Burma Plate Boundary,1950.0,6.0,Stable Platform,Low,Rajshahi
Naogaon,1431980,Rajshahi,2004,0,0,0,0,0,0,0,0,24.81,88.94,Stable Platform Zone,190.0,Indian–Burma Plate Boundary,1950.0,6.0,Bogra Fault,Low,Rajshahi
Naogaon,676449,Rajshahi,2004,3,2,2,1,0,0,0,0,24.81,88.94,Stable Platform Zone,190.0,Indian–Burma Plate Boundary,1950.0,6.0,Bogra Fault,Low,Rajshahi
Natore,716699,Rajshahi,2004,1,1,1,0,0,0,0,0,24.42,89.0,Stable Platform Zone,190.0,Indian–Burma Plate Boundary,1950.0,6.0,Bogra Fault,Low,Rajshahi
Natore,764767,Rajshahi,2004,2,0,0,0,0,0,0,0,24.42,89.0,Stable Platform Zone,190.0,Indian–Burma Plate Boundary,1950.0,6.0,Bogra Fault,Low,Rajshahi
Pabna,2452512,Rajshahi,2004,1,0,0,0,0,0,0,0,24.0064,89.2493,Stable Platform Zone,160.0,Indian–Burma Plate Boundary,1950.0,6.0,Stable Platform,Low,Rajshahi
Pabna,1199403,Rajshahi,2004,3,1,0,0,0,0,0,0,24.0064,89.2493,Stable Platform Zone,160.0,Indian–Burma Plate Boundary,1950.0,6.0,Stable Platform,Low,Rajshahi
Rajshahi,535878,Rajshahi,2004,5,3,2,0,0,0,0,0,24.3745,88.6042,Stable Platform Zone,200.0,Indian–Burma Plate Boundary,1950.0,6.0,Bogra Fault,Low,Rajshahi
Rajshahi,866082,Rajshahi,2004,4,4,3,1,0,0,0,0,24.3745,88.6042,Stable Platform Zone,200.0,Indian–Burma Plate Boundary,1950.0,6.0,Bogra Fault,Low,Rajshahi
Sirajganj,2058320,Rajshahi,2004,4,2,2,0,0,0,0,0,24.45,89.71,Stable Platform Zone,150.0,Indian–Burma Plate Boundary,1950.0,6.0,Stable Platform,Low,Rajshahi
Sirajganj,865556,Rajshahi,2004,4,4,1,1,0,0,0,0,24.45,89.71,Stable Platform Zone,150.0,Indian–Burma Plate Boundary,1950.0,6.0,Stable Platform,Low,Rajshahi
Dinajpur,2461911,Rangpur,2004,7,6,1,1,0,0,0,0,25.625,88.65,Stable Platform Zone,120.0,Indian–Burma Plate Boundary,1950.0,6.5,Himalayan Frontal Zone,Medium,Rangpur
Dinajpur,666480,Rangpur,2004,3,3,0,0,0,0,0,0,25.625,88.65,Stable Platform Zone,120.0,Indian–Burma Plate Boundary,1950.0,6.5,Himalayan Frontal Zone,Medium,Rangpur
Gaibandha,1715514,Rangpur,2004,0,0,0,0,0,0,0,0,25.33,89.55,Stable Platform Zone,130.0,Indian–Eurasian Plate Boundary,1950.0,6.5,Bogra Fault,Medium,Rangpur
Gaibandha,931295,Rangpur,2004,4,2,2,0,0,0,0,0,25.33,89.55,Stable Platform Zone,130.0,Indian–Eurasian Plate Boundary,1950.0,6.5,Bogra Fault,Medium,Rangpur
Kurigram,1284830,Rangpur,2004,1,0,0,0,0,0,0,0,25.81,89.65,Himalayan Frontal Zone,110.0,Indian–Eurasian Plate Boundary,1950.0,8.6,Assam Fault Belt,High,Rangpur
Kurigram,771401,Rangpur,2004,3,3,1,0,0,0,0,0,25.81,89.65,Himalayan Frontal Zone,110.0,Indian–Eurasian Plate Boundary,1950.0,8.6,Assam Fault Belt,High,Rangpur
Lalmonirhat,789723,Rangpur,2004,2,2,0,0,0,0,0,0,25.92,89.45,Himalayan Frontal Zone,100.0,Indian–Eurasian Plate Boundary,1950.0,8.6,Assam Fault Belt,High,Rangpur
Lalmonirhat,910061,Rangpur,2004,2,1,0,0,0,0,0,0,25.92,89.45,Himalayan Frontal Zone,100.0,Indian–Eurasian Plate Boundary,1950.0,8.6,Assam Fault Belt,High,Rangpur
Nilphamari,2229338,Rangpur,2004,4,3,1,0,0,0,0,0,25.95,88.85,Himalayan Frontal Zone,110.0,Indian–Eurasian Plate Boundary,1950.0,8.6,Assam Fault Belt,High,Rangpur
Nilphamari,841396,Rangpur,2004,3,3,0,0,0,0,0,0,25.95,88.85,Himalayan Frontal Zone,110.0,Indian–Eurasian Plate Boundary,1950.0,8.6,Assam Fault Belt,High,Rangpur
Panchagarh,2462250,Rangpur,2004,2,2,2,0,0,0,0,0,26.33,88.56,Himalayan Frontal Zone,90.0,Indian–Eurasian Plate Boundary,1950.0,8.6,Assam Fault Belt,High,Rangpur
Panchagarh,803086,Rangpur,2004,5,5,1,0,0,0,0,0,26.33,88.56,Himalayan Frontal Zone,90.0,Indian–Eurasian Plate Boundary,1950.0,8.6,Assam Fault Belt,High,Rangpur
Rangpur,2493672,Rangpur,2004,5,3,2,1,0,0,0,0,25.7449,89.2756,Stable Platform Zone,130.0,Indian–Burma Plate Boundary,1950.0,6.5,Himalayan Frontal Zone,Medium,Rangpur
Rangpur,144646,Rangpur,2004,3,3,2,1,1,0,0,0,25.7449,89.2756,Stable Platform Zone,130.0,Indian–Burma Plate Boundary,1950.0,6.5,Himalayan Frontal Zone,Medium,Rangpur
Thakurgaon,2011579,Rangpur,2004,4,4,1,0,0,0,0,0,26.02,88.46,Himalayan Frontal Zone,100.0,Indian–Eurasian Plate Boundary,1950.0,8.6,Assam Fault Belt,High,Rangpur
Thakurgaon,307446,Rangpur,2004,2,1,1,0,0,0,0,0,26.02,88.46,Himalayan Frontal Zone,100.0,Indian–Eurasian Plate Boundary,1950.0,8.6,Assam Fault Belt,High,Rangpur
Habiganj,1102750,Sylhet,2004,10,8,3,1,1,0,0,0,24.38,91.42,Tripura Fold Belt,80.0,Indian–Burma Plate Boundary,1918.0,7.0,Tripura Thrust Zone,Medium,Sylhet
Habiganj,897805,Sylhet,2004,13,10,3,1,0,0,0,0,24.38,91.42,Tripura Fold Belt,80.0,Indian–Burma Plate Boundary,1918.0,7.0,Tripura Thrust Zone,Medium,Sylhet
Moulvibazar,512747,Sylhet,2004,8,3,3,2,0,0,0,0,24.48,91.77,Dauki Fault Zone,35.0,Indian–Burma Plate Boundary,1918.0,7.5,Dauki Fault,High,Sylhet
Moulvibazar,752350,Sylhet,2004,11,6,4,2,0,0,0,0,24.48,91.77,Dauki Fault Zone,35.0,Indian–Burma Plate Boundary,1918.0,7.5,Dauki Fault,High,Sylhet
Sunamganj,2083191,Sylhet,2004,5,1,1,1,1,0,0,0,25.07,91.4,Dauki Fault Zone,45.0,Indian–Burma Plate Boundary,1918.0,7.5,Dauki Fault,High,Sylhet
Sunamganj,574249,Sylhet,2004,7,7,1,0,0,0,0,0,25.07,91.4,Dauki Fault Zone,45.0,Indian–Burma Plate Boundary,1918.0,7.5,Dauki Fault,High,Sylhet
Sylhet,1776009,Sylhet,2004,5,1,1,0,0,0,0,0,24.899,91.872,Dauki Fault Zone,30.0,Indian–Burma Plate Boundary,1918.0,7.5,Dauki Fault,High,Sylhet
Sylhet,307879,Sylhet,2004,10,6,5,1,1,0,0,0,24.899,91.872,Dauki Fault Zone,30.0,Indian–Burma Plate Boundary,1918.0,7.5,Dauki Fault,High,Sylhet
Barguna,1877393,Barisal,2005,4,4,0,0,0,0,0,0,22.15,90.13,Foredeep Basin,210.0,Indian–Burma Plate Boundary,1950.0,5.5,Foredeep Basin,Low,Barishal
Barguna,943154,Barisal,2005,2,1,0,0,0,0,0,0,22.15,90.13,Foredeep Basin,210.0,Indian–Burma Plate Boundary,1950.0,5.5,Foredeep Basin,Low,Barishal
Barishal,902997,Barisal,2005,4,4,1,0,0,0,0,0,22.7,90.37,Foredeep Basin,180.0,Indian–Burma Plate Boundary,1950.0,5.5,Foredeep Basin,Low,Barishal
Barishal,296102,Barisal,2005,1,0,0,0,0,0,0,0,22.7,90.37,Foredeep Basin,180.0,Indian–Burma Plate Boundary,1950.0,5.5,Foredeep Basin,Low,Barishal
Bhola,1486886,Barisal,2005,0,0,0,0,0,0,0,0,22.69,90.65,Foredeep Basin,190.0,Indian–Burma Plate Boundary,1950.0,5.5,Foredeep Basin,Low,Barishal
Bhola,445500,Barisal,2005,3,1,1,0,0,0,0,0,22.69,90.65,Foredeep Basin,190.0,Indian–Burma Plate Boundary,1950.0,5.5,Foredeep Basin,Low,Barishal
Patuakhali,792052,Barisal,2005,1,1,0,0,0,0,0,0,22.35,90.3,Foredeep Basin,200.0,Indian–Burma Plate Boundary,1950.0,5.5,Foredeep Basin,Low,Barishal
Patuakhali,149485,Barisal,2005,2,1,1,0,0,0,0,0,22.35,90.3,Foredeep Basin,200.0,Indian–Burma Plate Boundary,1950.0,5.5,Foredeep Basin,Low,Barishal
Pirojpur,2775341,Barisal,2005,1,1,0,0,0,0,0,0,22.58,89.98,Foredeep Basin,180.0,Indian–Burma Plate Boundary,1950.0,5.5,Foredeep Basin,Low,Barishal
Pirojpur,914384,Barisal,2005,1,0,0,0,0,0,0,0,22.58,89.98,Foredeep Basin,180.0,Indian–Burma Plate Boundary,1950.0,5.5,Foredeep Basin,Low,Barishal
Bandarban,1880418,Chittagong,2005,10,3,3,0,0,0,0,0,22.194,92.218,Indo‑Burma Fold Belt,25.0,Indian–Burma Plate Boundary,1762.0,8.0,Chittagong Hill Tracts Fold Belt,High,Chittagong
Bandarban,2036407,Chittagong,2005,14,8,7,1,0,0,0,0,22.194,92.218,Indo‑Burma Fold Belt,25.0,Indian–Burma Plate Boundary,1762.0,8.0,Chittagong Hill Tracts Fold Belt,High,Chittagong
Brahmanbaria,824292,Chittagong,2005,8,6,2,2,0,0,0,0,23.96,91.11,Tripura Fold Belt,85.0,Indian–Burma Plate Boundary,1897.0,7.5,Tripura Thrust Zone,Medium,Chittagong
Brahmanbaria,2308132,Chittagong,2005,8,5,4,1,0,0,0,0,23.96,91.11,Tripura Fold Belt,85.0,Indian–Burma Plate Boundary,1897.0,7.5,Tripura Thrust Zone,Medium,Chittagong
Chandpur,681859,Chittagong,2005,7,3,3,0,0,0,0,0,23.23,90.65,Foredeep Basin,150.0,Indian–Burma Plate Boundary,1897.0,6.5,Surma Basin,Low,Chittagong
Chandpur,4385101,Chittagong,2005,7,5,0,0,0,0,0,0,23.23,90.65,Foredeep Basin,150.0,Indian–Burma Plate Boundary,1897.0,6.5,Surma Basin,Low,Chittagong
Chittagong,1542341,Chittagong,2005,2,1,1,0,0,0,0,0,22.3419,91.8155,Indo‑Burma Subduction Zone,25.0,Indian–Burma Plate Boundary,1762.0,8.5,Arakan–Burma Subduction,High,Chittagong
Chittagong,5272306,Chittagong,2005,7,5,3,2,1,0,0,0,22.3419,91.8155,Indo‑Burma Subduction Zone,25.0,Indian–Burma Plate Boundary,1762.0,8.5,Arakan–Burma Subduction,High,Chittagong
Comilla,1649881,Chittagong,2005,5,2,1,1,0,0,0,0,23.45,91.1999,Tripura Fold Belt,80.0,Indian–Burma Plate Boundary,1897.0,7.5,Tripura Thrust Zone,Medium,Chittagong
Comilla,2807684,Chittagong,2005,12,10,5,1,1,0,0,0,23.45,91.1999,Tripura Fold Belt,80.0,Indian–Burma Plate Boundary,1897.0,7.5,Tripura Thrust Zone,Medium,Chittagong
Cox's Bazar,2681964,Chittagong,2005,6,5,1,1,0,0,0,0,21.4272,92.0058,Indo‑Burma Subduction Zone,15.0,Indian–Burma Plate Boundary,1762.0,8.5,Arakan Subduction,High,Chittagong
Cox's Bazar,3543336,Chittagong,2005,5,2,1,0,0,0,0,0,21.4272,92.0058,Indo‑Burma Subduction Zone,15.0,Indian–Burma Plate Boundary,1762.0,8.5,Arakan Subduction,High,Chittagong
Feni,2352392,Chittagong,2005,8,4,2,2,0,0,0,0,23.02,91.4,Tripura Fold Belt,90.0,Indian–Burma Plate Boundary,1897.0,7.5,Tripura Thrust Zone,Medium,Chittagong
Feni,4841950,Chittagong,2005,5,3,2,0,0,0,0,0,23.02,91.4,Tripura Fold Belt,90.0,Indian–Burma Plate Boundary,1897.0,7.5,Tripura Thrust Zone,Medium,Chittagong
Lakshmipur,2066103,Chittagong,2005,5,2,0,0,0,0,0,0,22.95,90.83,Tripura Fold Belt,100.0,Indian–Burma Plate Boundary,1897.0,7.5,Tripura Thrust Zone,Medium,Chittagong
Lakshmipur,2930712,Chittagong,2005,8,5,5,1,0,0,0,0,22.95,90.83,Tripura Fold Belt,100.0,Indian–Burma Plate Boundary,1897.0,7.5,Tripura Thrust Zone,Medium,Chittagong
Noakhali,2950680,Chittagong,2005,8,3,3,1,0,0,0,0,22.82,91.1,Tripura Fold Belt,90.0,Indian–Burma Plate Boundary,1897.0,7.5,Tripura Thrust Zone,Medium,Chittagong
Noakhali,4335664,Chittagong,2005,10,3,3,0,0,0,0,0,22.82,91.1,Tripura Fold Belt,90.0,Indian–Burma Plate Boundary,1897.0,7.5,Tripura Thrust Zone,Medium,Chittagong
Rangamati,2548713,Chittagong,2005,5,4,1,0,0,0,0,0,22.65,92.17,Indo‑Burma Fold Belt,50.0,Indian–Burma Plate Boundary,1762.0,7.0,Tripura Fold Belt,High,Chittagong
Rangamati,4736082,Chittagong,2005,7,3,1,1,0,0,0,0,22.65,92.17,Indo‑Burma Fold Belt,50.0,Indian–Burma Plate Boundary,1762.0,7.0,Tripura Fold Belt,High,Chittagong
Dhaka,733184,Dhaka,2005,1,1,0,0,0,0,0,0,23.8103,90.4125,Madhupur Fault Zone,100.0,Indian–Burma Plate Boundary,1885.0,7.2,Madhupur Fault,Medium,Dhaka
Dhaka,9830306,Dhaka,2005,5,5,1,1,1,0,0,0,23.8103,90.4125,Madhupur Fault Zone,100.0,Indian–Burma Plate Boundary,1885.0,7.2,Madhupur Fault,Medium,Dhaka
Faridpur,2149703,Dhaka,2005,2,1,1,0,0,0,0,0,23.607,89.8429,Foredeep Basin,160.0,Indian–Burma Plate Boundary,1885.0,6.0,Foredeep Basin,Low,Dhaka
Faridpur,5705447,Dhaka,2005,6,2,2,2,0,0,0,0,23.607,89.8429,Foredeep Basin,160.0,Indian–Burma Plate Boundary,1885.0,6.0,Foredeep Basin,Low,Dhaka
Gazipur,2184165,Dhaka,2005,6,4,1,0,0,0,0,0,24.0,90.4167,Madhupur Fault Zone,95.0,Indian–Burma Plate Boundary,1885.0,7.2,Madhupur Fault,Medium,Dhaka
Gazipur,7790377,Dhaka,2005,5,3,2,1,0,0,0,0,24.0,90.4167,Madhupur Fault Zone,95.0,Indian–Burma Plate Boundary,1885.0,7.2,Madhupur Fault,Medium,Dhaka
Gopalganj,2791677,Dhaka,2005,5,1,1,1,0,0,0,0,23.02,89.83,Foredeep Basin,170.0,Indian–Burma Plate Boundary,1885.0,6.0,Foredeep Basin,Low,Dhaka
Gopalganj,6945616,Dhaka,2005,10,8,5,2,1,0,0,0,23.02,89.83,Foredeep Basin,170.0,Indian–Burma Plate Boundary,1885.0,6.0,Foredeep Basin,Low,Dhaka
Kishoreganj,984268,Dhaka,2005,3,1,1,0,0,0,0,0,24.44,90.77,Madhupur Fault Zone,100.0,Indian–Burma Plate Boundary,1885.0,7.2,Madhupur Fault,Medium,Dhaka
Madaripur,1428543,Dhaka,2005,3,1,1,1,0,0,0,0,23.17,90.19,Foredeep Basin,150.0,Indian–Burma Plate Boundary,1885.0,6.0,Foredeep Basin,Low,Dhaka
Madaripur,6238621,Dhaka,2005,4,3,1,1,0,0,0,0,23.17,90.19,Foredeep Basin,150.0,Indian–Burma Plate Boundary,1885.0,6.0,Foredeep Basin,Low,Dhaka
Manikganj,509255,Dhaka,2005,3,3,2,0,0,0,0,0,23.86,90.0,Madhupur Fault Zone,90.0,Indian–Burma Plate Boundary,1885.0,7.2,Madhupur Fault,Medium,Dhaka
Manikganj,11661226,Dhaka,2005,1,1,0,0,0,0,0,0,23.86,90.0,Madhupur Fault Zone,90.0,Indian–Burma Plate Boundary,1885.0,7.2,Madhupur Fault,Medium,Dhaka
Munshiganj,577216,Dhaka,2005,1,0,0,0,0,0,0,0,23.54,90.53,Foredeep Basin,130.0,Indian–Burma Plate Boundary,1885.0,6.0,Foredeep Basin,Low,Dhaka
Munshiganj,5466083,Dhaka,2005,1,1,0,0,0,0,0,0,23.54,90.53,Foredeep Basin,130.0,Indian–Burma Plate Boundary,1885.0,6.0,Foredeep Basin,Low,Dhaka
Narayanganj,1800545,Dhaka,2005,2,2,1,0,0,0,0,0,23.6226,90.501,Madhupur Fault Zone,110.0,Indian–Burma Plate Boundary,1885.0,7.2,Madhupur Fault,Medium,Dhaka
Narayanganj,10013483,Dhaka,2005,6,5,3,0,0,0,0,0,23.6226,90.501,Madhupur Fault Zone,110.0,Indian–Burma Plate Boundary,1885.0,7.2,Madhupur Fault,Medium,Dhaka
Narsingdi,1019776,Dhaka,2005,1,0,0,0,0,0,0,0,23.9207,90.7188,Madhupur Fault Zone,110.0,Indian–Burma Plate Boundary,1885.0,7.2,Madhupur Fault,Medium,Dhaka
Narsingdi,9157858,Dhaka,2005,5,2,1,0,0,0,0,0,23.9207,90.7188,Madhupur Fault Zone,110.0,Indian–Burma Plate Boundary,1885.0,7.2,Madhupur Fault,Medium,Dhaka
Rajbari,1390210,Dhaka,2005,4,3,2,0,0,0,0,0,23.72,89.65,Foredeep Basin,180.0,Indian–Burma Plate Boundary,1885.0,6.0,Foredeep Basin,Low,Dhaka
Rajbari,7960638,Dhaka,2005,0,0,0,0,0,0,0,0,23.72,89.65,Foredeep Basin,180.0,Indian–Burma Plate Boundary,1885.0,6.0,Foredeep Basin,Low,Dhaka
Shariatpur,456082,Dhaka,2005,5,3,0,0,0,0,0,0,23.22,90.35,Foredeep Basin,150.0,Indian–Burma Plate Boundary,1885.0,6.0,Foredeep Basin,Low,Dhaka
Shariatpur,8171684,Dhaka,2005,3,2,2,1,0,0,0,0,23.22,90.35,Foredeep Basin,150.0,Indian–Burma Plate Boundary,1885.0,6.0,Foredeep Basin,Low,Dhaka
Tangail,2117364,Dhaka,2005,1,0,0,0,0,0,0,0,24.25,89.9167,Madhupur Fault Zone,90.0,Indian–Burma Plate Boundary,1885.0,7.2,Madhupur Fault,Medium,Dhaka
Tangail,9826767,Dhaka,2005,3,2,0,0,0,0,0,0,24.25,89.9167,Madhupur Fault Zone,90.0,Indian–Burma Plate Boundary,1885.0,7.2,Madhupur Fault,Medium,Dhaka
Bagerhat,1408017,Khulna,2005,6,3,2,0,0,0,0,0,22.65,89.7667,Stable Platform Zone,230.0,Indian–Burma Plate Boundary,1950.0,6.0,Bogra Fault,Low,Khulna
Bagerhat,816798,Khulna,2005,1,1,0,0,0,0,0,0,22.65,89.7667,Stable Platform Zone,230.0,Indian–Burma Plate Boundary,1950.0,6.0,Bogra Fault,Low,Khulna
Chuadanga,2278218,Khulna,2005,4,4,2,0,0,0,0,0,23.63,88.83,Stable Platform Zone,180.0,Indian–Burma Plate Boundary,1950.0,6.0,Stable Platform,Low,Khulna
Chuadanga,1062238,Khulna,2005,3,2,0,0,0,0,0,0,23.63,88.83,Stable Platform Zone,180.0,Indian–Burma Plate Boundary,1950.0,6.0,Stable Platform,Low,Khulna
Jessore,2337192,Khulna,2005,4,3,1,1,0,0,0,0,23.1707,89.2124,Stable Platform Zone,210.0,Indian–Burma Plate Boundary,1950.0,6.0,Stable Platform,Low,Khulna
Jessore,1542684,Khulna,2005,1,0,0,0,0,0,0,0,23.1707,89.2124,Stable Platform Zone,210.0,Indian–Burma Plate Boundary,1950.0,6.0,Stable Platform,Low,Khulna
Jhenaidah,2836760,Khulna,2005,3,0,0,0,0,0,0,0,23.55,89.15,Stable Platform Zone,200.0,Indian–Burma Plate Boundary,1950.0,6.0,Stable Platform,Low,Khulna
Jhenaidah,657597,Khulna,2005,3,1,0,0,0,0,0,0,23.55,89.15,Stable Platform Zone,200.0,Indian–Burma Plate Boundary,1950.0,6.0,Stable Platform,Low,Khulna
Khulna,703775,Khulna,2005,4,4,0,0,0,0,0,0,22.8167,89.55,Stable Platform Zone,220.0,Indian–Burma Plate Boundary,1950.0,6.0,Bogra Fault,Low,Khulna
Khulna,667371,Khulna,2005,3,1,1,0,0,0,0,0,22.8167,89.55,Stable Platform Zone,220.0,Indian–Burma Plate Boundary,1950.0,6.0,Bogra Fault,Low,Khulna
Kushtia,2015048,Khulna,2005,1,0,0,0,0,0,0,0,23.9,89.12,Stable Platform Zone,170.0,Indian–Burma Plate Boundary,1950.0,6.0,Stable Platform,Low,Khulna
Kushtia,709503,Khulna,2005,3,2,1,1,0,0,0,0,23.9,89.12,Stable Platform Zone,170.0,Indian–Burma Plate Boundary,1950.0,6.0,Stable Platform,Low,Khulna
Magura,952358,Khulna,2005,4,4,2,0,0,0,0,0,23.49,89.42,Stable Platform Zone,200.0,Indian–Burma Plate Boundary,1950.0,6.0,Stable Platform,Low,Khulna
Magura,1225199,Khulna,2005,1,1,1,0,0,0,0,0,23.49,89.42,Stable Platform Zone,200.0,Indian–Burma Plate Boundary,1950.0,6.0,Stable Platform,Low,Khulna
Meherpur,2770418,Khulna,2005,0,0,0,0,0,0,0,0,23.77,88.63,Stable Platform Zone,200.0,Indian–Burma Plate Boundary,1950.0,6.0,Stable Platform,Low,Khulna
Meherpur,1636909,Khulna,2005,9,3,0,0,0,0,0,0,23.77,88.63,Stable Platform Zone,200.0,Indian–Burma Plate Boundary,1950.0,6.0,Stable Platform,Low,Khulna
Narail,686452,Khulna,2005,2,1,0,0,0,0,0,0,23.18,89.5,Stable Platform Zone,190.0,Indian–Burma Plate Boundary,1950.0,6.0,Stable Platform,Low,Khulna
Narail,1460881,Khulna,2005,2,1,1,0,0,0,0,0,23.18,89.5,Stable Platform Zone,190.0,Indian–Burma Plate Boundary,1950.0,6.0,Stable Platform,Low,Khulna
Satkhira,1917606,Khulna,2005,1,0,0,0,0,0,0,0,22.7234,89.0751,Stable Platform Zone,250.0,Indian–Burma Plate Boundary,1950.0,6.0,Stable Platform,Low,Khulna
Satkhira,1431974,Khulna,2005,0,0,0,0,0,0,0,0,22.7234,89.0751,Stable Platform Zone,250.0,Indian–Burma Plate Boundary,1950.0,6.0,Stable Platform,Low,Khulna
Jamalpur,2228882,Mymensingh,2005,4,3,1,1,0,0,0,0,24.923,89.9501,Madhupur Fault Zone,100.0,Indian–Burma Plate Boundary,1897.0,7.5,Madhupur Fault,Medium,Mymensingh
Mymensingh,1176845,Mymensingh,2005,5,2,1,0,0,0,0,0,24.7434,90.3984,Madhupur Fault Zone,80.0,Indian–Burma Plate Boundary,1897.0,7.5,Madhupur Fault,Medium,Mymensingh
Mymensingh,647749,Mymensingh,2005,2,2,0,0,0,0,0,0,24.7434,90.3984,Madhupur Fault Zone,80.0,Indian–Burma Plate Boundary,1897.0,7.5,Madhupur Fault,Medium,Mymensingh
Sherpur,879399,Mymensingh,2005,5,2,2,2,0,0,0,0,25.0188,90.0175,Madhupur Fault Zone,95.0,Indian–Burma Plate Boundary,1897.0,7.5,Madhupur Fault,Medium,Mymensingh
Bogra,2774606,Rajshahi,2005,3,2,2,0,0,0,0,0,24.849,89.3677,Stable Platform Zone,140.0,Indian–Burma Plate Boundary,1950.0,6.0,Bogra Fault,Low,Rajshahi
Bogra,1079877,Rajshahi,2005,1,0,0,0,0,0,0,0,24.849,89.3677,Stable Platform Zone,140.0,Indian–Burma Plate Boundary,1950.0,6.0,Bogra Fault,Low,Rajshahi
Joypurhat,1306133,Rajshahi,2005,3,2,0,0,0,0,0,0,25.1,89.02,Stable Platform Zone,160.0,Indian–Burma Plate Boundary,1950.0,6.0,Stable Platform,Low,Rajshahi
Joypurhat,1118627,Rajshahi,2005,4,2,2,0,0,0,0,0,25.1,89.02,Stable Platform Zone,160.0,Indian–Burma Plate Boundary,1950.0,6.0,Stable Platform,Low,Rajshahi
Naogaon,1519628,Rajshahi,2005,4,3,2,2,0,0,0,0,24.81,88.94,Stable Platform Zone,190.0,Indian–Burma Plate Boundary,1950.0,6.0,Bogra Fault,Low,Rajshahi
Naogaon,1179717,Rajshahi,2005,4,2,1,0,0,0,0,0,24.81,88.94,Stable Platform Zone,190.0,Indian–Burma Plate Boundary,1950.0,6.0,Bogra Fault,Low,Rajshahi
Natore,2564828,Rajshahi,2005,0,0,0,0,0,0,0,0,24.42,89.0,Stable Platform Zone,190.0,Indian–Burma Plate Boundary,1950.0,6.0,Bogra Fault,Low,Rajshahi
Natore,970720,Rajshahi,2005,6,4,3,0,0,0,0,0,24.42,89.0,Stable Platform Zone,190.0,Indian–Burma Plate Boundary,1950.0,6.0,Bogra Fault,Low,Rajshahi
Pabna,1006957,Rajshahi,2005,3,2,1,1,0,0,0,0,24.0064,89.2493,Stable Platform Zone,160.0,Indian–Burma Plate Boundary,1950.0,6.0,Stable Platform,Low,Rajshahi
Pabna,539073,Rajshahi,2005,1,1,0,0,0,0,0,0,24.0064,89.2493,Stable Platform Zone,160.0,Indian–Burma Plate Boundary,1950.0,6.0,Stable Platform,Low,Rajshahi
Rajshahi,610909,Rajshahi,2005,2,0,0,0,0,0,0,0,24.3745,88.6042,Stable Platform Zone,200.0,Indian–Burma Plate Boundary,1950.0,6.0,Bogra Fault,Low,Rajshahi
Rajshahi,922984,Rajshahi,2005,4,4,0,0,0,0,0,0,24.3745,88.6042,Stable Platform Zone,200.0,Indian–Burma Plate Boundary,1950.0,6.0,Bogra Fault,Low,Rajshahi
Sirajganj,1538555,Rajshahi,2005,4,2,2,0,0,0,0,0,24.45,89.71,Stable Platform Zone,150.0,Indian–Burma Plate Boundary,1950.0,6.0,Stable Platform,Low,Rajshahi
Sirajganj,895109,Rajshahi,2005,6,5,2,1,0,0,0,0,24.45,89.71,Stable Platform Zone,150.0,Indian–Burma Plate Boundary,1950.0,6.0,Stable Platform,Low,Rajshahi
Dinajpur,798876,Rangpur,2005,3,0,0,0,0,0,0,0,25.625,88.65,Stable Platform Zone,120.0,Indian–Burma Plate Boundary,1950.0,6.5,Himalayan Frontal Zone,Medium,Rangpur
Dinajpur,569953,Rangpur,2005,4,1,1,0,0,0,0,0,25.625,88.65,Stable Platform Zone,120.0,Indian–Burma Plate Boundary,1950.0,6.5,Himalayan Frontal Zone,Medium,Rangpur
Gaibandha,796333,Rangpur,2005,3,3,2,2,0,0,0,0,25.33,89.55,Stable Platform Zone,130.0,Indian–Eurasian Plate Boundary,1950.0,6.5,Bogra Fault,Medium,Rangpur
Gaibandha,716915,Rangpur,2005,3,2,0,0,0,0,0,0,25.33,89.55,Stable Platform Zone,130.0,Indian–Eurasian Plate Boundary,1950.0,6.5,Bogra Fault,Medium,Rangpur
Kurigram,2358138,Rangpur,2005,2,2,0,0,0,0,0,0,25.81,89.65,Himalayan Frontal Zone,110.0,Indian–Eurasian Plate Boundary,1950.0,8.6,Assam Fault Belt,High,Rangpur
Kurigram,429640,Rangpur,2005,5,3,1,1,0,0,0,0,25.81,89.65,Himalayan Frontal Zone,110.0,Indian–Eurasian Plate Boundary,1950.0,8.6,Assam Fault Belt,High,Rangpur
Lalmonirhat,638710,Rangpur,2005,1,0,0,0,0,0,0,0,25.92,89.45,Himalayan Frontal Zone,100.0,Indian–Eurasian Plate Boundary,1950.0,8.6,Assam Fault Belt,High,Rangpur
Lalmonirhat,100518,Rangpur,2005,3,1,1,1,0,0,0,0,25.92,89.45,Himalayan Frontal Zone,100.0,Indian–Eurasian Plate Boundary,1950.0,8.6,Assam Fault Belt,High,Rangpur
Nilphamari,536404,Rangpur,2005,1,1,0,0,0,0,0,0,25.95,88.85,Himalayan Frontal Zone,110.0,Indian–Eurasian Plate Boundary,1950.0,8.6,Assam Fault Belt,High,Rangpur
Nilphamari,498468,Rangpur,2005,4,1,1,0,0,0,0,0,25.95,88.85,Himalayan Frontal Zone,110.0,Indian–Eurasian Plate Boundary,1950.0,8.6,Assam Fault Belt,High,Rangpur
Panchagarh,1255372,Rangpur,2005,4,3,1,0,0,0,0,0,26.33,88.56,Himalayan Frontal Zone,90.0,Indian–Eurasian Plate Boundary,1950.0,8.6,Assam Fault Belt,High,Rangpur
Panchagarh,206324,Rangpur,2005,2,1,0,0,0,0,0,0,26.33,88.56,Himalayan Frontal Zone,90.0,Indian–Eurasian Plate Boundary,1950.0,8.6,Assam Fault Belt,High,Rangpur
Rangpur,2277252,Rangpur,2005,4,2,2,0,0,0,0,0,25.7449,89.2756,Stable Platform Zone,130.0,Indian–Burma Plate Boundary,1950.0,6.5,Himalayan Frontal Zone,Medium,Rangpur
Rangpur,167494,Rangpur,2005,2,2,1,0,0,0,0,0,25.7449,89.2756,Stable Platform Zone,130.0,Indian–Burma Plate Boundary,1950.0,6.5,Himalayan Frontal Zone,Medium,Rangpur
Thakurgaon,2034415,Rangpur,2005,0,0,0,0,0,0,0,0,26.02,88.46,Himalayan Frontal Zone,100.0,Indian–Eurasian Plate Boundary,1950.0,8.6,Assam Fault Belt,High,Rangpur
Thakurgaon,166886,Rangpur,2005,7,7,1,1,1,0,0,0,26.02,88.46,Himalayan Frontal Zone,100.0,Indian–Eurasian Plate Boundary,1950.0,8.6,Assam Fault Belt,High,Rangpur
Habiganj,901030,Sylhet,2005,7,3,1,1,0,0,0,0,24.38,91.42,Tripura Fold Belt,80.0,Indian–Burma Plate Boundary,1918.0,7.0,Tripura Thrust Zone,Medium,Sylhet
Habiganj,486937,Sylhet,2005,6,4,4,1,0,0,0,0,24.38,91.42,Tripura Fold Belt,80.0,Indian–Burma Plate Boundary,1918.0,7.0,Tripura Thrust Zone,Medium,Sylhet
Moulvibazar,1271233,Sylhet,2005,7,5,3,0,0,0,0,0,24.48,91.77,Dauki Fault Zone,35.0,Indian–Burma Plate Boundary,1918.0,7.5,Dauki Fault,High,Sylhet
Moulvibazar,367486,Sylhet,2005,13,9,3,3,1,0,0,0,24.48,91.77,Dauki Fault Zone,35.0,Indian–Burma Plate Boundary,1918.0,7.5,Dauki Fault,High,Sylhet
Sunamganj,1923085,Sylhet,2005,7,4,3,0,0,0,0,0,25.07,91.4,Dauki Fault Zone,45.0,Indian–Burma Plate Boundary,1918.0,7.5,Dauki Fault,High,Sylhet
Sunamganj,450299,Sylhet,2005,9,4,0,0,0,0,0,0,25.07,91.4,Dauki Fault Zone,45.0,Indian–Burma Plate Boundary,1918.0,7.5,Dauki Fault,High,Sylhet
Sylhet,1782643,Sylhet,2005,6,3,3,0,0,0,0,0,24.899,91.872,Dauki Fault Zone,30.0,Indian–Burma Plate Boundary,1918.0,7.5,Dauki Fault,High,Sylhet
Sylhet,437653,Sylhet,2005,8,5,2,1,1,0,0,0,24.899,91.872,Dauki Fault Zone,30.0,Indian–Burma Plate Boundary,1918.0,7.5,Dauki Fault,High,Sylhet
Barguna,1754542,Barisal,2006,1,1,1,0,0,0,0,0,22.15,90.13,Foredeep Basin,210.0,Indian–Burma Plate Boundary,1950.0,5.5,Foredeep Basin,Low,Barishal
Barguna,166120,Barisal,2006,2,2,1,1,0,0,0,0,22.15,90.13,Foredeep Basin,210.0,Indian–Burma Plate Boundary,1950.0,5.5,Foredeep Basin,Low,Barishal
Barishal,1857026,Barisal,2006,2,0,0,0,0,0,0,0,22.7,90.37,Foredeep Basin,180.0,Indian–Burma Plate Boundary,1950.0,5.5,Foredeep Basin,Low,Barishal
Barishal,957308,Barisal,2006,3,2,2,2,0,0,0,0,22.7,90.37,Foredeep Basin,180.0,Indian–Burma Plate Boundary,1950.0,5.5,Foredeep Basin,Low,Barishal
Bhola,2302909,Barisal,2006,1,0,0,0,0,0,0,0,22.69,90.65,Foredeep Basin,190.0,Indian–Burma Plate Boundary,1950.0,5.5,Foredeep Basin,Low,Barishal
Bhola,765080,Barisal,2006,6,4,1,1,1,0,0,0,22.69,90.65,Foredeep Basin,190.0,Indian–Burma Plate Boundary,1950.0,5.5,Foredeep Basin,Low,Barishal
Patuakhali,2560316,Barisal,2006,1,0,0,0,0,0,0,0,22.35,90.3,Foredeep Basin,200.0,Indian–Burma Plate Boundary,1950.0,5.5,Foredeep Basin,Low,Barishal
Patuakhali,545994,Barisal,2006,0,0,0,0,0,0,0,0,22.35,90.3,Foredeep Basin,200.0,Indian–Burma Plate Boundary,1950.0,5.5,Foredeep Basin,Low,Barishal
Pirojpur,1526385,Barisal,2006,2,2,1,0,0,0,0,0,22.58,89.98,Foredeep Basin,180.0,Indian–Burma Plate Boundary,1950.0,5.5,Foredeep Basin,Low,Barishal
Pirojpur,423489,Barisal,2006,2,1,1,1,0,0,0,0,22.58,89.98,Foredeep Basin,180.0,Indian–Burma Plate Boundary,1950.0,5.5,Foredeep Basin,Low,Barishal
Bandarban,2197385,Chittagong,2006,3,3,0,0,0,0,0,0,22.194,92.218,Indo‑Burma Fold Belt,25.0,Indian–Burma Plate Boundary,1762.0,8.0,Chittagong Hill Tracts Fold Belt,High,Chittagong
Bandarban,5685409,Chittagong,2006,10,4,4,1,0,0,0,0,22.194,92.218,Indo‑Burma Fold Belt,25.0,Indian–Burma Plate Boundary,1762.0,8.0,Chittagong Hill Tracts Fold Belt,High,Chittagong
Brahmanbaria,827564,Chittagong,2006,8,3,1,0,0,0,0,0,23.96,91.11,Tripura Fold Belt,85.0,Indian–Burma Plate Boundary,1897.0,7.5,Tripura Thrust Zone,Medium,Chittagong
Brahmanbaria,2637487,Chittagong,2006,6,5,1,0,0,0,0,0,23.96,91.11,Tripura Fold Belt,85.0,Indian–Burma Plate Boundary,1897.0,7.5,Tripura Thrust Zone,Medium,Chittagong
Chandpur,1897855,Chittagong,2006,12,8,2,2,0,0,0,0,23.23,90.65,Foredeep Basin,150.0,Indian–Burma Plate Boundary,1897.0,6.5,Surma Basin,Low,Chittagong
Chandpur,2903394,Chittagong,2006,9,6,4,3,0,0,0,0,23.23,90.65,Foredeep Basin,150.0,Indian–Burma Plate Boundary,1897.0,6.5,Surma Basin,Low,Chittagong
Chittagong,1889933,Chittagong,2006,4,2,2,1,1,0,0,0,22.3419,91.8155,Indo‑Burma Subduction Zone,25.0,Indian–Burma Plate Boundary,1762.0,8.5,Arakan–Burma Subduction,High,Chittagong
Chittagong,2131541,Chittagong,2006,8,5,5,1,0,0,0,0,22.3419,91.8155,Indo‑Burma Subduction Zone,25.0,Indian–Burma Plate Boundary,1762.0,8.5,Arakan–Burma Subduction,High,Chittagong
Comilla,2237611,Chittagong,2006,6,3,1,1,0,0,0,0,23.45,91.1999,Tripura Fold Belt,80.0,Indian–Burma Plate Boundary,1897.0,7.5,Tripura Thrust Zone,Medium,Chittagong
Comilla,2989003,Chittagong,2006,5,4,1,1,0,0,0,0,23.45,91.1999,Tripura Fold Belt,80.0,Indian–Burma Plate Boundary,1897.0,7.5,Tripura Thrust Zone,Medium,Chittagong
Cox's Bazar,1035108,Chittagong,2006,6,4,4,0,0,0,0,0,21.4272,92.0058,Indo‑Burma Subduction Zone,15.0,Indian–Burma Plate Boundary,1762.0,8.5,Arakan Subduction,High,Chittagong
Cox's Bazar,3286577,Chittagong,2006,6,3,3,1,0,0,0,0,21.4272,92.0058,Indo‑Burma Subduction Zone,15.0,Indian–Burma Plate Boundary,1762.0,8.5,Arakan Subduction,High,Chittagong
Feni,2531181,Chittagong,2006,8,6,2,2,0,0,0,0,23.02,91.4,Tripura Fold Belt,90.0,Indian–Burma Plate Boundary,1897.0,7.5,Tripura Thrust Zone,Medium,Chittagong
Feni,3225894,Chittagong,2006,9,5,5,0,0,0,0,0,23.02,91.4,Tripura Fold Belt,90.0,Indian–Burma Plate Boundary,1897.0,7.5,Tripura Thrust Zone,Medium,Chittagong
Lakshmipur,1817534,Chittagong,2006,4,2,0,0,0,0,0,0,22.95,90.83,Tripura Fold Belt,100.0,Indian–Burma Plate Boundary,1897.0,7.5,Tripura Thrust Zone,Medium,Chittagong
Lakshmipur,3097324,Chittagong,2006,13,6,6,3,0,0,0,0,22.95,90.83,Tripura Fold Belt,100.0,Indian–Burma Plate Boundary,1897.0,7.5,Tripura Thrust Zone,Medium,Chittagong
Noakhali,1981282,Chittagong,2006,2,0,0,0,0,0,0,0,22.82,91.1,Tripura Fold Belt,90.0,Indian–Burma Plate Boundary,1897.0,7.5,Tripura Thrust Zone,Medium,Chittagong
Noakhali,5324530,Chittagong,2006,7,4,2,0,0,0,0,0,22.82,91.1,Tripura Fold Belt,90.0,Indian–Burma Plate Boundary,1897.0,7.5,Tripura Thrust Zone,Medium,Chittagong
Rangamati,1738619,Chittagong,2006,6,6,4,1,1,0,0,0,22.65,92.17,Indo‑Burma Fold Belt,50.0,Indian–Burma Plate Boundary,1762.0,7.0,Tripura Fold Belt,High,Chittagong
Rangamati,3600266,Chittagong,2006,9,7,5,1,1,0,0,0,22.65,92.17,Indo‑Burma Fold Belt,50.0,Indian–Burma Plate Boundary,1762.0,7.0,Tripura Fold Belt,High,Chittagong
Dhaka,2472073,Dhaka,2006,2,2,1,0,0,0,0,0,23.8103,90.4125,Madhupur Fault Zone,100.0,Indian–Burma Plate Boundary,1885.0,7.2,Madhupur Fault,Medium,Dhaka
Dhaka,6502267,Dhaka,2006,5,2,1,1,0,0,0,0,23.8103,90.4125,Madhupur Fault Zone,100.0,Indian–Burma Plate Boundary,1885.0,7.2,Madhupur Fault,Medium,Dhaka
Faridpur,1352603,Dhaka,2006,3,2,2,2,0,0,0,0,23.607,89.8429,Foredeep Basin,160.0,Indian–Burma Plate Boundary,1885.0,6.0,Foredeep Basin,Low,Dhaka
Faridpur,5958899,Dhaka,2006,7,3,2,0,0,0,0,0,23.607,89.8429,Foredeep Basin,160.0,Indian–Burma Plate Boundary,1885.0,6.0,Foredeep Basin,Low,Dhaka
Gazipur,2898282,Dhaka,2006,2,2,0,0,0,0,0,0,24.0,90.4167,Madhupur Fault Zone,95.0,Indian–Burma Plate Boundary,1885.0,7.2,Madhupur Fault,Medium,Dhaka
Gazipur,6974034,Dhaka,2006,4,3,0,0,0,0,0,0,24.0,90.4167,Madhupur Fault Zone,95.0,Indian–Burma Plate Boundary,1885.0,7.2,Madhupur Fault,Medium,Dhaka
Gopalganj,2375627,Dhaka,2006,5,4,2,0,0,0,0,0,23.02,89.83,Foredeep Basin,170.0,Indian–Burma Plate Boundary,1885.0,6.0,Foredeep Basin,Low,Dhaka
Gopalganj,7294360,Dhaka,2006,5,1,1,1,0,0,0,0,23.02,89.83,Foredeep Basin,170.0,Indian–Burma Plate Boundary,1885.0,6.0,Foredeep Basin,Low,Dhaka
Kishoreganj,2494044,Dhaka,2006,7,4,3,0,0,0,0,0,24.44,90.77,Madhupur Fault Zone,100.0,Indian–Burma Plate Boundary,1885.0,7.2,Madhupur Fault,Medium,Dhaka
Madaripur,795687,Dhaka,2006,0,0,0,0,0,0,0,0,23.17,90.19,Foredeep Basin,150.0,Indian–Burma Plate Boundary,1885.0,6.0,Foredeep Basin,Low,Dhaka
Madaripur,9236747,Dhaka,2006,5,2,1,0,0,0,0,0,23.17,90.19,Foredeep Basin,150.0,Indian–Burma Plate Boundary,1885.0,6.0,Foredeep Basin,Low,Dhaka
Manikganj,491695,Dhaka,2006,8,6,6,0,0,0,0,0,23.86,90.0,Madhupur Fault Zone,90.0,Indian–Burma Plate Boundary,1885.0,7.2,Madhupur Fault,Medium,Dhaka
Manikganj,6062303,Dhaka,2006,3,3,2,1,0,0,0,0,23.86,90.0,Madhupur Fault Zone,90.0,Indian–Burma Plate Boundary,1885.0,7.2,Madhupur Fault,Medium,Dhaka
Munshiganj,670427,Dhaka,2006,1,0,0,0,0,0,0,0,23.54,90.53,Foredeep Basin,130.0,Indian–Burma Plate Boundary,1885.0,6.0,Foredeep Basin,Low,Dhaka
Munshiganj,9782681,Dhaka,2006,2,2,1,1,1,0,0,0,23.54,90.53,Foredeep Basin,130.0,Indian–Burma Plate Boundary,1885.0,6.0,Foredeep Basin,Low,Dhaka
Narayanganj,2120759,Dhaka,2006,1,1,0,0,0,0,0,0,23.6226,90.501,Madhupur Fault Zone,110.0,Indian–Burma Plate Boundary,1885.0,7.2,Madhupur Fault,Medium,Dhaka
Narayanganj,5297194,Dhaka,2006,1,1,1,0,0,0,0,0,23.6226,90.501,Madhupur Fault Zone,110.0,Indian–Burma Plate Boundary,1885.0,7.2,Madhupur Fault,Medium,Dhaka
Narsingdi,2290296,Dhaka,2006,4,2,1,0,0,0,0,0,23.9207,90.7188,Madhupur Fault Zone,110.0,Indian–Burma Plate Boundary,1885.0,7.2,Madhupur Fault,Medium,Dhaka
Narsingdi,6941490,Dhaka,2006,2,1,0,0,0,0,0,0,23.9207,90.7188,Madhupur Fault Zone,110.0,Indian–Burma Plate Boundary,1885.0,7.2,Madhupur Fault,Medium,Dhaka
Rajbari,1390159,Dhaka,2006,5,4,0,0,0,0,0,0,23.72,89.65,Foredeep Basin,180.0,Indian–Burma Plate Boundary,1885.0,6.0,Foredeep Basin,Low,Dhaka
Rajbari,8420082,Dhaka,2006,2,1,0,0,0,0,0,0,23.72,89.65,Foredeep Basin,180.0,Indian–Burma Plate Boundary,1885.0,6.0,Foredeep Basin,Low,Dhaka
Shariatpur,1845510,Dhaka,2006,4,3,2,0,0,0,0,0,23.22,90.35,Foredeep Basin,150.0,Indian–Burma Plate Boundary,1885.0,6.0,Foredeep Basin,Low,Dhaka
Shariatpur,10715071,Dhaka,2006,5,4,1,0,0,0,0,0,23.22,90.35,Foredeep Basin,150.0,Indian–Burma Plate Boundary,1885.0,6.0,Foredeep Basin,Low,Dhaka
Tangail,1348884,Dhaka,2006,0,0,0,0,0,0,0,0,24.25,89.9167,Madhupur Fault Zone,90.0,Indian–Burma Plate Boundary,1885.0,7.2,Madhupur Fault,Medium,Dhaka
Tangail,10459276,Dhaka,2006,2,0,0,0,0,0,0,0,24.25,89.9167,Madhupur Fault Zone,90.0,Indian–Burma Plate Boundary,1885.0,7.2,Madhupur Fault,Medium,Dhaka
Bagerhat,2721749,Khulna,2006,4,0,0,0,0,0,0,0,22.65,89.7667,Stable Platform Zone,230.0,Indian–Burma Plate Boundary,1950.0,6.0,Bogra Fault,Low,Khulna
Bagerhat,1065187,Khulna,2006,3,1,1,0,0,0,0,0,22.65,89.7667,Stable Platform Zone,230.0,Indian–Burma Plate Boundary,1950.0,6.0,Bogra Fault,Low,Khulna
Chuadanga,1786712,Khulna,2006,0,0,0,0,0,0,0,0,23.63,88.83,Stable Platform Zone,180.0,Indian–Burma Plate Boundary,1950.0,6.0,Stable Platform,Low,Khulna
Chuadanga,1327686,Khulna,2006,8,4,4,4,1,0,0,0,23.63,88.83,Stable Platform Zone,180.0,Indian–Burma Plate Boundary,1950.0,6.0,Stable Platform,Low,Khulna
Jessore,2737615,Khulna,2006,2,1,1,1,0,0,0,0,23.1707,89.2124,Stable Platform Zone,210.0,Indian–Burma Plate Boundary,1950.0,6.0,Stable Platform,Low,Khulna
Jessore,656890,Khulna,2006,4,1,0,0,0,0,0,0,23.1707,89.2124,Stable Platform Zone,210.0,Indian–Burma Plate Boundary,1950.0,6.0,Stable Platform,Low,Khulna
Jhenaidah,433869,Khulna,2006,2,2,2,1,0,0,0,0,23.55,89.15,Stable Platform Zone,200.0,Indian–Burma Plate Boundary,1950.0,6.0,Stable Platform,Low,Khulna
Jhenaidah,1477824,Khulna,2006,3,0,0,0,0,0,0,0,23.55,89.15,Stable Platform Zone,200.0,Indian–Burma Plate Boundary,1950.0,6.0,Stable Platform,Low,Khulna
Khulna,1033012,Khulna,2006,2,0,0,0,0,0,0,0,22.8167,89.55,Stable Platform Zone,220.0,Indian–Burma Plate Boundary,1950.0,6.0,Bogra Fault,Low,Khulna
Khulna,1020035,Khulna,2006,2,2,0,0,0,0,0,0,22.8167,89.55,Stable Platform Zone,220.0,Indian–Burma Plate Boundary,1950.0,6.0,Bogra Fault,Low,Khulna
Kushtia,993686,Khulna,2006,3,3,2,0,0,0,0,0,23.9,89.12,Stable Platform Zone,170.0,Indian–Burma Plate Boundary,1950.0,6.0,Stable Platform,Low,Khulna
Kushtia,892170,Khulna,2006,3,1,1,1,1,0,0,0,23.9,89.12,Stable Platform Zone,170.0,Indian–Burma Plate Boundary,1950.0,6.0,Stable Platform,Low,Khulna
Magura,1667290,Khulna,2006,1,1,1,0,0,0,0,0,23.49,89.42,Stable Platform Zone,200.0,Indian–Burma Plate Boundary,1950.0,6.0,Stable Platform,Low,Khulna
Magura,960009,Khulna,2006,6,3,1,0,0,0,0,0,23.49,89.42,Stable Platform Zone,200.0,Indian–Burma Plate Boundary,1950.0,6.0,Stable Platform,Low,Khulna
Meherpur,1298607,Khulna,2006,2,1,0,0,0,0,0,0,23.77,88.63,Stable Platform Zone,200.0,Indian–Burma Plate Boundary,1950.0,6.0,Stable Platform,Low,Khulna
Meherpur,1634782,Khulna,2006,4,2,0,0,0,0,0,0,23.77,88.63,Stable Platform Zone,200.0,Indian–Burma Plate Boundary,1950.0,6.0,Stable Platform,Low,Khulna
Narail,1520335,Khulna,2006,1,1,0,0,0,0,0,0,23.18,89.5,Stable Platform Zone,190.0,Indian–Burma Plate Boundary,1950.0,6.0,Stable Platform,Low,Khulna
Narail,1017869,Khulna,2006,2,1,1,0,0,0,0,0,23.18,89.5,Stable Platform Zone,190.0,Indian–Burma Plate Boundary,1950.0,6.0,Stable Platform,Low,Khulna
Satkhira,2927068,Khulna,2006,4,2,1,1,0,0,0,0,22.7234,89.0751,Stable Platform Zone,250.0,Indian–Burma Plate Boundary,1950.0,6.0,Stable Platform,Low,Khulna
Satkhira,1649603,Khulna,2006,4,1,1,0,0,0,0,0,22.7234,89.0751,Stable Platform Zone,250.0,Indian–Burma Plate Boundary,1950.0,6.0,Stable Platform,Low,Khulna
Jamalpur,742396,Mymensingh,2006,2,1,1,0,0,0,0,0,24.923,89.9501,Madhupur Fault Zone,100.0,Indian–Burma Plate Boundary,1897.0,7.5,Madhupur Fault,Medium,Mymensingh
Mymensingh,629681,Mymensingh,2006,3,2,0,0,0,0,0,0,24.7434,90.3984,Madhupur Fault Zone,80.0,Indian–Burma Plate Boundary,1897.0,7.5,Madhupur Fault,Medium,Mymensingh
Mymensingh,335436,Mymensingh,2006,1,1,0,0,0,0,0,0,24.7434,90.3984,Madhupur Fault Zone,80.0,Indian–Burma Plate Boundary,1897.0,7.5,Madhupur Fault,Medium,Mymensingh
Sherpur,836175,Mymensingh,2006,3,3,0,0,0,0,0,0,25.0188,90.0175,Madhupur Fault Zone,95.0,Indian–Burma Plate Boundary,1897.0,7.5,Madhupur Fault,Medium,Mymensingh
Bogra,1723327,Rajshahi,2006,3,3,1,1,0,0,0,0,24.849,89.3677,Stable Platform Zone,140.0,Indian–Burma Plate Boundary,1950.0,6.0,Bogra Fault,Low,Rajshahi
Bogra,544819,Rajshahi,2006,6,4,3,2,0,0,0,0,24.849,89.3677,Stable Platform Zone,140.0,Indian–Burma Plate Boundary,1950.0,6.0,Bogra Fault,Low,Rajshahi
Joypurhat,817310,Rajshahi,2006,3,2,0,0,0,0,0,0,25.1,89.02,Stable Platform Zone,160.0,Indian–Burma Plate Boundary,1950.0,6.0,Stable Platform,Low,Rajshahi
Joypurhat,488720,Rajshahi,2006,1,1,0,0,0,0,0,0,25.1,89.02,Stable Platform Zone,160.0,Indian–Burma Plate Boundary,1950.0,6.0,Stable Platform,Low,Rajshahi
Naogaon,1896550,Rajshahi,2006,0,0,0,0,0,0,0,0,24.81,88.94,Stable Platform Zone,190.0,Indian–Burma Plate Boundary,1950.0,6.0,Bogra Fault,Low,Rajshahi
Naogaon,833499,Rajshahi,2006,4,3,1,1,0,0,0,0,24.81,88.94,Stable Platform Zone,190.0,Indian–Burma Plate Boundary,1950.0,6.0,Bogra Fault,Low,Rajshahi
Natore,1430877,Rajshahi,2006,4,4,2,0,0,0,0,0,24.42,89.0,Stable Platform Zone,190.0,Indian–Burma Plate Boundary,1950.0,6.0,Bogra Fault,Low,Rajshahi
Natore,530082,Rajshahi,2006,6,3,2,1,0,0,0,0,24.42,89.0,Stable Platform Zone,190.0,Indian–Burma Plate Boundary,1950.0,6.0,Bogra Fault,Low,Rajshahi
Pabna,1447574,Rajshahi,2006,3,2,0,0,0,0,0,0,24.0064,89.2493,Stable Platform Zone,160.0,Indian–Burma Plate Boundary,1950.0,6.0,Stable Platform,Low,Rajshahi
Pabna,726140,Rajshahi,2006,0,0,0,0,0,0,0,0,24.0064,89.2493,Stable Platform Zone,160.0,Indian–Burma Plate Boundary,1950.0,6.0,Stable Platform,Low,Rajshahi
Rajshahi,2446896,Rajshahi,2006,2,0,0,0,0,0,0,0,24.3745,88.6042,Stable Platform Zone,200.0,Indian–Burma Plate Boundary,1950.0,6.0,Bogra Fault,Low,Rajshahi
Rajshahi,1159531,Rajshahi,2006,6,2,2,0,0,0,0,0,24.3745,88.6042,Stable Platform Zone,200.0,Indian–Burma Plate Boundary,1950.0,6.0,Bogra Fault,Low,Rajshahi
Sirajganj,1557267,Rajshahi,2006,4,1,0,0,0,0,0,0,24.45,89.71,Stable Platform Zone,150.0,Indian–Burma Plate Boundary,1950.0,6.0,Stable Platform,Low,Rajshahi
Sirajganj,1049780,Rajshahi,2006,3,3,1,0,0,0,0,0,24.45,89.71,Stable Platform Zone,150.0,Indian–Burma Plate Boundary,1950.0,6.0,Stable Platform,Low,Rajshahi
Dinajpur,1683159,Rangpur,2006,2,0,0,0,0,0,0,0,25.625,88.65,Stable Platform Zone,120.0,Indian–Burma Plate Boundary,1950.0,6.5,Himalayan Frontal Zone,Medium,Rangpur
Dinajpur,317050,Rangpur,2006,3,2,1,0,0,0,0,0,25.625,88.65,Stable Platform Zone,120.0,Indian–Burma Plate Boundary,1950.0,6.5,Himalayan Frontal Zone,Medium,Rangpur
Gaibandha,982480,Rangpur,2006,1,1,1,0,0,0,0,0,25.33,89.55,Stable Platform Zone,130.0,Indian–Eurasian Plate Boundary,1950.0,6.5,Bogra Fault,Medium,Rangpur
Gaibandha,923448,Rangpur,2006,5,5,2,2,0,0,0,0,25.33,89.55,Stable Platform Zone,130.0,Indian–Eurasian Plate Boundary,1950.0,6.5,Bogra Fault,Medium,Rangpur
Kurigram,1639619,Rangpur,2006,2,0,0,0,0,0,0,0,25.81,89.65,Himalayan Frontal Zone,110.0,Indian–Eurasian Plate Boundary,1950.0,8.6,Assam Fault Belt,High,Rangpur
Kurigram,328335,Rangpur,2006,5,3,3,1,1,0,0,0,25.81,89.65,Himalayan Frontal Zone,110.0,Indian–Eurasian Plate Boundary,1950.0,8.6,Assam Fault Belt,High,Rangpur
Lalmonirhat,1481844,Rangpur,2006,3,1,1,0,0,0,0,0,25.92,89.45,Himalayan Frontal Zone,100.0,Indian–Eurasian Plate Boundary,1950.0,8.6,Assam Fault Belt,High,Rangpur
Lalmonirhat,809867,Rangpur,2006,6,4,2,0,0,0,0,0,25.92,89.45,Himalayan Frontal Zone,100.0,Indian–Eurasian Plate Boundary,1950.0,8.6,Assam Fault Belt,High,Rangpur
Nilphamari,1488283,Rangpur,2006,4,1,1,1,1,0,0,0,25.95,88.85,Himalayan Frontal Zone,110.0,Indian–Eurasian Plate Boundary,1950.0,8.6,Assam Fault Belt,High,Rangpur
Nilphamari,392065,Rangpur,2006,5,4,0,0,0,0,0,0,25.95,88.85,Himalayan Frontal Zone,110.0,Indian–Eurasian Plate Boundary,1950.0,8.6,Assam Fault Belt,High,Rangpur
Panchagarh,557244,Rangpur,2006,4,4,1,1,0,0,0,0,26.33,88.56,Himalayan Frontal Zone,90.0,Indian–Eurasian Plate Boundary,1950.0,8.6,Assam Fault Belt,High,Rangpur
Panchagarh,890538,Rangpur,2006,3,0,0,0,0,0,0,0,26.33,88.56,Himalayan Frontal Zone,90.0,Indian–Eurasian Plate Boundary,1950.0,8.6,Assam Fault Belt,High,Rangpur
Rangpur,750414,Rangpur,2006,2,0,0,0,0,0,0,0,25.7449,89.2756,Stable Platform Zone,130.0,Indian–Burma Plate Boundary,1950.0,6.5,Himalayan Frontal Zone,Medium,Rangpur
Rangpur,504869,Rangpur,2006,3,2,1,0,0,0,0,0,25.7449,89.2756,Stable Platform Zone,130.0,Indian–Burma Plate Boundary,1950.0,6.5,Himalayan Frontal Zone,Medium,Rangpur
Thakurgaon,1913404,Rangpur,2006,2,1,1,0,0,0,0,0,26.02,88.46,Himalayan Frontal Zone,100.0,Indian–Eurasian Plate Boundary,1950.0,8.6,Assam Fault Belt,High,Rangpur
Thakurgaon,777614,Rangpur,2006,6,2,2,0,0,0,0,0,26.02,88.46,Himalayan Frontal Zone,100.0,Indian–Eurasian Plate Boundary,1950.0,8.6,Assam Fault Belt,High,Rangpur
Habiganj,2261767,Sylhet,2006,10,7,1,1,1,0,0,0,24.38,91.42,Tripura Fold Belt,80.0,Indian–Burma Plate Boundary,1918.0,7.0,Tripura Thrust Zone,Medium,Sylhet
Habiganj,668427,Sylhet,2006,7,4,1,1,0,0,0,0,24.38,91.42,Tripura Fold Belt,80.0,Indian–Burma Plate Boundary,1918.0,7.0,Tripura Thrust Zone,Medium,Sylhet
Moulvibazar,2064978,Sylhet,2006,11,8,4,1,1,0,0,0,24.48,91.77,Dauki Fault Zone,35.0,Indian–Burma Plate Boundary,1918.0,7.5,Dauki Fault,High,Sylhet
Moulvibazar,337161,Sylhet,2006,13,8,5,3,0,0,0,0,24.48,91.77,Dauki Fault Zone,35.0,Indian–Burma Plate Boundary,1918.0,7.5,Dauki Fault,High,Sylhet
Sunamganj,1191492,Sylhet,2006,7,3,3,0,0,0,0,0,25.07,91.4,Dauki Fault Zone,45.0,Indian–Burma Plate Boundary,1918.0,7.5,Dauki Fault,High,Sylhet
Sunamganj,672557,Sylhet,2006,9,6,3,1,0,0,0,0,25.07,91.4,Dauki Fault Zone,45.0,Indian–Burma Plate Boundary,1918.0,7.5,Dauki Fault,High,Sylhet
Sylhet,2299897,Sylhet,2006,8,5,5,0,0,0,0,0,24.899,91.872,Dauki Fault Zone,30.0,Indian–Burma Plate Boundary,1918.0,7.5,Dauki Fault,High,Sylhet
Sylhet,317575,Sylhet,2006,13,5,5,3,1,0,0,0,24.899,91.872,Dauki Fault Zone,30.0,Indian–Burma Plate Boundary,1918.0,7.5,Dauki Fault,High,Sylhet
Barguna,2107801,Barisal,2007,1,1,0,0,0,0,0,0,22.15,90.13,Foredeep Basin,210.0,Indian–Burma Plate Boundary,1950.0,5.5,Foredeep Basin,Low,Barishal
Barguna,381675,Barisal,2007,0,0,0,0,0,0,0,0,22.15,90.13,Foredeep Basin,210.0,Indian–Burma Plate Boundary,1950.0,5.5,Foredeep Basin,Low,Barishal
Barishal,2382807,Barisal,2007,1,0,0,0,0,0,0,0,22.7,90.37,Foredeep Basin,180.0,Indian–Burma Plate Boundary,1950.0,5.5,Foredeep Basin,Low,Barishal
Barishal,142189,Barisal,2007,4,4,0,0,0,0,0,0,22.7,90.37,Foredeep Basin,180.0,Indian–Burma Plate Boundary,1950.0,5.5,Foredeep Basin,Low,Barishal
Bhola,519734,Barisal,2007,2,0,0,0,0,0,0,0,22.69,90.65,Foredeep Basin,190.0,Indian–Burma Plate Boundary,1950.0,5.5,Foredeep Basin,Low,Barishal
Bhola,635713,Barisal,2007,3,1,1,0,0,0,0,0,22.69,90.65,Foredeep Basin,190.0,Indian–Burma Plate Boundary,1950.0,5.5,Foredeep Basin,Low,Barishal
Patuakhali,1717675,Barisal,2007,0,0,0,0,0,0,0,0,22.35,90.3,Foredeep Basin,200.0,Indian–Burma Plate Boundary,1950.0,5.5,Foredeep Basin,Low,Barishal
Patuakhali,327416,Barisal,2007,2,1,1,0,0,0,0,0,22.35,90.3,Foredeep Basin,200.0,Indian–Burma Plate Boundary,1950.0,5.5,Foredeep Basin,Low,Barishal
Pirojpur,628265,Barisal,2007,3,2,2,0,0,0,0,0,22.58,89.98,Foredeep Basin,180.0,Indian–Burma Plate Boundary,1950.0,5.5,Foredeep Basin,Low,Barishal
Pirojpur,883808,Barisal,2007,1,1,0,0,0,0,0,0,22.58,89.98,Foredeep Basin,180.0,Indian–Burma Plate Boundary,1950.0,5.5,Foredeep Basin,Low,Barishal
Bandarban,1743550,Chittagong,2007,3,2,1,0,0,0,0,0,22.194,92.218,Indo‑Burma Fold Belt,25.0,Indian–Burma Plate Boundary,1762.0,8.0,Chittagong Hill Tracts Fold Belt,High,Chittagong
Bandarban,5609030,Chittagong,2007,7,6,2,2,0,0,0,0,22.194,92.218,Indo‑Burma Fold Belt,25.0,Indian–Burma Plate Boundary,1762.0,8.0,Chittagong Hill Tracts Fold Belt,High,Chittagong
Brahmanbaria,510348,Chittagong,2007,9,5,4,4,0,0,0,0,23.96,91.11,Tripura Fold Belt,85.0,Indian–Burma Plate Boundary,1897.0,7.5,Tripura Thrust Zone,Medium,Chittagong
Brahmanbaria,3996104,Chittagong,2007,7,3,1,0,0,0,0,0,23.96,91.11,Tripura Fold Belt,85.0,Indian–Burma Plate Boundary,1897.0,7.5,Tripura Thrust Zone,Medium,Chittagong
Chandpur,2900705,Chittagong,2007,3,3,2,0,0,0,0,0,23.23,90.65,Foredeep Basin,150.0,Indian–Burma Plate Boundary,1897.0,6.5,Surma Basin,Low,Chittagong
Chandpur,4035266,Chittagong,2007,5,2,2,0,0,0,0,0,23.23,90.65,Foredeep Basin,150.0,Indian–Burma Plate Boundary,1897.0,6.5,Surma Basin,Low,Chittagong
Chittagong,1340902,Chittagong,2007,4,2,2,1,1,0,0,0,22.3419,91.8155,Indo‑Burma Subduction Zone,25.0,Indian–Burma Plate Boundary,1762.0,8.5,Arakan–Burma Subduction,High,Chittagong
Chittagong,4769839,Chittagong,2007,11,8,2,2,1,0,0,0,22.3419,91.8155,Indo‑Burma Subduction Zone,25.0,Indian–Burma Plate Boundary,1762.0,8.5,Arakan–Burma Subduction,High,Chittagong
Comilla,2051453,Chittagong,2007,7,3,3,0,0,0,0,0,23.45,91.1999,Tripura Fold Belt,80.0,Indian–Burma Plate Boundary,1897.0,7.5,Tripura Thrust Zone,Medium,Chittagong
Comilla,5115153,Chittagong,2007,7,3,2,1,1,0,0,0,23.45,91.1999,Tripura Fold Belt,80.0,Indian–Burma Plate Boundary,1897.0,7.5,Tripura Thrust Zone,Medium,Chittagong
Cox's Bazar,2197232,Chittagong,2007,3,2,2,0,0,0,0,0,21.4272,92.0058,Indo‑Burma Subduction Zone,15.0,Indian–Burma Plate Boundary,1762.0,8.5,Arakan Subduction,High,Chittagong
Cox's Bazar,5583446,Chittagong,2007,8,3,2,1,1,0,0,0,21.4272,92.0058,Indo‑Burma Subduction Zone,15.0,Indian–Burma Plate Boundary,1762.0,8.5,Arakan Subduction,High,Chittagong
Feni,1640950,Chittagong,2007,4,1,0,0,0,0,0,0,23.02,91.4,Tripura Fold Belt,90.0,Indian–Burma Plate Boundary,1897.0,7.5,Tripura Thrust Zone,Medium,Chittagong
Feni,5736875,Chittagong,2007,4,3,1,0,0,0,0,0,23.02,91.4,Tripura Fold Belt,90.0,Indian–Burma Plate Boundary,1897.0,7.5,Tripura Thrust Zone,Medium,Chittagong
Lakshmipur,948593,Chittagong,2007,4,4,2,0,0,0,0,0,22.95,90.83,Tripura Fold Belt,100.0,Indian–Burma Plate Boundary,1897.0,7.5,Tripura Thrust Zone,Medium,Chittagong
Lakshmipur,5820037,Chittagong,2007,7,4,3,1,0,0,0,0,22.95,90.83,Tripura Fold Belt,100.0,Indian–Burma Plate Boundary,1897.0,7.5,Tripura Thrust Zone,Medium,Chittagong
Noakhali,2298999,Chittagong,2007,10,6,2,1,1,0,0,0,22.82,91.1,Tripura Fold Belt,90.0,Indian–Burma Plate Boundary,1897.0,7.5,Tripura Thrust Zone,Medium,Chittagong
Noakhali,2273701,Chittagong,2007,6,5,1,1,1,0,0,0,22.82,91.1,Tripura Fold Belt,90.0,Indian–Burma Plate Boundary,1897.0,7.5,Tripura Thrust Zone,Medium,Chittagong
Rangamati,1310497,Chittagong,2007,7,3,1,1,1,0,0,0,22.65,92.17,Indo‑Burma Fold Belt,50.0,Indian–Burma Plate Boundary,1762.0,7.0,Tripura Fold Belt,High,Chittagong
Rangamati,2189969,Chittagong,2007,5,2,2,0,0,0,0,0,22.65,92.17,Indo‑Burma Fold Belt,50.0,Indian–Burma Plate Boundary,1762.0,7.0,Tripura Fold Belt,High,Chittagong
Dhaka,2500372,Dhaka,2007,3,1,0,0,0,0,0,0,23.8103,90.4125,Madhupur Fault Zone,100.0,Indian–Burma Plate Boundary,1885.0,7.2,Madhupur Fault,Medium,Dhaka
Dhaka,11556896,Dhaka,2007,4,2,1,0,0,0,0,0,23.8103,90.4125,Madhupur Fault Zone,100.0,Indian–Burma Plate Boundary,1885.0,7.2,Madhupur Fault,Medium,Dhaka
Faridpur,2607284,Dhaka,2007,2,2,1,0,0,0,0,0,23.607,89.8429,Foredeep Basin,160.0,Indian–Burma Plate Boundary,1885.0,6.0,Foredeep Basin,Low,Dhaka
Faridpur,7323014,Dhaka,2007,2,0,0,0,0,0,0,0,23.607,89.8429,Foredeep Basin,160.0,Indian–Burma Plate Boundary,1885.0,6.0,Foredeep Basin,Low,Dhaka
Gazipur,787605,Dhaka,2007,3,2,1,0,0,0,0,0,24.0,90.4167,Madhupur Fault Zone,95.0,Indian–Burma Plate Boundary,1885.0,7.2,Madhupur Fault,Medium,Dhaka
Gazipur,11562529,Dhaka,2007,2,2,0,0,0,0,0,0,24.0,90.4167,Madhupur Fault Zone,95.0,Indian–Burma Plate Boundary,1885.0,7.2,Madhupur Fault,Medium,Dhaka
Gopalganj,542040,Dhaka,2007,4,4,2,1,0,0,0,0,23.02,89.83,Foredeep Basin,170.0,Indian–Burma Plate Boundary,1885.0,6.0,Foredeep Basin,Low,Dhaka
Gopalganj,11613196,Dhaka,2007,0,0,0,0,0,0,0,0,23.02,89.83,Foredeep Basin,170.0,Indian–Burma Plate Boundary,1885.0,6.0,Foredeep Basin,Low,Dhaka
Kishoreganj,1421446,Dhaka,2007,3,2,1,0,0,0,0,0,24.44,90.77,Madhupur Fault Zone,100.0,Indian–Burma Plate Boundary,1885.0,7.2,Madhupur Fault,Medium,Dhaka
Madaripur,2313712,Dhaka,2007,1,1,0,0,0,0,0,0,23.17,90.19,Foredeep Basin,150.0,Indian–Burma Plate Boundary,1885.0,6.0,Foredeep Basin,Low,Dhaka
Madaripur,5199301,Dhaka,2007,4,2,1,0,0,0,0,0,23.17,90.19,Foredeep Basin,150.0,Indian–Burma Plate Boundary,1885.0,6.0,Foredeep Basin,Low,Dhaka
Manikganj,2459481,Dhaka,2007,5,2,2,1,0,0,0,0,23.86,90.0,Madhupur Fault Zone,90.0,Indian–Burma Plate Boundary,1885.0,7.2,Madhupur Fault,Medium,Dhaka
Manikganj,10391735,Dhaka,2007,5,2,2,1,0,0,0,0,23.86,90.0,Madhupur Fault Zone,90.0,Indian–Burma Plate Boundary,1885.0,7.2,Madhupur Fault,Medium,Dhaka
Munshiganj,1270419,Dhaka,2007,4,1,1,1,0,0,0,0,23.54,90.53,Foredeep Basin,130.0,Indian–Burma Plate Boundary,1885.0,6.0,Foredeep Basin,Low,Dhaka
Munshiganj,7989604,Dhaka,2007,5,1,1,1,1,0,0,0,23.54,90.53,Foredeep Basin,130.0,Indian–Burma Plate Boundary,1885.0,6.0,Foredeep Basin,Low,Dhaka
Narayanganj,2846435,Dhaka,2007,2,1,1,0,0,0,0,0,23.6226,90.501,Madhupur Fault Zone,110.0,Indian–Burma Plate Boundary,1885.0,7.2,Madhupur Fault,Medium,Dhaka
Narayanganj,5171351,Dhaka,2007,4,2,0,0,0,0,0,0,23.6226,90.501,Madhupur Fault Zone,110.0,Indian–Burma Plate Boundary,1885.0,7.2,Madhupur Fault,Medium,Dhaka
Narsingdi,1061553,Dhaka,2007,4,0,0,0,0,0,0,0,23.9207,90.7188,Madhupur Fault Zone,110.0,Indian–Burma Plate Boundary,1885.0,7.2,Madhupur Fault,Medium,Dhaka
Narsingdi,7213747,Dhaka,2007,1,1,1,0,0,0,0,0,23.9207,90.7188,Madhupur Fault Zone,110.0,Indian–Burma Plate Boundary,1885.0,7.2,Madhupur Fault,Medium,Dhaka
Rajbari,1875412,Dhaka,2007,1,0,0,0,0,0,0,0,23.72,89.65,Foredeep Basin,180.0,Indian–Burma Plate Boundary,1885.0,6.0,Foredeep Basin,Low,Dhaka
Rajbari,5704421,Dhaka,2007,5,3,1,1,0,0,0,0,23.72,89.65,Foredeep Basin,180.0,Indian–Burma Plate Boundary,1885.0,6.0,Foredeep Basin,Low,Dhaka
Shariatpur,1444468,Dhaka,2007,2,2,1,0,0,0,0,0,23.22,90.35,Foredeep Basin,150.0,Indian–Burma Plate Boundary,1885.0,6.0,Foredeep Basin,Low,Dhaka
Shariatpur,5753932,Dhaka,2007,2,2,1,1,0,0,0,0,23.22,90.35,Foredeep Basin,150.0,Indian–Burma Plate Boundary,1885.0,6.0,Foredeep Basin,Low,Dhaka
Tangail,2267260,Dhaka,2007,4,2,2,1,0,0,0,0,24.25,89.9167,Madhupur Fault Zone,90.0,Indian–Burma Plate Boundary,1885.0,7.2,Madhupur Fault,Medium,Dhaka
Tangail,6321172,Dhaka,2007,4,3,3,1,0,0,0,0,24.25,89.9167,Madhupur Fault Zone,90.0,Indian–Burma Plate Boundary,1885.0,7.2,Madhupur Fault,Medium,Dhaka
Bagerhat,494514,Khulna,2007,2,1,1,1,0,0,0,0,22.65,89.7667,Stable Platform Zone,230.0,Indian–Burma Plate Boundary,1950.0,6.0,Bogra Fault,Low,Khulna
Bagerhat,1114848,Khulna,2007,1,0,0,0,0,0,0,0,22.65,89.7667,Stable Platform Zone,230.0,Indian–Burma Plate Boundary,1950.0,6.0,Bogra Fault,Low,Khulna
Chuadanga,2470203,Khulna,2007,4,1,0,0,0,0,0,0,23.63,88.83,Stable Platform Zone,180.0,Indian–Burma Plate Boundary,1950.0,6.0,Stable Platform,Low,Khulna
Chuadanga,1718669,Khulna,2007,1,1,0,0,0,0,0,0,23.63,88.83,Stable Platform Zone,180.0,Indian–Burma Plate Boundary,1950.0,6.0,Stable Platform,Low,Khulna
Jessore,2497862,Khulna,2007,3,1,1,1,0,0,0,0,23.1707,89.2124,Stable Platform Zone,210.0,Indian–Burma Plate Boundary,1950.0,6.0,Stable Platform,Low,Khulna
Jessore,1058146,Khulna,2007,2,1,0,0,0,0,0,0,23.1707,89.2124,Stable Platform Zone,210.0,Indian–Burma Plate Boundary,1950.0,6.0,Stable Platform,Low,Khulna
Jhenaidah,1065933,Khulna,2007,1,1,1,0,0,0,0,0,23.55,89.15,Stable Platform Zone,200.0,Indian–Burma Plate Boundary,1950.0,6.0,Stable Platform,Low,Khulna
Jhenaidah,1037524,Khulna,2007,5,1,1,1,1,0,0,0,23.55,89.15,Stable Platform Zone,200.0,Indian–Burma Plate Boundary,1950.0,6.0,Stable Platform,Low,Khulna
Khulna,975341,Khulna,2007,3,2,1,1,0,0,0,0,22.8167,89.55,Stable Platform Zone,220.0,Indian–Burma Plate Boundary,1950.0,6.0,Bogra Fault,Low,Khulna
Khulna,1187587,Khulna,2007,0,0,0,0,0,0,0,0,22.8167,89.55,Stable Platform Zone,220.0,Indian–Burma Plate Boundary,1950.0,6.0,Bogra Fault,Low,Khulna
Kushtia,848389,Khulna,2007,6,2,0,0,0,0,0,0,23.9,89.12,Stable Platform Zone,170.0,Indian–Burma Plate Boundary,1950.0,6.0,Stable Platform,Low,Khulna
Kushtia,1779672,Khulna,2007,3,1,1,0,0,0,0,0,23.9,89.12,Stable Platform Zone,170.0,Indian–Burma Plate Boundary,1950.0,6.0,Stable Platform,Low,Khulna
Magura,2646690,Khulna,2007,3,2,0,0,0,0,0,0,23.49,89.42,Stable Platform Zone,200.0,Indian–Burma Plate Boundary,1950.0,6.0,Stable Platform,Low,Khulna
Magura,1615753,Khulna,2007,2,2,1,0,0,0,0,0,23.49,89.42,Stable Platform Zone,200.0,Indian–Burma Plate Boundary,1950.0,6.0,Stable Platform,Low,Khulna
Meherpur,894161,Khulna,2007,3,1,0,0,0,0,0,0,23.77,88.63,Stable Platform Zone,200.0,Indian–Burma Plate Boundary,1950.0,6.0,Stable Platform,Low,Khulna
Meherpur,1168604,Khulna,2007,2,1,0,0,0,0,0,0,23.77,88.63,Stable Platform Zone,200.0,Indian–Burma Plate Boundary,1950.0,6.0,Stable Platform,Low,Khulna
Narail,1678713,Khulna,2007,1,1,0,0,0,0,0,0,23.18,89.5,Stable Platform Zone,190.0,Indian–Burma Plate Boundary,1950.0,6.0,Stable Platform,Low,Khulna
Narail,1200624,Khulna,2007,2,1,0,0,0,0,0,0,23.18,89.5,Stable Platform Zone,190.0,Indian–Burma Plate Boundary,1950.0,6.0,Stable Platform,Low,Khulna
Satkhira,1203722,Khulna,2007,1,1,0,0,0,0,0,0,22.7234,89.0751,Stable Platform Zone,250.0,Indian–Burma Plate Boundary,1950.0,6.0,Stable Platform,Low,Khulna
Satkhira,1502817,Khulna,2007,4,3,1,0,0,0,0,0,22.7234,89.0751,Stable Platform Zone,250.0,Indian–Burma Plate Boundary,1950.0,6.0,Stable Platform,Low,Khulna
Jamalpur,2093092,Mymensingh,2007,5,2,2,1,0,0,0,0,24.923,89.9501,Madhupur Fault Zone,100.0,Indian–Burma Plate Boundary,1897.0,7.5,Madhupur Fault,Medium,Mymensingh
Mymensingh,948677,Mymensingh,2007,6,3,3,0,0,0,0,0,24.7434,90.3984,Madhupur Fault Zone,80.0,Indian–Burma Plate Boundary,1897.0,7.5,Madhupur Fault,Medium,Mymensingh
Mymensingh,274675,Mymensingh,2007,3,1,1,0,0,0,0,0,24.7434,90.3984,Madhupur Fault Zone,80.0,Indian–Burma Plate Boundary,1897.0,7.5,Madhupur Fault,Medium,Mymensingh
Sherpur,524150,Mymensingh,2007,2,1,0,0,0,0,0,0,25.0188,90.0175,Madhupur Fault Zone,95.0,Indian–Burma Plate Boundary,1897.0,7.5,Madhupur Fault,Medium,Mymensingh
Bogra,1256427,Rajshahi,2007,4,2,1,1,0,0,0,0,24.849,89.3677,Stable Platform Zone,140.0,Indian–Burma Plate Boundary,1950.0,6.0,Bogra Fault,Low,Rajshahi
Bogra,960518,Rajshahi,2007,8,6,0,0,0,0,0,0,24.849,89.3677,Stable Platform Zone,140.0,Indian–Burma Plate Boundary,1950.0,6.0,Bogra Fault,Low,Rajshahi
Joypurhat,2867920,Rajshahi,2007,1,1,0,0,0,0,0,0,25.1,89.02,Stable Platform Zone,160.0,Indian–Burma Plate Boundary,1950.0,6.0,Stable Platform,Low,Rajshahi
Joypurhat,1167144,Rajshahi,2007,6,5,0,0,0,0,0,0,25.1,89.02,Stable Platform Zone,160.0,Indian–Burma Plate Boundary,1950.0,6.0,Stable Platform,Low,Rajshahi
Naogaon,2388197,Rajshahi,2007,4,1,1,0,0,0,0,0,24.81,88.94,Stable Platform Zone,190.0,Indian–Burma Plate Boundary,1950.0,6.0,Bogra Fault,Low,Rajshahi
Naogaon,933423,Rajshahi,2007,5,3,3,1,0,0,0,0,24.81,88.94,Stable Platform Zone,190.0,Indian–Burma Plate Boundary,1950.0,6.0,Bogra Fault,Low,Rajshahi
Natore,2558277,Rajshahi,2007,6,3,3,1,0,0,0,0,24.42,89.0,Stable Platform Zone,190.0,Indian–Burma Plate Boundary,1950.0,6.0,Bogra Fault,Low,Rajshahi
Natore,1086886,Rajshahi,2007,5,1,0,0,0,0,0,0,24.42,89.0,Stable Platform Zone,190.0,Indian–Burma Plate Boundary,1950.0,6.0,Bogra Fault,Low,Rajshahi
Pabna,772575,Rajshahi,2007,5,4,4,1,1,0,0,0,24.0064,89.2493,Stable Platform Zone,160.0,Indian–Burma Plate Boundary,1950.0,6.0,Stable Platform,Low,Rajshahi
Pabna,907904,Rajshahi,2007,1,0,0,0,0,0,0,0,24.0064,89.2493,Stable Platform Zone,160.0,Indian–Burma Plate Boundary,1950.0,6.0,Stable Platform,Low,Rajshahi
Rajshahi,807527,Rajshahi,2007,1,1,1,1,0,0,0,0,24.3745,88.6042,Stable Platform Zone,200.0,Indian–Burma Plate Boundary,1950.0,6.0,Bogra Fault,Low,Rajshahi
Rajshahi,658783,Rajshahi,2007,4,3,1,0,0,0,0,0,24.3745,88.6042,Stable Platform Zone,200.0,Indian–Burma Plate Boundary,1950.0,6.0,Bogra Fault,Low,Rajshahi
Sirajganj,1338468,Rajshahi,2007,2,1,1,0,0,0,0,0,24.45,89.71,Stable Platform Zone,150.0,Indian–Burma Plate Boundary,1950.0,6.0,Stable Platform,Low,Rajshahi
Sirajganj,1188625,Rajshahi,2007,4,2,1,0,0,0,0,0,24.45,89.71,Stable Platform Zone,150.0,Indian–Burma Plate Boundary,1950.0,6.0,Stable Platform,Low,Rajshahi
Dinajpur,403917,Rangpur,2007,5,2,2,1,0,0,0,0,25.625,88.65,Stable Platform Zone,120.0,Indian–Burma Plate Boundary,1950.0,6.5,Himalayan Frontal Zone,Medium,Rangpur
Dinajpur,887782,Rangpur,2007,2,1,1,0,0,0,0,0,25.625,88.65,Stable Platform Zone,120.0,Indian–Burma Plate Boundary,1950.0,6.5,Himalayan Frontal Zone,Medium,Rangpur
Gaibandha,607576,Rangpur,2007,2,0,0,0,0,0,0,0,25.33,89.55,Stable Platform Zone,130.0,Indian–Eurasian Plate Boundary,1950.0,6.5,Bogra Fault,Medium,Rangpur
Gaibandha,730391,Rangpur,2007,6,4,2,0,0,0,0,0,25.33,89.55,Stable Platform Zone,130.0,Indian–Eurasian Plate Boundary,1950.0,6.5,Bogra Fault,Medium,Rangpur
Kurigram,1356015,Rangpur,2007,5,1,1,1,0,0,0,0,25.81,89.65,Himalayan Frontal Zone,110.0,Indian–Eurasian Plate Boundary,1950.0,8.6,Assam Fault Belt,High,Rangpur
Kurigram,797208,Rangpur,2007,4,4,1,0,0,0,0,0,25.81,89.65,Himalayan Frontal Zone,110.0,Indian–Eurasian Plate Boundary,1950.0,8.6,Assam Fault Belt,High,Rangpur
Lalmonirhat,2936545,Rangpur,2007,4,3,1,0,0,0,0,0,25.92,89.45,Himalayan Frontal Zone,100.0,Indian–Eurasian Plate Boundary,1950.0,8.6,Assam Fault Belt,High,Rangpur
Lalmonirhat,797153,Rangpur,2007,4,1,1,0,0,0,0,0,25.92,89.45,Himalayan Frontal Zone,100.0,Indian–Eurasian Plate Boundary,1950.0,8.6,Assam Fault Belt,High,Rangpur
Nilphamari,2561481,Rangpur,2007,2,1,1,0,0,0,0,0,25.95,88.85,Himalayan Frontal Zone,110.0,Indian–Eurasian Plate Boundary,1950.0,8.6,Assam Fault Belt,High,Rangpur
Nilphamari,396143,Rangpur,2007,3,2,1,1,0,0,0,0,25.95,88.85,Himalayan Frontal Zone,110.0,Indian–Eurasian Plate Boundary,1950.0,8.6,Assam Fault Belt,High,Rangpur
Panchagarh,657053,Rangpur,2007,4,2,1,0,0,0,0,0,26.33,88.56,Himalayan Frontal Zone,90.0,Indian–Eurasian Plate Boundary,1950.0,8.6,Assam Fault Belt,High,Rangpur
Panchagarh,780613,Rangpur,2007,5,4,1,1,0,0,0,0,26.33,88.56,Himalayan Frontal Zone,90.0,Indian–Eurasian Plate Boundary,1950.0,8.6,Assam Fault Belt,High,Rangpur
Rangpur,2524697,Rangpur,2007,7,3,2,1,1,0,0,0,25.7449,89.2756,Stable Platform Zone,130.0,Indian–Burma Plate Boundary,1950.0,6.5,Himalayan Frontal Zone,Medium,Rangpur
Rangpur,724716,Rangpur,2007,5,4,2,0,0,0,0,0,25.7449,89.2756,Stable Platform Zone,130.0,Indian–Burma Plate Boundary,1950.0,6.5,Himalayan Frontal Zone,Medium,Rangpur
Thakurgaon,2260932,Rangpur,2007,2,2,0,0,0,0,0,0,26.02,88.46,Himalayan Frontal Zone,100.0,Indian–Eurasian Plate Boundary,1950.0,8.6,Assam Fault Belt,High,Rangpur
Thakurgaon,151143,Rangpur,2007,5,3,3,1,0,0,0,0,26.02,88.46,Himalayan Frontal Zone,100.0,Indian–Eurasian Plate Boundary,1950.0,8.6,Assam Fault Belt,High,Rangpur
Habiganj,2913066,Sylhet,2007,8,6,1,1,0,0,0,0,24.38,91.42,Tripura Fold Belt,80.0,Indian–Burma Plate Boundary,1918.0,7.0,Tripura Thrust Zone,Medium,Sylhet
Habiganj,529604,Sylhet,2007,8,5,4,1,0,0,0,0,24.38,91.42,Tripura Fold Belt,80.0,Indian–Burma Plate Boundary,1918.0,7.0,Tripura Thrust Zone,Medium,Sylhet
Moulvibazar,1190956,Sylhet,2007,12,8,5,2,1,0,0,0,24.48,91.77,Dauki Fault Zone,35.0,Indian–Burma Plate Boundary,1918.0,7.5,Dauki Fault,High,Sylhet
Moulvibazar,631859,Sylhet,2007,12,8,5,1,0,0,0,0,24.48,91.77,Dauki Fault Zone,35.0,Indian–Burma Plate Boundary,1918.0,7.5,Dauki Fault,High,Sylhet
Sunamganj,1797160,Sylhet,2007,6,5,2,0,0,0,0,0,25.07,91.4,Dauki Fault Zone,45.0,Indian–Burma Plate Boundary,1918.0,7.5,Dauki Fault,High,Sylhet
Sunamganj,736677,Sylhet,2007,15,8,2,2,0,0,0,0,25.07,91.4,Dauki Fault Zone,45.0,Indian–Burma Plate Boundary,1918.0,7.5,Dauki Fault,High,Sylhet
Sylhet,2560165,Sylhet,2007,8,7,0,0,0,0,0,0,24.899,91.872,Dauki Fault Zone,30.0,Indian–Burma Plate Boundary,1918.0,7.5,Dauki Fault,High,Sylhet
Sylhet,702508,Sylhet,2007,4,4,0,0,0,0,0,0,24.899,91.872,Dauki Fault Zone,30.0,Indian–Burma Plate Boundary,1918.0,7.5,Dauki Fault,High,Sylhet
Barguna,2332125,Barisal,2008,5,2,0,0,0,0,0,0,22.15,90.13,Foredeep Basin,210.0,Indian–Burma Plate Boundary,1950.0,5.5,Foredeep Basin,Low,Barishal
Barguna,531232,Barisal,2008,0,0,0,0,0,0,0,0,22.15,90.13,Foredeep Basin,210.0,Indian–Burma Plate Boundary,1950.0,5.5,Foredeep Basin,Low,Barishal
Barishal,2877009,Barisal,2008,3,1,1,1,0,0,0,0,22.7,90.37,Foredeep Basin,180.0,Indian–Burma Plate Boundary,1950.0,5.5,Foredeep Basin,Low,Barishal
Barishal,214264,Barisal,2008,2,1,0,0,0,0,0,0,22.7,90.37,Foredeep Basin,180.0,Indian–Burma Plate Boundary,1950.0,5.5,Foredeep Basin,Low,Barishal
Bhola,2977079,Barisal,2008,1,1,0,0,0,0,0,0,22.69,90.65,Foredeep Basin,190.0,Indian–Burma Plate Boundary,1950.0,5.5,Foredeep Basin,Low,Barishal
Bhola,679744,Barisal,2008,0,0,0,0,0,0,0,0,22.69,90.65,Foredeep Basin,190.0,Indian–Burma Plate Boundary,1950.0,5.5,Foredeep Basin,Low,Barishal
Patuakhali,871385,Barisal,2008,2,2,0,0,0,0,0,0,22.35,90.3,Foredeep Basin,200.0,Indian–Burma Plate Boundary,1950.0,5.5,Foredeep Basin,Low,Barishal
Patuakhali,208526,Barisal,2008,1,1,0,0,0,0,0,0,22.35,90.3,Foredeep Basin,200.0,Indian–Burma Plate Boundary,1950.0,5.5,Foredeep Basin,Low,Barishal
Pirojpur,519534,Barisal,2008,3,1,1,0,0,0,0,0,22.58,89.98,Foredeep Basin,180.0,Indian–Burma Plate Boundary,1950.0,5.5,Foredeep Basin,Low,Barishal
Pirojpur,130614,Barisal,2008,1,1,1,0,0,0,0,0,22.58,89.98,Foredeep Basin,180.0,Indian–Burma Plate Boundary,1950.0,5.5,Foredeep Basin,Low,Barishal
Bandarban,823717,Chittagong,2008,7,5,0,0,0,0,0,0,22.194,92.218,Indo‑Burma Fold Belt,25.0,Indian–Burma Plate Boundary,1762.0,8.0,Chittagong Hill Tracts Fold Belt,High,Chittagong
Bandarban,2652460,Chittagong,2008,11,6,3,1,0,0,0,0,22.194,92.218,Indo‑Burma Fold Belt,25.0,Indian–Burma Plate Boundary,1762.0,8.0,Chittagong Hill Tracts Fold Belt,High,Chittagong
Brahmanbaria,599948,Chittagong,2008,6,5,3,1,0,0,0,0,23.96,91.11,Tripura Fold Belt,85.0,Indian–Burma Plate Boundary,1897.0,7.5,Tripura Thrust Zone,Medium,Chittagong
Brahmanbaria,2088479,Chittagong,2008,8,6,3,1,0,0,0,0,23.96,91.11,Tripura Fold Belt,85.0,Indian–Burma Plate Boundary,1897.0,7.5,Tripura Thrust Zone,Medium,Chittagong
Chandpur,461546,Chittagong,2008,2,2,0,0,0,0,0,0,23.23,90.65,Foredeep Basin,150.0,Indian–Burma Plate Boundary,1897.0,6.5,Surma Basin,Low,Chittagong
Chandpur,2023979,Chittagong,2008,4,1,0,0,0,0,0,0,23.23,90.65,Foredeep Basin,150.0,Indian–Burma Plate Boundary,1897.0,6.5,Surma Basin,Low,Chittagong
Chittagong,2360942,Chittagong,2008,6,4,4,1,1,0,0,0,22.3419,91.8155,Indo‑Burma Subduction Zone,25.0,Indian–Burma Plate Boundary,1762.0,8.5,Arakan–Burma Subduction,High,Chittagong
Chittagong,3780997,Chittagong,2008,3,3,2,0,0,0,0,0,22.3419,91.8155,Indo‑Burma Subduction Zone,25.0,Indian–Burma Plate Boundary,1762.0,8.5,Arakan–Burma Subduction,High,Chittagong
Comilla,1364541,Chittagong,2008,7,3,3,0,0,0,0,0,23.45,91.1999,Tripura Fold Belt,80.0,Indian–Burma Plate Boundary,1897.0,7.5,Tripura Thrust Zone,Medium,Chittagong
Comilla,4851364,Chittagong,2008,4,2,2,0,0,0,0,0,23.45,91.1999,Tripura Fold Belt,80.0,Indian–Burma Plate Boundary,1897.0,7.5,Tripura Thrust Zone,Medium,Chittagong
Cox's Bazar,2282807,Chittagong,2008,7,5,3,0,0,0,0,0,21.4272,92.0058,Indo‑Burma Subduction Zone,15.0,Indian–Burma Plate Boundary,1762.0,8.5,Arakan Subduction,High,Chittagong
Cox's Bazar,4062443,Chittagong,2008,10,7,4,1,0,0,0,0,21.4272,92.0058,Indo‑Burma Subduction Zone,15.0,Indian–Burma Plate Boundary,1762.0,8.5,Arakan Subduction,High,Chittagong
Feni,960355,Chittagong,2008,4,2,2,0,0,0,0,0,23.02,91.4,Tripura Fold Belt,90.0,Indian–Burma Plate Boundary,1897.0,7.5,Tripura Thrust Zone,Medium,Chittagong
Feni,4480383,Chittagong,2008,5,5,3,0,0,0,0,0,23.02,91.4,Tripura Fold Belt,90.0,Indian–Burma Plate Boundary,1897.0,7.5,Tripura Thrust Zone,Medium,Chittagong
Lakshmipur,2486487,Chittagong,2008,6,3,3,1,0,0,0,0,22.95,90.83,Tripura Fold Belt,100.0,Indian–Burma Plate Boundary,1897.0,7.5,Tripura Thrust Zone,Medium,Chittagong
Lakshmipur,4893232,Chittagong,2008,11,5,3,3,1,1,0,0,22.95,90.83,Tripura Fold Belt,100.0,Indian–Burma Plate Boundary,1897.0,7.5,Tripura Thrust Zone,Medium,Chittagong
Noakhali,1492689,Chittagong,2008,5,1,1,1,0,0,0,0,22.82,91.1,Tripura Fold Belt,90.0,Indian–Burma Plate Boundary,1897.0,7.5,Tripura Thrust Zone,Medium,Chittagong
Noakhali,4387164,Chittagong,2008,5,2,1,0,0,0,0,0,22.82,91.1,Tripura Fold Belt,90.0,Indian–Burma Plate Boundary,1897.0,7.5,Tripura Thrust Zone,Medium,Chittagong
Rangamati,2516353,Chittagong,2008,10,4,3,2,0,0,0,0,22.65,92.17,Indo‑Burma Fold Belt,50.0,Indian–Burma Plate Boundary,1762.0,7.0,Tripura Fold Belt,High,Chittagong
Rangamati,4562794,Chittagong,2008,15,7,4,1,1,0,0,0,22.65,92.17,Indo‑Burma Fold Belt,50.0,Indian–Burma Plate Boundary,1762.0,7.0,Tripura Fold Belt,High,Chittagong
Dhaka,460294,Dhaka,2008,2,2,1,0,0,0,0,0,23.8103,90.4125,Madhupur Fault Zone,100.0,Indian–Burma Plate Boundary,1885.0,7.2,Madhupur Fault,Medium,Dhaka
Dhaka,5995742,Dhaka,2008,3,2,2,0,0,0,0,0,23.8103,90.4125,Madhupur Fault Zone,100.0,Indian–Burma Plate Boundary,1885.0,7.2,Madhupur Fault,Medium,Dhaka
Faridpur,940883,Dhaka,2008,2,1,0,0,0,0,0,0,23.607,89.8429,Foredeep Basin,160.0,Indian–Burma Plate Boundary,1885.0,6.0,Foredeep Basin,Low,Dhaka
Faridpur,7551390,Dhaka,2008,6,3,2,0,0,0,0,0,23.607,89.8429,Foredeep Basin,160.0,Indian–Burma Plate Boundary,1885.0,6.0,Foredeep Basin,Low,Dhaka
Gazipur,502462,Dhaka,2008,5,2,0,0,0,0,0,0,24.0,90.4167,Madhupur Fault Zone,95.0,Indian–Burma Plate Boundary,1885.0,7.2,Madhupur Fault,Medium,Dhaka
Gazipur,11036514,Dhaka,2008,2,1,1,0,0,0,0,0,24.0,90.4167,Madhupur Fault Zone,95.0,Indian–Burma Plate Boundary,1885.0,7.2,Madhupur Fault,Medium,Dhaka
Gopalganj,1928755,Dhaka,2008,5,4,2,0,0,0,0,0,23.02,89.83,Foredeep Basin,170.0,Indian–Burma Plate Boundary,1885.0,6.0,Foredeep Basin,Low,Dhaka
Gopalganj,5814786,Dhaka,2008,11,9,3,2,0,0,0,0,23.02,89.83,Foredeep Basin,170.0,Indian–Burma Plate Boundary,1885.0,6.0,Foredeep Basin,Low,Dhaka
Kishoreganj,2028659,Dhaka,2008,4,2,0,0,0,0,0,0,24.44,90.77,Madhupur Fault Zone,100.0,Indian–Burma Plate Boundary,1885.0,7.2,Madhupur Fault,Medium,Dhaka
Madaripur,1667394,Dhaka,2008,3,3,1,0,0,0,0,0,23.17,90.19,Foredeep Basin,150.0,Indian–Burma Plate Boundary,1885.0,6.0,Foredeep Basin,Low,Dhaka
Madaripur,7873293,Dhaka,2008,0,0,0,0,0,0,0,0,23.17,90.19,Foredeep Basin,150.0,Indian–Burma Plate Boundary,1885.0,6.0,Foredeep Basin,Low,Dhaka
Manikganj,663761,Dhaka,2008,2,0,0,0,0,0,0,0,23.86,90.0,Madhupur Fault Zone,90.0,Indian–Burma Plate Boundary,1885.0,7.2,Madhupur Fault,Medium,Dhaka
Manikganj,8636510,Dhaka,2008,2,2,0,0,0,0,0,0,23.86,90.0,Madhupur Fault Zone,90.0,Indian–Burma Plate Boundary,1885.0,7.2,Madhupur Fault,Medium,Dhaka
Munshiganj,2732258,Dhaka,2008,4,2,2,0,0,0,0,0,23.54,90.53,Foredeep Basin,130.0,Indian–Burma Plate Boundary,1885.0,6.0,Foredeep Basin,Low,Dhaka
Munshiganj,6972082,Dhaka,2008,1,1,1,0,0,0,0,0,23.54,90.53,Foredeep Basin,130.0,Indian–Burma Plate Boundary,1885.0,6.0,Foredeep Basin,Low,Dhaka
Narayanganj,1130896,Dhaka,2008,3,3,2,0,0,0,0,0,23.6226,90.501,Madhupur Fault Zone,110.0,Indian–Burma Plate Boundary,1885.0,7.2,Madhupur Fault,Medium,Dhaka
Narayanganj,11706592,Dhaka,2008,2,2,1,1,0,0,0,0,23.6226,90.501,Madhupur Fault Zone,110.0,Indian–Burma Plate Boundary,1885.0,7.2,Madhupur Fault,Medium,Dhaka
Narsingdi,1476475,Dhaka,2008,0,0,0,0,0,0,0,0,23.9207,90.7188,Madhupur Fault Zone,110.0,Indian–Burma Plate Boundary,1885.0,7.2,Madhupur Fault,Medium,Dhaka
Narsingdi,8520902,Dhaka,2008,2,1,1,1,0,0,0,0,23.9207,90.7188,Madhupur Fault Zone,110.0,Indian–Burma Plate Boundary,1885.0,7.2,Madhupur Fault,Medium,Dhaka
Rajbari,829807,Dhaka,2008,5,1,1,1,0,0,0,0,23.72,89.65,Foredeep Basin,180.0,Indian–Burma Plate Boundary,1885.0,6.0,Foredeep Basin,Low,Dhaka
Rajbari,6955950,Dhaka,2008,3,2,2,0,0,0,0,0,23.72,89.65,Foredeep Basin,180.0,Indian–Burma Plate Boundary,1885.0,6.0,Foredeep Basin,Low,Dhaka
Shariatpur,2440012,Dhaka,2008,6,2,1,0,0,0,0,0,23.22,90.35,Foredeep Basin,150.0,Indian–Burma Plate Boundary,1885.0,6.0,Foredeep Basin,Low,Dhaka
Shariatpur,8790342,Dhaka,2008,4,3,1,1,0,0,0,0,23.22,90.35,Foredeep Basin,150.0,Indian–Burma Plate Boundary,1885.0,6.0,Foredeep Basin,Low,Dhaka
Tangail,1309257,Dhaka,2008,4,1,1,1,1,0,0,0,24.25,89.9167,Madhupur Fault Zone,90.0,Indian–Burma Plate Boundary,1885.0,7.2,Madhupur Fault,Medium,Dhaka
Tangail,7479044,Dhaka,2008,4,2,1,0,0,0,0,0,24.25,89.9167,Madhupur Fault Zone,90.0,Indian–Burma Plate Boundary,1885.0,7.2,Madhupur Fault,Medium,Dhaka
Bagerhat,2810668,Khulna,2008,2,2,0,0,0,0,0,0,22.65,89.7667,Stable Platform Zone,230.0,Indian–Burma Plate Boundary,1950.0,6.0,Bogra Fault,Low,Khulna
Bagerhat,1661556,Khulna,2008,5,4,1,0,0,0,0,0,22.65,89.7667,Stable Platform Zone,230.0,Indian–Burma Plate Boundary,1950.0,6.0,Bogra Fault,Low,Khulna
Chuadanga,1343712,Khulna,2008,5,1,1,1,0,0,0,0,23.63,88.83,Stable Platform Zone,180.0,Indian–Burma Plate Boundary,1950.0,6.0,Stable Platform,Low,Khulna
Chuadanga,1368299,Khulna,2008,1,0,0,0,0,0,0,0,23.63,88.83,Stable Platform Zone,180.0,Indian–Burma Plate Boundary,1950.0,6.0,Stable Platform,Low,Khulna
Jessore,1712909,Khulna,2008,3,3,1,1,0,0,0,0,23.1707,89.2124,Stable Platform Zone,210.0,Indian–Burma Plate Boundary,1950.0,6.0,Stable Platform,Low,Khulna
Jessore,818377,Khulna,2008,1,0,0,0,0,0,0,0,23.1707,89.2124,Stable Platform Zone,210.0,Indian–Burma Plate Boundary,1950.0,6.0,Stable Platform,Low,Khulna
Jhenaidah,1216425,Khulna,2008,3,2,1,0,0,0,0,0,23.55,89.15,Stable Platform Zone,200.0,Indian–Burma Plate Boundary,1950.0,6.0,Stable Platform,Low,Khulna
Jhenaidah,946566,Khulna,2008,2,1,0,0,0,0,0,0,23.55,89.15,Stable Platform Zone,200.0,Indian–Burma Plate Boundary,1950.0,6.0,Stable Platform,Low,Khulna
Khulna,1269284,Khulna,2008,4,2,0,0,0,0,0,0,22.8167,89.55,Stable Platform Zone,220.0,Indian–Burma Plate Boundary,1950.0,6.0,Bogra Fault,Low,Khulna
Khulna,1493501,Khulna,2008,1,0,0,0,0,0,0,0,22.8167,89.55,Stable Platform Zone,220.0,Indian–Burma Plate Boundary,1950.0,6.0,Bogra Fault,Low,Khulna
Kushtia,2200863,Khulna,2008,2,1,0,0,0,0,0,0,23.9,89.12,Stable Platform Zone,170.0,Indian–Burma Plate Boundary,1950.0,6.0,Stable Platform,Low,Khulna
Kushtia,1036465,Khulna,2008,2,2,1,1,0,0,0,0,23.9,89.12,Stable Platform Zone,170.0,Indian–Burma Plate Boundary,1950.0,6.0,Stable Platform,Low,Khulna
Magura,1311306,Khulna,2008,1,1,0,0,0,0,0,0,23.49,89.42,Stable Platform Zone,200.0,Indian–Burma Plate Boundary,1950.0,6.0,Stable Platform,Low,Khulna
Magura,1307695,Khulna,2008,6,4,1,0,0,0,0,0,23.49,89.42,Stable Platform Zone,200.0,Indian–Burma Plate Boundary,1950.0,6.0,Stable Platform,Low,Khulna
Meherpur,1133259,Khulna,2008,3,1,0,0,0,0,0,0,23.77,88.63,Stable Platform Zone,200.0,Indian–Burma Plate Boundary,1950.0,6.0,Stable Platform,Low,Khulna
Meherpur,827245,Khulna,2008,3,3,0,0,0,0,0,0,23.77,88.63,Stable Platform Zone,200.0,Indian–Burma Plate Boundary,1950.0,6.0,Stable Platform,Low,Khulna
Narail,2274177,Khulna,2008,1,1,1,0,0,0,0,0,23.18,89.5,Stable Platform Zone,190.0,Indian–Burma Plate Boundary,1950.0,6.0,Stable Platform,Low,Khulna
Narail,1606225,Khulna,2008,2,0,0,0,0,0,0,0,23.18,89.5,Stable Platform Zone,190.0,Indian–Burma Plate Boundary,1950.0,6.0,Stable Platform,Low,Khulna
Satkhira,2786242,Khulna,2008,2,2,2,0,0,0,0,0,22.7234,89.0751,Stable Platform Zone,250.0,Indian–Burma Plate Boundary,1950.0,6.0,Stable Platform,Low,Khulna
Satkhira,609925,Khulna,2008,6,2,1,0,0,0,0,0,22.7234,89.0751,Stable Platform Zone,250.0,Indian–Burma Plate Boundary,1950.0,6.0,Stable Platform,Low,Khulna
Jamalpur,1267013,Mymensingh,2008,2,1,1,0,0,0,0,0,24.923,89.9501,Madhupur Fault Zone,100.0,Indian–Burma Plate Boundary,1897.0,7.5,Madhupur Fault,Medium,Mymensingh
Mymensingh,2899891,Mymensingh,2008,3,3,1,1,0,0,0,0,24.7434,90.3984,Madhupur Fault Zone,80.0,Indian–Burma Plate Boundary,1897.0,7.5,Madhupur Fault,Medium,Mymensingh
Mymensingh,874366,Mymensingh,2008,4,3,1,0,0,0,0,0,24.7434,90.3984,Madhupur Fault Zone,80.0,Indian–Burma Plate Boundary,1897.0,7.5,Madhupur Fault,Medium,Mymensingh
Sherpur,1519775,Mymensingh,2008,2,2,1,0,0,0,0,0,25.0188,90.0175,Madhupur Fault Zone,95.0,Indian–Burma Plate Boundary,1897.0,7.5,Madhupur Fault,Medium,Mymensingh
Bogra,1688473,Rajshahi,2008,2,2,1,0,0,0,0,0,24.849,89.3677,Stable Platform Zone,140.0,Indian–Burma Plate Boundary,1950.0,6.0,Bogra Fault,Low,Rajshahi
Bogra,524204,Rajshahi,2008,2,1,0,0,0,0,0,0,24.849,89.3677,Stable Platform Zone,140.0,Indian–Burma Plate Boundary,1950.0,6.0,Bogra Fault,Low,Rajshahi
Joypurhat,2224194,Rajshahi,2008,4,3,0,0,0,0,0,0,25.1,89.02,Stable Platform Zone,160.0,Indian–Burma Plate Boundary,1950.0,6.0,Stable Platform,Low,Rajshahi
Joypurhat,682166,Rajshahi,2008,3,3,2,2,1,0,0,0,25.1,89.02,Stable Platform Zone,160.0,Indian–Burma Plate Boundary,1950.0,6.0,Stable Platform,Low,Rajshahi
Naogaon,2726220,Rajshahi,2008,1,0,0,0,0,0,0,0,24.81,88.94,Stable Platform Zone,190.0,Indian–Burma Plate Boundary,1950.0,6.0,Bogra Fault,Low,Rajshahi
Naogaon,1186022,Rajshahi,2008,2,1,1,0,0,0,0,0,24.81,88.94,Stable Platform Zone,190.0,Indian–Burma Plate Boundary,1950.0,6.0,Bogra Fault,Low,Rajshahi
Natore,538879,Rajshahi,2008,3,2,1,0,0,0,0,0,24.42,89.0,Stable Platform Zone,190.0,Indian–Burma Plate Boundary,1950.0,6.0,Bogra Fault,Low,Rajshahi
Natore,946812,Rajshahi,2008,4,3,3,0,0,0,0,0,24.42,89.0,Stable Platform Zone,190.0,Indian–Burma Plate Boundary,1950.0,6.0,Bogra Fault,Low,Rajshahi
Pabna,2511357,Rajshahi,2008,2,1,1,1,1,0,0,0,24.0064,89.2493,Stable Platform Zone,160.0,Indian–Burma Plate Boundary,1950.0,6.0,Stable Platform,Low,Rajshahi
Pabna,571379,Rajshahi,2008,4,1,1,0,0,0,0,0,24.0064,89.2493,Stable Platform Zone,160.0,Indian–Burma Plate Boundary,1950.0,6.0,Stable Platform,Low,Rajshahi
Rajshahi,2409094,Rajshahi,2008,2,2,0,0,0,0,0,0,24.3745,88.6042,Stable Platform Zone,200.0,Indian–Burma Plate Boundary,1950.0,6.0,Bogra Fault,Low,Rajshahi
Rajshahi,408910,Rajshahi,2008,4,2,1,1,0,0,0,0,24.3745,88.6042,Stable Platform Zone,200.0,Indian–Burma Plate Boundary,1950.0,6.0,Bogra Fault,Low,Rajshahi
Sirajganj,1690298,Rajshahi,2008,5,1,1,1,0,0,0,0,24.45,89.71,Stable Platform Zone,150.0,Indian–Burma Plate Boundary,1950.0,6.0,Stable Platform,Low,Rajshahi
Sirajganj,533813,Rajshahi,2008,5,3,3,2,0,0,0,0,24.45,89.71,Stable Platform Zone,150.0,Indian–Burma Plate Boundary,1950.0,6.0,Stable Platform,Low,Rajshahi
Dinajpur,2334308,Rangpur,2008,1,1,0,0,0,0,0,0,25.625,88.65,Stable Platform Zone,120.0,Indian–Burma Plate Boundary,1950.0,6.5,Himalayan Frontal Zone,Medium,Rangpur
Dinajpur,354235,Rangpur,2008,3,2,1,0,0,0,0,0,25.625,88.65,Stable Platform Zone,120.0,Indian–Burma Plate Boundary,1950.0,6.5,Himalayan Frontal Zone,Medium,Rangpur
Gaibandha,2762866,Rangpur,2008,5,1,1,1,1,0,0,0,25.33,89.55,Stable Platform Zone,130.0,Indian–Eurasian Plate Boundary,1950.0,6.5,Bogra Fault,Medium,Rangpur
Gaibandha,990785,Rangpur,2008,6,2,1,0,0,0,0,0,25.33,89.55,Stable Platform Zone,130.0,Indian–Eurasian Plate Boundary,1950.0,6.5,Bogra Fault,Medium,Rangpur
Kurigram,1536368,Rangpur,2008,3,1,0,0,0,0,0,0,25.81,89.65,Himalayan Frontal Zone,110.0,Indian–Eurasian Plate Boundary,1950.0,8.6,Assam Fault Belt,High,Rangpur
Kurigram,767016,Rangpur,2008,4,3,1,1,0,0,0,0,25.81,89.65,Himalayan Frontal Zone,110.0,Indian–Eurasian Plate Boundary,1950.0,8.6,Assam Fault Belt,High,Rangpur
Lalmonirhat,565505,Rangpur,2008,10,5,4,0,0,0,0,0,25.92,89.45,Himalayan Frontal Zone,100.0,Indian–Eurasian Plate Boundary,1950.0,8.6,Assam Fault Belt,High,Rangpur
Lalmonirhat,937955,Rangpur,2008,5,2,2,2,0,0,0,0,25.92,89.45,Himalayan Frontal Zone,100.0,Indian–Eurasian Plate Boundary,1950.0,8.6,Assam Fault Belt,High,Rangpur
Nilphamari,1333465,Rangpur,2008,3,2,1,0,0,0,0,0,25.95,88.85,Himalayan Frontal Zone,110.0,Indian–Eurasian Plate Boundary,1950.0,8.6,Assam Fault Belt,High,Rangpur
Nilphamari,406280,Rangpur,2008,5,3,3,1,0,0,0,0,25.95,88.85,Himalayan Frontal Zone,110.0,Indian–Eurasian Plate Boundary,1950.0,8.6,Assam Fault Belt,High,Rangpur
Panchagarh,1183594,Rangpur,2008,5,2,2,0,0,0,0,0,26.33,88.56,Himalayan Frontal Zone,90.0,Indian–Eurasian Plate Boundary,1950.0,8.6,Assam Fault Belt,High,Rangpur
Panchagarh,786921,Rangpur,2008,6,5,2,1,0,0,0,0,26.33,88.56,Himalayan Frontal Zone,90.0,Indian–Eurasian Plate Boundary,1950.0,8.6,Assam Fault Belt,High,Rangpur
Rangpur,484285,Rangpur,2008,2,2,0,0,0,0,0,0,25.7449,89.2756,Stable Platform Zone,130.0,Indian–Burma Plate Boundary,1950.0,6.5,Himalayan Frontal Zone,Medium,Rangpur
Rangpur,891848,Rangpur,2008,5,3,2,2,0,0,0,0,25.7449,89.2756,Stable Platform Zone,130.0,Indian–Burma Plate Boundary,1950.0,6.5,Himalayan Frontal Zone,Medium,Rangpur
Thakurgaon,406869,Rangpur,2008,3,3,0,0,0,0,0,0,26.02,88.46,Himalayan Frontal Zone,100.0,Indian–Eurasian Plate Boundary,1950.0,8.6,Assam Fault Belt,High,Rangpur
Thakurgaon,968536,Rangpur,2008,2,2,1,1,0,0,0,0,26.02,88.46,Himalayan Frontal Zone,100.0,Indian–Eurasian Plate Boundary,1950.0,8.6,Assam Fault Belt,High,Rangpur
Habiganj,2336825,Sylhet,2008,10,8,4,0,0,0,0,0,24.38,91.42,Tripura Fold Belt,80.0,Indian–Burma Plate Boundary,1918.0,7.0,Tripura Thrust Zone,Medium,Sylhet
Habiganj,418935,Sylhet,2008,8,4,3,1,0,0,0,0,24.38,91.42,Tripura Fold Belt,80.0,Indian–Burma Plate Boundary,1918.0,7.0,Tripura Thrust Zone,Medium,Sylhet
Moulvibazar,2774339,Sylhet,2008,11,6,2,2,0,0,0,0,24.48,91.77,Dauki Fault Zone,35.0,Indian–Burma Plate Boundary,1918.0,7.5,Dauki Fault,High,Sylhet
Moulvibazar,315899,Sylhet,2008,9,5,3,1,1,0,0,0,24.48,91.77,Dauki Fault Zone,35.0,Indian–Burma Plate Boundary,1918.0,7.5,Dauki Fault,High,Sylhet
Sunamganj,2507288,Sylhet,2008,11,3,3,1,0,0,0,0,25.07,91.4,Dauki Fault Zone,45.0,Indian–Burma Plate Boundary,1918.0,7.5,Dauki Fault,High,Sylhet
Sunamganj,659687,Sylhet,2008,12,8,6,1,0,0,0,0,25.07,91.4,Dauki Fault Zone,45.0,Indian–Burma Plate Boundary,1918.0,7.5,Dauki Fault,High,Sylhet
Sylhet,2658188,Sylhet,2008,9,3,3,2,1,0,0,0,24.899,91.872,Dauki Fault Zone,30.0,Indian–Burma Plate Boundary,1918.0,7.5,Dauki Fault,High,Sylhet
Sylhet,863530,Sylhet,2008,5,3,2,0,0,0,0,0,24.899,91.872,Dauki Fault Zone,30.0,Indian–Burma Plate Boundary,1918.0,7.5,Dauki Fault,High,Sylhet
Barguna,2513580,Barisal,2009,2,2,0,0,0,0,0,0,22.15,90.13,Foredeep Basin,210.0,Indian–Burma Plate Boundary,1950.0,5.5,Foredeep Basin,Low,Barishal
Barguna,726447,Barisal,2009,1,1,0,0,0,0,0,0,22.15,90.13,Foredeep Basin,210.0,Indian–Burma Plate Boundary,1950.0,5.5,Foredeep Basin,Low,Barishal
Barishal,1259825,Barisal,2009,0,0,0,0,0,0,0,0,22.7,90.37,Foredeep Basin,180.0,Indian–Burma Plate Boundary,1950.0,5.5,Foredeep Basin,Low,Barishal
Barishal,867615,Barisal,2009,4,4,0,0,0,0,0,0,22.7,90.37,Foredeep Basin,180.0,Indian–Burma Plate Boundary,1950.0,5.5,Foredeep Basin,Low,Barishal
Bhola,1869577,Barisal,2009,8,5,3,1,0,0,0,0,22.69,90.65,Foredeep Basin,190.0,Indian–Burma Plate Boundary,1950.0,5.5,Foredeep Basin,Low,Barishal
Bhola,846568,Barisal,2009,0,0,0,0,0,0,0,0,22.69,90.65,Foredeep Basin,190.0,Indian–Burma Plate Boundary,1950.0,5.5,Foredeep Basin,Low,Barishal
Patuakhali,2475758,Barisal,2009,3,3,2,0,0,0,0,0,22.35,90.3,Foredeep Basin,200.0,Indian–Burma Plate Boundary,1950.0,5.5,Foredeep Basin,Low,Barishal
Patuakhali,706191,Barisal,2009,3,2,2,2,0,0,0,0,22.35,90.3,Foredeep Basin,200.0,Indian–Burma Plate Boundary,1950.0,5.5,Foredeep Basin,Low,Barishal
Pirojpur,2103367,Barisal,2009,2,1,0,0,0,0,0,0,22.58,89.98,Foredeep Basin,180.0,Indian–Burma Plate Boundary,1950.0,5.5,Foredeep Basin,Low,Barishal
Pirojpur,329740,Barisal,2009,1,0,0,0,0,0,0,0,22.58,89.98,Foredeep Basin,180.0,Indian–Burma Plate Boundary,1950.0,5.5,Foredeep Basin,Low,Barishal
Bandarban,972933,Chittagong,2009,3,2,1,0,0,0,0,0,22.194,92.218,Indo‑Burma Fold Belt,25.0,Indian–Burma Plate Boundary,1762.0,8.0,Chittagong Hill Tracts Fold Belt,High,Chittagong
Bandarban,5965910,Chittagong,2009,7,4,2,0,0,0,0,0,22.194,92.218,Indo‑Burma Fold Belt,25.0,Indian–Burma Plate Boundary,1762.0,8.0,Chittagong Hill Tracts Fold Belt,High,Chittagong
Brahmanbaria,1128805,Chittagong,2009,6,2,0,0,0,0,0,0,23.96,91.11,Tripura Fold Belt,85.0,Indian–Burma Plate Boundary,1897.0,7.5,Tripura Thrust Zone,Medium,Chittagong
Brahmanbaria,2337490,Chittagong,2009,8,6,4,2,0,0,0,0,23.96,91.11,Tripura Fold Belt,85.0,Indian–Burma Plate Boundary,1897.0,7.5,Tripura Thrust Zone,Medium,Chittagong
Chandpur,1611126,Chittagong,2009,8,2,1,1,0,0,0,0,23.23,90.65,Foredeep Basin,150.0,Indian–Burma Plate Boundary,1897.0,6.5,Surma Basin,Low,Chittagong
Chandpur,3769099,Chittagong,2009,6,3,1,0,0,0,0,0,23.23,90.65,Foredeep Basin,150.0,Indian–Burma Plate Boundary,1897.0,6.5,Surma Basin,Low,Chittagong
Chittagong,1794990,Chittagong,2009,4,4,3,0,0,0,0,0,22.3419,91.8155,Indo‑Burma Subduction Zone,25.0,Indian–Burma Plate Boundary,1762.0,8.5,Arakan–Burma Subduction,High,Chittagong
Chittagong,2193701,Chittagong,2009,9,8,1,1,1,0,0,0,22.3419,91.8155,Indo‑Burma Subduction Zone,25.0,Indian–Burma Plate Boundary,1762.0,8.5,Arakan–Burma Subduction,High,Chittagong
Comilla,580551,Chittagong,2009,7,3,1,1,0,0,0,0,23.45,91.1999,Tripura Fold Belt,80.0,Indian–Burma Plate Boundary,1897.0,7.5,Tripura Thrust Zone,Medium,Chittagong
Comilla,4391169,Chittagong,2009,8,3,2,2,0,0,0,0,23.45,91.1999,Tripura Fold Belt,80.0,Indian–Burma Plate Boundary,1897.0,7.5,Tripura Thrust Zone,Medium,Chittagong
Cox's Bazar,827720,Chittagong,2009,6,3,2,0,0,0,0,0,21.4272,92.0058,Indo‑Burma Subduction Zone,15.0,Indian–Burma Plate Boundary,1762.0,8.5,Arakan Subduction,High,Chittagong
Cox's Bazar,4099452,Chittagong,2009,6,2,1,1,0,0,0,0,21.4272,92.0058,Indo‑Burma Subduction Zone,15.0,Indian–Burma Plate Boundary,1762.0,8.5,Arakan Subduction,High,Chittagong
Feni,819689,Chittagong,2009,10,7,1,1,0,0,0,0,23.02,91.4,Tripura Fold Belt,90.0,Indian–Burma Plate Boundary,1897.0,7.5,Tripura Thrust Zone,Medium,Chittagong
Feni,4600060,Chittagong,2009,6,4,3,2,0,0,0,0,23.02,91.4,Tripura Fold Belt,90.0,Indian–Burma Plate Boundary,1897.0,7.5,Tripura Thrust Zone,Medium,Chittagong
Lakshmipur,2044953,Chittagong,2009,6,3,3,1,0,0,0,0,22.95,90.83,Tripura Fold Belt,100.0,Indian–Burma Plate Boundary,1897.0,7.5,Tripura Thrust Zone,Medium,Chittagong
Lakshmipur,4170999,Chittagong,2009,5,4,2,0,0,0,0,0,22.95,90.83,Tripura Fold Belt,100.0,Indian–Burma Plate Boundary,1897.0,7.5,Tripura Thrust Zone,Medium,Chittagong
Noakhali,1368735,Chittagong,2009,11,5,4,2,1,0,0,0,22.82,91.1,Tripura Fold Belt,90.0,Indian–Burma Plate Boundary,1897.0,7.5,Tripura Thrust Zone,Medium,Chittagong
Noakhali,5056504,Chittagong,2009,6,4,0,0,0,0,0,0,22.82,91.1,Tripura Fold Belt,90.0,Indian–Burma Plate Boundary,1897.0,7.5,Tripura Thrust Zone,Medium,Chittagong
Rangamati,1434785,Chittagong,2009,10,7,6,0,0,0,0,0,22.65,92.17,Indo‑Burma Fold Belt,50.0,Indian–Burma Plate Boundary,1762.0,7.0,Tripura Fold Belt,High,Chittagong
Rangamati,4091995,Chittagong,2009,6,4,2,0,0,0,0,0,22.65,92.17,Indo‑Burma Fold Belt,50.0,Indian–Burma Plate Boundary,1762.0,7.0,Tripura Fold Belt,High,Chittagong
Dhaka,2809193,Dhaka,2009,3,2,1,1,1,0,0,0,23.8103,90.4125,Madhupur Fault Zone,100.0,Indian–Burma Plate Boundary,1885.0,7.2,Madhupur Fault,Medium,Dhaka
Dhaka,10366215,Dhaka,2009,2,0,0,0,0,0,0,0,23.8103,90.4125,Madhupur Fault Zone,100.0,Indian–Burma Plate Boundary,1885.0,7.2,Madhupur Fault,Medium,Dhaka
Faridpur,1295629,Dhaka,2009,4,2,0,0,0,0,0,0,23.607,89.8429,Foredeep Basin,160.0,Indian–Burma Plate Boundary,1885.0,6.0,Foredeep Basin,Low,Dhaka
Faridpur,11437035,Dhaka,2009,4,3,2,0,0,0,0,0,23.607,89.8429,Foredeep Basin,160.0,Indian–Burma Plate Boundary,1885.0,6.0,Foredeep Basin,Low,Dhaka
Gazipur,2007282,Dhaka,2009,7,6,3,0,0,0,0,0,24.0,90.4167,Madhupur Fault Zone,95.0,Indian–Burma Plate Boundary,1885.0,7.2,Madhupur Fault,Medium,Dhaka
Gazipur,10215322,Dhaka,2009,5,3,0,0,0,0,0,0,24.0,90.4167,Madhupur Fault Zone,95.0,Indian–Burma Plate Boundary,1885.0,7.2,Madhupur Fault,Medium,Dhaka
Gopalganj,1892343,Dhaka,2009,3,2,1,0,0,0,0,0,23.02,89.83,Foredeep Basin,170.0,Indian–Burma Plate Boundary,1885.0,6.0,Foredeep Basin,Low,Dhaka
Gopalganj,8772436,Dhaka,2009,3,2,2,1,0,0,0,0,23.02,89.83,Foredeep Basin,170.0,Indian–Burma Plate Boundary,1885.0,6.0,Foredeep Basin,Low,Dhaka
Kishoreganj,2148580,Dhaka,2009,4,1,1,0,0,0,0,0,24.44,90.77,Madhupur Fault Zone,100.0,Indian–Burma Plate Boundary,1885.0,7.2,Madhupur Fault,Medium,Dhaka
Madaripur,1294218,Dhaka,2009,1,0,0,0,0,0,0,0,23.17,90.19,Foredeep Basin,150.0,Indian–Burma Plate Boundary,1885.0,6.0,Foredeep Basin,Low,Dhaka
Madaripur,6838739,Dhaka,2009,8,5,1,0,0,0,0,0,23.17,90.19,Foredeep Basin,150.0,Indian–Burma Plate Boundary,1885.0,6.0,Foredeep Basin,Low,Dhaka
Manikganj,904414,Dhaka,2009,1,1,0,0,0,0,0,0,23.86,90.0,Madhupur Fault Zone,90.0,Indian–Burma Plate Boundary,1885.0,7.2,Madhupur Fault,Medium,Dhaka
Manikganj,11757825,Dhaka,2009,2,2,0,0,0,0,0,0,23.86,90.0,Madhupur Fault Zone,90.0,Indian–Burma Plate Boundary,1885.0,7.2,Madhupur Fault,Medium,Dhaka
Munshiganj,2655884,Dhaka,2009,3,3,0,0,0,0,0,0,23.54,90.53,Foredeep Basin,130.0,Indian–Burma Plate Boundary,1885.0,6.0,Foredeep Basin,Low,Dhaka
Munshiganj,5994715,Dhaka,2009,3,1,0,0,0,0,0,0,23.54,90.53,Foredeep Basin,130.0,Indian–Burma Plate Boundary,1885.0,6.0,Foredeep Basin,Low,Dhaka
Narayanganj,812841,Dhaka,2009,4,2,2,0,0,0,0,0,23.6226,90.501,Madhupur Fault Zone,110.0,Indian–Burma Plate Boundary,1885.0,7.2,Madhupur Fault,Medium,Dhaka
Narayanganj,10769396,Dhaka,2009,4,1,1,0,0,0,0,0,23.6226,90.501,Madhupur Fault Zone,110.0,Indian–Burma Plate Boundary,1885.0,7.2,Madhupur Fault,Medium,Dhaka
Narsingdi,968093,Dhaka,2009,4,2,1,0,0,0,0,0,23.9207,90.7188,Madhupur Fault Zone,110.0,Indian–Burma Plate Boundary,1885.0,7.2,Madhupur Fault,Medium,Dhaka
Narsingdi,5455639,Dhaka,2009,5,2,2,0,0,0,0,0,23.9207,90.7188,Madhupur Fault Zone,110.0,Indian–Burma Plate Boundary,1885.0,7.2,Madhupur Fault,Medium,Dhaka
Rajbari,2505159,Dhaka,2009,6,5,1,1,0,0,0,0,23.72,89.65,Foredeep Basin,180.0,Indian–Burma Plate Boundary,1885.0,6.0,Foredeep Basin,Low,Dhaka
Rajbari,9517921,Dhaka,2009,2,0,0,0,0,0,0,0,23.72,89.65,Foredeep Basin,180.0,Indian–Burma Plate Boundary,1885.0,6.0,Foredeep Basin,Low,Dhaka
Shariatpur,1689287,Dhaka,2009,3,2,2,0,0,0,0,0,23.22,90.35,Foredeep Basin,150.0,Indian–Burma Plate Boundary,1885.0,6.0,Foredeep Basin,Low,Dhaka
Shariatpur,6264177,Dhaka,2009,3,2,1,0,0,0,0,0,23.22,90.35,Foredeep Basin,150.0,Indian–Burma Plate Boundary,1885.0,6.0,Foredeep Basin,Low,Dhaka
Tangail,1909535,Dhaka,2009,3,1,0,0,0,0,0,0,24.25,89.9167,Madhupur Fault Zone,90.0,Indian–Burma Plate Boundary,1885.0,7.2,Madhupur Fault,Medium,Dhaka
Tangail,11146663,Dhaka,2009,1,1,0,0,0,0,0,0,24.25,89.9167,Madhupur Fault Zone,90.0,Indian–Burma Plate Boundary,1885.0,7.2,Madhupur Fault,Medium,Dhaka
Bagerhat,1681298,Khulna,2009,5,2,2,2,0,0,0,0,22.65,89.7667,Stable Platform Zone,230.0,Indian–Burma Plate Boundary,1950.0,6.0,Bogra Fault,Low,Khulna
Bagerhat,1122779,Khulna,2009,0,0,0,0,0,0,0,0,22.65,89.7667,Stable Platform Zone,230.0,Indian–Burma Plate Boundary,1950.0,6.0,Bogra Fault,Low,Khulna
Chuadanga,1770841,Khulna,2009,3,1,0,0,0,0,0,0,23.63,88.83,Stable Platform Zone,180.0,Indian–Burma Plate Boundary,1950.0,6.0,Stable Platform,Low,Khulna
Chuadanga,1064803,Khulna,2009,0,0,0,0,0,0,0,0,23.63,88.83,Stable Platform Zone,180.0,Indian–Burma Plate Boundary,1950.0,6.0,Stable Platform,Low,Khulna
Jessore,2685632,Khulna,2009,2,2,1,0,0,0,0,0,23.1707,89.2124,Stable Platform Zone,210.0,Indian–Burma Plate Boundary,1950.0,6.0,Stable Platform,Low,Khulna
Jessore,1177357,Khulna,2009,6,6,3,0,0,0,0,0,23.1707,89.2124,Stable Platform Zone,210.0,Indian–Burma Plate Boundary,1950.0,6.0,Stable Platform,Low,Khulna
Jhenaidah,1929061,Khulna,2009,0,0,0,0,0,0,0,0,23.55,89.15,Stable Platform Zone,200.0,Indian–Burma Plate Boundary,1950.0,6.0,Stable Platform,Low,Khulna
Jhenaidah,831246,Khulna,2009,3,0,0,0,0,0,0,0,23.55,89.15,Stable Platform Zone,200.0,Indian–Burma Plate Boundary,1950.0,6.0,Stable Platform,Low,Khulna
Khulna,2356389,Khulna,2009,2,1,1,0,0,0,0,0,22.8167,89.55,Stable Platform Zone,220.0,Indian–Burma Plate Boundary,1950.0,6.0,Bogra Fault,Low,Khulna
Khulna,936810,Khulna,2009,3,0,0,0,0,0,0,0,22.8167,89.55,Stable Platform Zone,220.0,Indian–Burma Plate Boundary,1950.0,6.0,Bogra Fault,Low,Khulna
Kushtia,646369,Khulna,2009,3,3,0,0,0,0,0,0,23.9,89.12,Stable Platform Zone,170.0,Indian–Burma Plate Boundary,1950.0,6.0,Stable Platform,Low,Khulna
Kushtia,685421,Khulna,2009,3,1,1,1,0,0,0,0,23.9,89.12,Stable Platform Zone,170.0,Indian–Burma Plate Boundary,1950.0,6.0,Stable Platform,Low,Khulna
Magura,1324362,Khulna,2009,2,1,1,0,0,0,0,0,23.49,89.42,Stable Platform Zone,200.0,Indian–Burma Plate Boundary,1950.0,6.0,Stable Platform,Low,Khulna
Magura,843388,Khulna,2009,1,1,0,0,0,0,0,0,23.49,89.42,Stable Platform Zone,200.0,Indian–Burma Plate Boundary,1950.0,6.0,Stable Platform,Low,Khulna
Meherpur,576469,Khulna,2009,2,2,1,0,0,0,0,0,23.77,88.63,Stable Platform Zone,200.0,Indian–Burma Plate Boundary,1950.0,6.0,Stable Platform,Low,Khulna
Meherpur,798707,Khulna,2009,4,4,1,1,0,0,0,0,23.77,88.63,Stable Platform Zone,200.0,Indian–Burma Plate Boundary,1950.0,6.0,Stable Platform,Low,Khulna
Narail,880822,Khulna,2009,0,0,0,0,0,0,0,0,23.18,89.5,Stable Platform Zone,190.0,Indian–Burma Plate Boundary,1950.0,6.0,Stable Platform,Low,Khulna
Narail,1352003,Khulna,2009,2,2,0,0,0,0,0,0,23.18,89.5,Stable Platform Zone,190.0,Indian–Burma Plate Boundary,1950.0,6.0,Stable Platform,Low,Khulna
Satkhira,2587919,Khulna,2009,0,0,0,0,0,0,0,0,22.7234,89.0751,Stable Platform Zone,250.0,Indian–Burma Plate Boundary,1950.0,6.0,Stable Platform,Low,Khulna
Satkhira,659308,Khulna,2009,3,2,0,0,0,0,0,0,22.7234,89.0751,Stable Platform Zone,250.0,Indian–Burma Plate Boundary,1950.0,6.0,Stable Platform,Low,Khulna
Jamalpur,625197,Mymensingh,2009,3,1,1,1,0,0,0,0,24.923,89.9501,Madhupur Fault Zone,100.0,Indian–Burma Plate Boundary,1897.0,7.5,Madhupur Fault,Medium,Mymensingh
Mymensingh,2772997,Mymensingh,2009,3,2,1,1,0,0,0,0,24.7434,90.3984,Madhupur Fault Zone,80.0,Indian–Burma Plate Boundary,1897.0,7.5,Madhupur Fault,Medium,Mymensingh
Mymensingh,487004,Mymensingh,2009,6,3,3,2,0,0,0,0,24.7434,90.3984,Madhupur Fault Zone,80.0,Indian–Burma Plate Boundary,1897.0,7.5,Madhupur Fault,Medium,Mymensingh
Sherpur,2627830,Mymensingh,2009,7,3,3,2,0,0,0,0,25.0188,90.0175,Madhupur Fault Zone,95.0,Indian–Burma Plate Boundary,1897.0,7.5,Madhupur Fault,Medium,Mymensingh
Bogra,2773837,Rajshahi,2009,2,1,1,1,0,0,0,0,24.849,89.3677,Stable Platform Zone,140.0,Indian–Burma Plate Boundary,1950.0,6.0,Bogra Fault,Low,Rajshahi
Bogra,434377,Rajshahi,2009,4,2,0,0,0,0,0,0,24.849,89.3677,Stable Platform Zone,140.0,Indian–Burma Plate Boundary,1950.0,6.0,Bogra Fault,Low,Rajshahi
Joypurhat,856950,Rajshahi,2009,3,2,2,1,0,0,0,0,25.1,89.02,Stable Platform Zone,160.0,Indian–Burma Plate Boundary,1950.0,6.0,Stable Platform,Low,Rajshahi
Joypurhat,1169991,Rajshahi,2009,2,1,1,0,0,0,0,0,25.1,89.02,Stable Platform Zone,160.0,Indian–Burma Plate Boundary,1950.0,6.0,Stable Platform,Low,Rajshahi
Naogaon,1719885,Rajshahi,2009,2,2,2,0,0,0,0,0,24.81,88.94,Stable Platform Zone,190.0,Indian–Burma Plate Boundary,1950.0,6.0,Bogra Fault,Low,Rajshahi
Naogaon,876429,Rajshahi,2009,5,1,1,0,0,0,0,0,24.81,88.94,Stable Platform Zone,190.0,Indian–Burma Plate Boundary,1950.0,6.0,Bogra Fault,Low,Rajshahi
Natore,2037922,Rajshahi,2009,3,3,2,1,0,0,0,0,24.42,89.0,Stable Platform Zone,190.0,Indian–Burma Plate Boundary,1950.0,6.0,Bogra Fault,Low,Rajshahi
Natore,801413,Rajshahi,2009,2,1,1,0,0,0,0,0,24.42,89.0,Stable Platform Zone,190.0,Indian–Burma Plate Boundary,1950.0,6.0,Bogra Fault,Low,Rajshahi
Pabna,1606299,Rajshahi,2009,4,3,0,0,0,0,0,0,24.0064,89.2493,Stable Platform Zone,160.0,Indian–Burma Plate Boundary,1950.0,6.0,Stable Platform,Low,Rajshahi
Pabna,687229,Rajshahi,2009,1,1,0,0,0,0,0,0,24.0064,89.2493,Stable Platform Zone,160.0,Indian–Burma Plate Boundary,1950.0,6.0,Stable Platform,Low,Rajshahi
Rajshahi,1343810,Rajshahi,2009,2,2,1,0,0,0,0,0,24.3745,88.6042,Stable Platform Zone,200.0,Indian–Burma Plate Boundary,1950.0,6.0,Bogra Fault,Low,Rajshahi
Rajshahi,1054421,Rajshahi,2009,4,2,2,1,0,0,0,0,24.3745,88.6042,Stable Platform Zone,200.0,Indian–Burma Plate Boundary,1950.0,6.0,Bogra Fault,Low,Rajshahi
Sirajganj,2424554,Rajshahi,2009,4,2,0,0,0,0,0,0,24.45,89.71,Stable Platform Zone,150.0,Indian–Burma Plate Boundary,1950.0,6.0,Stable Platform,Low,Rajshahi
Sirajganj,406999,Rajshahi,2009,0,0,0,0,0,0,0,0,24.45,89.71,Stable Platform Zone,150.0,Indian–Burma Plate Boundary,1950.0,6.0,Stable Platform,Low,Rajshahi
Dinajpur,2040152,Rangpur,2009,4,4,2,1,0,0,0,0,25.625,88.65,Stable Platform Zone,120.0,Indian–Burma Plate Boundary,1950.0,6.5,Himalayan Frontal Zone,Medium,Rangpur
Dinajpur,102231,Rangpur,2009,0,0,0,0,0,0,0,0,25.625,88.65,Stable Platform Zone,120.0,Indian–Burma Plate Boundary,1950.0,6.5,Himalayan Frontal Zone,Medium,Rangpur
Gaibandha,2142045,Rangpur,2009,3,3,2,1,0,0,0,0,25.33,89.55,Stable Platform Zone,130.0,Indian–Eurasian Plate Boundary,1950.0,6.5,Bogra Fault,Medium,Rangpur
Gaibandha,979480,Rangpur,2009,4,2,2,0,0,0,0,0,25.33,89.55,Stable Platform Zone,130.0,Indian–Eurasian Plate Boundary,1950.0,6.5,Bogra Fault,Medium,Rangpur
Kurigram,2871312,Rangpur,2009,5,3,3,0,0,0,0,0,25.81,89.65,Himalayan Frontal Zone,110.0,Indian–Eurasian Plate Boundary,1950.0,8.6,Assam Fault Belt,High,Rangpur
Kurigram,961466,Rangpur,2009,4,3,1,0,0,0,0,0,25.81,89.65,Himalayan Frontal Zone,110.0,Indian–Eurasian Plate Boundary,1950.0,8.6,Assam Fault Belt,High,Rangpur
Lalmonirhat,473123,Rangpur,2009,6,5,2,1,0,0,0,0,25.92,89.45,Himalayan Frontal Zone,100.0,Indian–Eurasian Plate Boundary,1950.0,8.6,Assam Fault Belt,High,Rangpur
Lalmonirhat,625154,Rangpur,2009,9,6,4,0,0,0,0,0,25.92,89.45,Himalayan Frontal Zone,100.0,Indian–Eurasian Plate Boundary,1950.0,8.6,Assam Fault Belt,High,Rangpur
Nilphamari,924054,Rangpur,2009,4,3,3,1,0,0,0,0,25.95,88.85,Himalayan Frontal Zone,110.0,Indian–Eurasian Plate Boundary,1950.0,8.6,Assam Fault Belt,High,Rangpur
Nilphamari,206146,Rangpur,2009,3,2,1,1,1,0,0,0,25.95,88.85,Himalayan Frontal Zone,110.0,Indian–Eurasian Plate Boundary,1950.0,8.6,Assam Fault Belt,High,Rangpur
Panchagarh,646845,Rangpur,2009,4,1,1,0,0,0,0,0,26.33,88.56,Himalayan Frontal Zone,90.0,Indian–Eurasian Plate Boundary,1950.0,8.6,Assam Fault Belt,High,Rangpur
Panchagarh,371758,Rangpur,2009,5,3,1,1,0,0,0,0,26.33,88.56,Himalayan Frontal Zone,90.0,Indian–Eurasian Plate Boundary,1950.0,8.6,Assam Fault Belt,High,Rangpur
Rangpur,1586299,Rangpur,2009,4,3,2,0,0,0,0,0,25.7449,89.2756,Stable Platform Zone,130.0,Indian–Burma Plate Boundary,1950.0,6.5,Himalayan Frontal Zone,Medium,Rangpur
Rangpur,164627,Rangpur,2009,6,2,1,0,0,0,0,0,25.7449,89.2756,Stable Platform Zone,130.0,Indian–Burma Plate Boundary,1950.0,6.5,Himalayan Frontal Zone,Medium,Rangpur
Thakurgaon,1613331,Rangpur,2009,4,3,0,0,0,0,0,0,26.02,88.46,Himalayan Frontal Zone,100.0,Indian–Eurasian Plate Boundary,1950.0,8.6,Assam Fault Belt,High,Rangpur
Thakurgaon,695529,Rangpur,2009,2,2,1,0,0,0,0,0,26.02,88.46,Himalayan Frontal Zone,100.0,Indian–Eurasian Plate Boundary,1950.0,8.6,Assam Fault Belt,High,Rangpur
Habiganj,2300433,Sylhet,2009,4,3,0,0,0,0,0,0,24.38,91.42,Tripura Fold Belt,80.0,Indian–Burma Plate Boundary,1918.0,7.0,Tripura Thrust Zone,Medium,Sylhet
Habiganj,297186,Sylhet,2009,11,6,2,0,0,0,0,0,24.38,91.42,Tripura Fold Belt,80.0,Indian–Burma Plate Boundary,1918.0,7.0,Tripura Thrust Zone,Medium,Sylhet
Moulvibazar,2032351,Sylhet,2009,11,9,2,2,0,0,0,0,24.48,91.77,Dauki Fault Zone,35.0,Indian–Burma Plate Boundary,1918.0,7.5,Dauki Fault,High,Sylhet
Moulvibazar,289920,Sylhet,2009,10,5,4,1,1,0,0,0,24.48,91.77,Dauki Fault Zone,35.0,Indian–Burma Plate Boundary,1918.0,7.5,Dauki Fault,High,Sylhet
Sunamganj,1600246,Sylhet,2009,7,6,4,1,0,0,0,0,25.07,91.4,Dauki Fault Zone,45.0,Indian–Burma Plate Boundary,1918.0,7.5,Dauki Fault,High,Sylhet
Sunamganj,583651,Sylhet,2009,12,7,6,3,2,0,0,0,25.07,91.4,Dauki Fault Zone,45.0,Indian–Burma Plate Boundary,1918.0,7.5,Dauki Fault,High,Sylhet
Sylhet,2145100,Sylhet,2009,5,4,0,0,0,0,0,0,24.899,91.872,Dauki Fault Zone,30.0,Indian–Burma Plate Boundary,1918.0,7.5,Dauki Fault,High,Sylhet
Sylhet,387763,Sylhet,2009,11,6,6,2,0,0,0,0,24.899,91.872,Dauki Fault Zone,30.0,Indian–Burma Plate Boundary,1918.0,7.5,Dauki Fault,High,Sylhet
Barguna,2127146,Barisal,2010,1,0,0,0,0,0,0,0,22.15,90.13,Foredeep Basin,210.0,Indian–Burma Plate Boundary,1950.0,5.5,Foredeep Basin,Low,Barishal
Barguna,343789,Barisal,2010,4,4,3,1,1,0,0,0,22.15,90.13,Foredeep Basin,210.0,Indian–Burma Plate Boundary,1950.0,5.5,Foredeep Basin,Low,Barishal
Barishal,808577,Barisal,2010,2,1,0,0,0,0,0,0,22.7,90.37,Foredeep Basin,180.0,Indian–Burma Plate Boundary,1950.0,5.5,Foredeep Basin,Low,Barishal
Barishal,576360,Barisal,2010,4,3,1,0,0,0,0,0,22.7,90.37,Foredeep Basin,180.0,Indian–Burma Plate Boundary,1950.0,5.5,Foredeep Basin,Low,Barishal
Bhola,2435465,Barisal,2010,1,1,0,0,0,0,0,0,22.69,90.65,Foredeep Basin,190.0,Indian–Burma Plate Boundary,1950.0,5.5,Foredeep Basin,Low,Barishal
Bhola,611058,Barisal,2010,4,1,1,0,0,0,0,0,22.69,90.65,Foredeep Basin,190.0,Indian–Burma Plate Boundary,1950.0,5.5,Foredeep Basin,Low,Barishal
Patuakhali,1008553,Barisal,2010,0,0,0,0,0,0,0,0,22.35,90.3,Foredeep Basin,200.0,Indian–Burma Plate Boundary,1950.0,5.5,Foredeep Basin,Low,Barishal
Patuakhali,577194,Barisal,2010,6,2,2,1,1,0,0,0,22.35,90.3,Foredeep Basin,200.0,Indian–Burma Plate Boundary,1950.0,5.5,Foredeep Basin,Low,Barishal
Pirojpur,1984742,Barisal,2010,2,0,0,0,0,0,0,0,22.58,89.98,Foredeep Basin,180.0,Indian–Burma Plate Boundary,1950.0,5.5,Foredeep Basin,Low,Barishal
Pirojpur,419007,Barisal,2010,2,2,0,0,0,0,0,0,22.58,89.98,Foredeep Basin,180.0,Indian–Burma Plate Boundary,1950.0,5.5,Foredeep Basin,Low,Barishal
Bandarban,1670923,Chittagong,2010,6,3,2,2,0,0,0,0,22.194,92.218,Indo‑Burma Fold Belt,25.0,Indian–Burma Plate Boundary,1762.0,8.0,Chittagong Hill Tracts Fold Belt,High,Chittagong
Bandarban,4341916,Chittagong,2010,9,4,4,0,0,0,0,0,22.194,92.218,Indo‑Burma Fold Belt,25.0,Indian–Burma Plate Boundary,1762.0,8.0,Chittagong Hill Tracts Fold Belt,High,Chittagong
Brahmanbaria,2548511,Chittagong,2010,8,5,1,1,0,0,0,0,23.96,91.11,Tripura Fold Belt,85.0,Indian–Burma Plate Boundary,1897.0,7.5,Tripura Thrust Zone,Medium,Chittagong
Brahmanbaria,4284131,Chittagong,2010,3,2,2,1,0,0,0,0,23.96,91.11,Tripura Fold Belt,85.0,Indian–Burma Plate Boundary,1897.0,7.5,Tripura Thrust Zone,Medium,Chittagong
Chandpur,2433348,Chittagong,2010,7,2,2,0,0,0,0,0,23.23,90.65,Foredeep Basin,150.0,Indian–Burma Plate Boundary,1897.0,6.5,Surma Basin,Low,Chittagong
Chandpur,3312241,Chittagong,2010,6,3,1,1,0,0,0,0,23.23,90.65,Foredeep Basin,150.0,Indian–Burma Plate Boundary,1897.0,6.5,Surma Basin,Low,Chittagong
Chittagong,2755818,Chittagong,2010,7,4,1,1,0,0,0,0,22.3419,91.8155,Indo‑Burma Subduction Zone,25.0,Indian–Burma Plate Boundary,1762.0,8.5,Arakan–Burma Subduction,High,Chittagong
Chittagong,2154167,Chittagong,2010,5,4,0,0,0,0,0,0,22.3419,91.8155,Indo‑Burma Subduction Zone,25.0,Indian–Burma Plate Boundary,1762.0,8.5,Arakan–Burma Subduction,High,Chittagong
Comilla,1014622,Chittagong,2010,8,6,4,1,1,0,0,0,23.45,91.1999,Tripura Fold Belt,80.0,Indian–Burma Plate Boundary,1897.0,7.5,Tripura Thrust Zone,Medium,Chittagong
Comilla,3492886,Chittagong,2010,3,2,1,0,0,0,0,0,23.45,91.1999,Tripura Fold Belt,80.0,Indian–Burma Plate Boundary,1897.0,7.5,Tripura Thrust Zone,Medium,Chittagong
Cox's Bazar,2243556,Chittagong,2010,4,4,2,0,0,0,0,0,21.4272,92.0058,Indo‑Burma Subduction Zone,15.0,Indian–Burma Plate Boundary,1762.0,8.5,Arakan Subduction,High,Chittagong
Cox's Bazar,4241681,Chittagong,2010,4,1,1,1,0,0,0,0,21.4272,92.0058,Indo‑Burma Subduction Zone,15.0,Indian–Burma Plate Boundary,1762.0,8.5,Arakan Subduction,High,Chittagong
Feni,493454,Chittagong,2010,8,6,1,1,0,0,0,0,23.02,91.4,Tripura Fold Belt,90.0,Indian–Burma Plate Boundary,1897.0,7.5,Tripura Thrust Zone,Medium,Chittagong
Feni,2082539,Chittagong,2010,7,6,0,0,0,0,0,0,23.02,91.4,Tripura Fold Belt,90.0,Indian–Burma Plate Boundary,1897.0,7.5,Tripura Thrust Zone,Medium,Chittagong
Lakshmipur,585287,Chittagong,2010,5,3,2,0,0,0,0,0,22.95,90.83,Tripura Fold Belt,100.0,Indian–Burma Plate Boundary,1897.0,7.5,Tripura Thrust Zone,Medium,Chittagong
Lakshmipur,2344023,Chittagong,2010,12,10,3,2,0,0,0,0,22.95,90.83,Tripura Fold Belt,100.0,Indian–Burma Plate Boundary,1897.0,7.5,Tripura Thrust Zone,Medium,Chittagong
Noakhali,792050,Chittagong,2010,6,5,2,0,0,0,0,0,22.82,91.1,Tripura Fold Belt,90.0,Indian–Burma Plate Boundary,1897.0,7.5,Tripura Thrust Zone,Medium,Chittagong
Noakhali,3944570,Chittagong,2010,9,7,2,0,0,0,0,0,22.82,91.1,Tripura Fold Belt,90.0,Indian–Burma Plate Boundary,1897.0,7.5,Tripura Thrust Zone,Medium,Chittagong
Rangamati,2916700,Chittagong,2010,5,1,1,1,0,0,0,0,22.65,92.17,Indo‑Burma Fold Belt,50.0,Indian–Burma Plate Boundary,1762.0,7.0,Tripura Fold Belt,High,Chittagong
Rangamati,5525995,Chittagong,2010,6,6,0,0,0,0,0,0,22.65,92.17,Indo‑Burma Fold Belt,50.0,Indian–Burma Plate Boundary,1762.0,7.0,Tripura Fold Belt,High,Chittagong
Dhaka,1338029,Dhaka,2010,5,4,1,0,0,0,0,0,23.8103,90.4125,Madhupur Fault Zone,100.0,Indian–Burma Plate Boundary,1885.0,7.2,Madhupur Fault,Medium,Dhaka
Dhaka,8510707,Dhaka,2010,4,2,2,1,1,0,0,0,23.8103,90.4125,Madhupur Fault Zone,100.0,Indian–Burma Plate Boundary,1885.0,7.2,Madhupur Fault,Medium,Dhaka
Faridpur,2366281,Dhaka,2010,2,1,0,0,0,0,0,0,23.607,89.8429,Foredeep Basin,160.0,Indian–Burma Plate Boundary,1885.0,6.0,Foredeep Basin,Low,Dhaka
Faridpur,10053864,Dhaka,2010,4,2,2,2,0,0,0,0,23.607,89.8429,Foredeep Basin,160.0,Indian–Burma Plate Boundary,1885.0,6.0,Foredeep Basin,Low,Dhaka
Gazipur,2643030,Dhaka,2010,4,3,1,0,0,0,0,0,24.0,90.4167,Madhupur Fault Zone,95.0,Indian–Burma Plate Boundary,1885.0,7.2,Madhupur Fault,Medium,Dhaka
Gazipur,7183030,Dhaka,2010,6,3,3,1,0,0,0,0,24.0,90.4167,Madhupur Fault Zone,95.0,Indian–Burma Plate Boundary,1885.0,7.2,Madhupur Fault,Medium,Dhaka
Gopalganj,2988423,Dhaka,2010,0,0,0,0,0,0,0,0,23.02,89.83,Foredeep Basin,170.0,Indian–Burma Plate Boundary,1885.0,6.0,Foredeep Basin,Low,Dhaka
Gopalganj,9058518,Dhaka,2010,5,4,4,1,0,0,0,0,23.02,89.83,Foredeep Basin,170.0,Indian–Burma Plate Boundary,1885.0,6.0,Foredeep Basin,Low,Dhaka
Kishoreganj,2320927,Dhaka,2010,2,1,0,0,0,0,0,0,24.44,90.77,Madhupur Fault Zone,100.0,Indian–Burma Plate Boundary,1885.0,7.2,Madhupur Fault,Medium,Dhaka
Madaripur,483239,Dhaka,2010,6,6,1,1,0,0,0,0,23.17,90.19,Foredeep Basin,150.0,Indian–Burma Plate Boundary,1885.0,6.0,Foredeep Basin,Low,Dhaka
Madaripur,7180005,Dhaka,2010,2,0,0,0,0,0,0,0,23.17,90.19,Foredeep Basin,150.0,Indian–Burma Plate Boundary,1885.0,6.0,Foredeep Basin,Low,Dhaka
Manikganj,2046781,Dhaka,2010,2,0,0,0,0,0,0,0,23.86,90.0,Madhupur Fault Zone,90.0,Indian–Burma Plate Boundary,1885.0,7.2,Madhupur Fault,Medium,Dhaka
Manikganj,6379633,Dhaka,2010,5,3,3,0,0,0,0,0,23.86,90.0,Madhupur Fault Zone,90.0,Indian–Burma Plate Boundary,1885.0,7.2,Madhupur Fault,Medium,Dhaka
Munshiganj,2167769,Dhaka,2010,4,1,1,0,0,0,0,0,23.54,90.53,Foredeep Basin,130.0,Indian–Burma Plate Boundary,1885.0,6.0,Foredeep Basin,Low,Dhaka
Munshiganj,10832698,Dhaka,2010,2,1,1,1,0,0,0,0,23.54,90.53,Foredeep Basin,130.0,Indian–Burma Plate Boundary,1885.0,6.0,Foredeep Basin,Low,Dhaka
Narayanganj,2198926,Dhaka,2010,1,1,0,0,0,0,0,0,23.6226,90.501,Madhupur Fault Zone,110.0,Indian–Burma Plate Boundary,1885.0,7.2,Madhupur Fault,Medium,Dhaka
Narayanganj,10281131,Dhaka,2010,4,3,1,1,0,0,0,0,23.6226,90.501,Madhupur Fault Zone,110.0,Indian–Burma Plate Boundary,1885.0,7.2,Madhupur Fault,Medium,Dhaka
Narsingdi,1109815,Dhaka,2010,3,2,1,0,0,0,0,0,23.9207,90.7188,Madhupur Fault Zone,110.0,Indian–Burma Plate Boundary,1885.0,7.2,Madhupur Fault,Medium,Dhaka
Narsingdi,11870777,Dhaka,2010,4,2,2,1,0,0,0,0,23.9207,90.7188,Madhupur Fault Zone,110.0,Indian–Burma Plate Boundary,1885.0,7.2,Madhupur Fault,Medium,Dhaka
Rajbari,1065713,Dhaka,2010,3,2,0,0,0,0,0,0,23.72,89.65,Foredeep Basin,180.0,Indian–Burma Plate Boundary,1885.0,6.0,Foredeep Basin,Low,Dhaka
Rajbari,6959778,Dhaka,2010,7,4,2,0,0,0,0,0,23.72,89.65,Foredeep Basin,180.0,Indian–Burma Plate Boundary,1885.0,6.0,Foredeep Basin,Low,Dhaka
Shariatpur,2778884,Dhaka,2010,5,2,0,0,0,0,0,0,23.22,90.35,Foredeep Basin,150.0,Indian–Burma Plate Boundary,1885.0,6.0,Foredeep Basin,Low,Dhaka
Shariatpur,8131004,Dhaka,2010,2,2,2,0,0,0,0,0,23.22,90.35,Foredeep Basin,150.0,Indian–Burma Plate Boundary,1885.0,6.0,Foredeep Basin,Low,Dhaka
Tangail,2390111,Dhaka,2010,4,2,1,1,0,0,0,0,24.25,89.9167,Madhupur Fault Zone,90.0,Indian–Burma Plate Boundary,1885.0,7.2,Madhupur Fault,Medium,Dhaka
Tangail,9116089,Dhaka,2010,4,3,2,1,0,0,0,0,24.25,89.9167,Madhupur Fault Zone,90.0,Indian–Burma Plate Boundary,1885.0,7.2,Madhupur Fault,Medium,Dhaka
Bagerhat,1609995,Khulna,2010,2,2,0,0,0,0,0,0,22.65,89.7667,Stable Platform Zone,230.0,Indian–Burma Plate Boundary,1950.0,6.0,Bogra Fault,Low,Khulna
Bagerhat,717034,Khulna,2010,4,2,2,0,0,0,0,0,22.65,89.7667,Stable Platform Zone,230.0,Indian–Burma Plate Boundary,1950.0,6.0,Bogra Fault,Low,Khulna
Chuadanga,2768296,Khulna,2010,2,2,1,0,0,0,0,0,23.63,88.83,Stable Platform Zone,180.0,Indian–Burma Plate Boundary,1950.0,6.0,Stable Platform,Low,Khulna
Chuadanga,1590277,Khulna,2010,3,2,2,0,0,0,0,0,23.63,88.83,Stable Platform Zone,180.0,Indian–Burma Plate Boundary,1950.0,6.0,Stable Platform,Low,Khulna
Jessore,2820744,Khulna,2010,3,3,1,0,0,0,0,0,23.1707,89.2124,Stable Platform Zone,210.0,Indian–Burma Plate Boundary,1950.0,6.0,Stable Platform,Low,Khulna
Jessore,1516566,Khulna,2010,2,1,1,1,0,0,0,0,23.1707,89.2124,Stable Platform Zone,210.0,Indian–Burma Plate Boundary,1950.0,6.0,Stable Platform,Low,Khulna
Jhenaidah,2117898,Khulna,2010,3,2,0,0,0,0,0,0,23.55,89.15,Stable Platform Zone,200.0,Indian–Burma Plate Boundary,1950.0,6.0,Stable Platform,Low,Khulna
Jhenaidah,1632921,Khulna,2010,3,3,0,0,0,0,0,0,23.55,89.15,Stable Platform Zone,200.0,Indian–Burma Plate Boundary,1950.0,6.0,Stable Platform,Low,Khulna
Khulna,2229056,Khulna,2010,1,1,0,0,0,0,0,0,22.8167,89.55,Stable Platform Zone,220.0,Indian–Burma Plate Boundary,1950.0,6.0,Bogra Fault,Low,Khulna
Khulna,936759,Khulna,2010,1,1,1,0,0,0,0,0,22.8167,89.55,Stable Platform Zone,220.0,Indian–Burma Plate Boundary,1950.0,6.0,Bogra Fault,Low,Khulna
Kushtia,691264,Khulna,2010,4,3,0,0,0,0,0,0,23.9,89.12,Stable Platform Zone,170.0,Indian–Burma Plate Boundary,1950.0,6.0,Stable Platform,Low,Khulna
Kushtia,1516596,Khulna,2010,1,1,0,0,0,0,0,0,23.9,89.12,Stable Platform Zone,170.0,Indian–Burma Plate Boundary,1950.0,6.0,Stable Platform,Low,Khulna
Magura,779302,Khulna,2010,2,2,1,0,0,0,0,0,23.49,89.42,Stable Platform Zone,200.0,Indian–Burma Plate Boundary,1950.0,6.0,Stable Platform,Low,Khulna
Magura,859652,Khulna,2010,3,0,0,0,0,0,0,0,23.49,89.42,Stable Platform Zone,200.0,Indian–Burma Plate Boundary,1950.0,6.0,Stable Platform,Low,Khulna
Meherpur,438505,Khulna,2010,3,2,0,0,0,0,0,0,23.77,88.63,Stable Platform Zone,200.0,Indian–Burma Plate Boundary,1950.0,6.0,Stable Platform,Low,Khulna
Meherpur,1061729,Khulna,2010,0,0,0,0,0,0,0,0,23.77,88.63,Stable Platform Zone,200.0,Indian–Burma Plate Boundary,1950.0,6.0,Stable Platform,Low,Khulna
Narail,1404671,Khulna,2010,3,3,2,1,0,0,0,0,23.18,89.5,Stable Platform Zone,190.0,Indian–Burma Plate Boundary,1950.0,6.0,Stable Platform,Low,Khulna
Narail,801479,Khulna,2010,4,2,0,0,0,0,0,0,23.18,89.5,Stable Platform Zone,190.0,Indian–Burma Plate Boundary,1950.0,6.0,Stable Platform,Low,Khulna
Satkhira,2284551,Khulna,2010,2,1,1,0,0,0,0,0,22.7234,89.0751,Stable Platform Zone,250.0,Indian–Burma Plate Boundary,1950.0,6.0,Stable Platform,Low,Khulna
Satkhira,1375066,Khulna,2010,4,3,2,0,0,0,0,0,22.7234,89.0751,Stable Platform Zone,250.0,Indian–Burma Plate Boundary,1950.0,6.0,Stable Platform,Low,Khulna
Jamalpur,2506957,Mymensingh,2010,2,1,1,0,0,0,0,0,24.923,89.9501,Madhupur Fault Zone,100.0,Indian–Burma Plate Boundary,1897.0,7.5,Madhupur Fault,Medium,Mymensingh
Mymensingh,2803400,Mymensingh,2010,1,0,0,0,0,0,0,0,24.7434,90.3984,Madhupur Fault Zone,80.0,Indian–Burma Plate Boundary,1897.0,7.5,Madhupur Fault,Medium,Mymensingh
Mymensingh,962478,Mymensingh,2010,5,5,0,0,0,0,0,0,24.7434,90.3984,Madhupur Fault Zone,80.0,Indian–Burma Plate Boundary,1897.0,7.5,Madhupur Fault,Medium,Mymensingh
Sherpur,1117959,Mymensingh,2010,6,4,1,0,0,0,0,0,25.0188,90.0175,Madhupur Fault Zone,95.0,Indian–Burma Plate Boundary,1897.0,7.5,Madhupur Fault,Medium,Mymensingh
Bogra,1461863,Rajshahi,2010,1,1,0,0,0,0,0,0,24.849,89.3677,Stable Platform Zone,140.0,Indian–Burma Plate Boundary,1950.0,6.0,Bogra Fault,Low,Rajshahi
Bogra,458666,Rajshahi,2010,4,1,0,0,0,0,0,0,24.849,89.3677,Stable Platform Zone,140.0,Indian–Burma Plate Boundary,1950.0,6.0,Bogra Fault,Low,Rajshahi
Joypurhat,1650904,Rajshahi,2010,4,2,0,0,0,0,0,0,25.1,89.02,Stable Platform Zone,160.0,Indian–Burma Plate Boundary,1950.0,6.0,Stable Platform,Low,Rajshahi
Joypurhat,778791,Rajshahi,2010,4,2,0,0,0,0,0,0,25.1,89.02,Stable Platform Zone,160.0,Indian–Burma Plate Boundary,1950.0,6.0,Stable Platform,Low,Rajshahi
Naogaon,2118935,Rajshahi,2010,1,1,0,0,0,0,0,0,24.81,88.94,Stable Platform Zone,190.0,Indian–Burma Plate Boundary,1950.0,6.0,Bogra Fault,Low,Rajshahi
Naogaon,943978,Rajshahi,2010,9,9,4,0,0,0,0,0,24.81,88.94,Stable Platform Zone,190.0,Indian–Burma Plate Boundary,1950.0,6.0,Bogra Fault,Low,Rajshahi
Natore,956222,Rajshahi,2010,0,0,0,0,0,0,0,0,24.42,89.0,Stable Platform Zone,190.0,Indian–Burma Plate Boundary,1950.0,6.0,Bogra Fault,Low,Rajshahi
Natore,1072733,Rajshahi,2010,4,3,2,1,0,0,0,0,24.42,89.0,Stable Platform Zone,190.0,Indian–Burma Plate Boundary,1950.0,6.0,Bogra Fault,Low,Rajshahi
Pabna,1953490,Rajshahi,2010,2,1,1,1,0,0,0,0,24.0064,89.2493,Stable Platform Zone,160.0,Indian–Burma Plate Boundary,1950.0,6.0,Stable Platform,Low,Rajshahi
Pabna,412341,Rajshahi,2010,3,1,1,0,0,0,0,0,24.0064,89.2493,Stable Platform Zone,160.0,Indian–Burma Plate Boundary,1950.0,6.0,Stable Platform,Low,Rajshahi
Rajshahi,925759,Rajshahi,2010,2,1,0,0,0,0,0,0,24.3745,88.6042,Stable Platform Zone,200.0,Indian–Burma Plate Boundary,1950.0,6.0,Bogra Fault,Low,Rajshahi
Rajshahi,464923,Rajshahi,2010,2,1,1,0,0,0,0,0,24.3745,88.6042,Stable Platform Zone,200.0,Indian–Burma Plate Boundary,1950.0,6.0,Bogra Fault,Low,Rajshahi
Sirajganj,2043287,Rajshahi,2010,3,1,1,1,0,0,0,0,24.45,89.71,Stable Platform Zone,150.0,Indian–Burma Plate Boundary,1950.0,6.0,Stable Platform,Low,Rajshahi
Sirajganj,1029972,Rajshahi,2010,2,2,1,0,0,0,0,0,24.45,89.71,Stable Platform Zone,150.0,Indian–Burma Plate Boundary,1950.0,6.0,Stable Platform,Low,Rajshahi
Dinajpur,2333860,Rangpur,2010,2,2,0,0,0,0,0,0,25.625,88.65,Stable Platform Zone,120.0,Indian–Burma Plate Boundary,1950.0,6.5,Himalayan Frontal Zone,Medium,Rangpur
Dinajpur,893346,Rangpur,2010,6,6,2,2,0,0,0,0,25.625,88.65,Stable Platform Zone,120.0,Indian–Burma Plate Boundary,1950.0,6.5,Himalayan Frontal Zone,Medium,Rangpur
Gaibandha,2369962,Rangpur,2010,5,4,2,0,0,0,0,0,25.33,89.55,Stable Platform Zone,130.0,Indian–Eurasian Plate Boundary,1950.0,6.5,Bogra Fault,Medium,Rangpur
Gaibandha,859847,Rangpur,2010,2,2,1,0,0,0,0,0,25.33,89.55,Stable Platform Zone,130.0,Indian–Eurasian Plate Boundary,1950.0,6.5,Bogra Fault,Medium,Rangpur
Kurigram,2059408,Rangpur,2010,2,2,0,0,0,0,0,0,25.81,89.65,Himalayan Frontal Zone,110.0,Indian–Eurasian Plate Boundary,1950.0,8.6,Assam Fault Belt,High,Rangpur
Kurigram,410735,Rangpur,2010,5,2,2,1,0,0,0,0,25.81,89.65,Himalayan Frontal Zone,110.0,Indian–Eurasian Plate Boundary,1950.0,8.6,Assam Fault Belt,High,Rangpur
Lalmonirhat,615199,Rangpur,2010,4,3,1,0,0,0,0,0,25.92,89.45,Himalayan Frontal Zone,100.0,Indian–Eurasian Plate Boundary,1950.0,8.6,Assam Fault Belt,High,Rangpur
Lalmonirhat,146070,Rangpur,2010,6,1,1,0,0,0,0,0,25.92,89.45,Himalayan Frontal Zone,100.0,Indian–Eurasian Plate Boundary,1950.0,8.6,Assam Fault Belt,High,Rangpur
Nilphamari,1633148,Rangpur,2010,7,4,4,2,1,0,0,0,25.95,88.85,Himalayan Frontal Zone,110.0,Indian–Eurasian Plate Boundary,1950.0,8.6,Assam Fault Belt,High,Rangpur
Nilphamari,360917,Rangpur,2010,9,7,2,1,1,0,0,0,25.95,88.85,Himalayan Frontal Zone,110.0,Indian–Eurasian Plate Boundary,1950.0,8.6,Assam Fault Belt,High,Rangpur
Panchagarh,2410730,Rangpur,2010,3,1,1,0,0,0,0,0,26.33,88.56,Himalayan Frontal Zone,90.0,Indian–Eurasian Plate Boundary,1950.0,8.6,Assam Fault Belt,High,Rangpur
Panchagarh,803402,Rangpur,2010,5,3,1,1,0,0,0,0,26.33,88.56,Himalayan Frontal Zone,90.0,Indian–Eurasian Plate Boundary,1950.0,8.6,Assam Fault Belt,High,Rangpur
Rangpur,1886236,Rangpur,2010,6,2,2,2,0,0,0,0,25.7449,89.2756,Stable Platform Zone,130.0,Indian–Burma Plate Boundary,1950.0,6.5,Himalayan Frontal Zone,Medium,Rangpur
Rangpur,625732,Rangpur,2010,3,1,0,0,0,0,0,0,25.7449,89.2756,Stable Platform Zone,130.0,Indian–Burma Plate Boundary,1950.0,6.5,Himalayan Frontal Zone,Medium,Rangpur
Thakurgaon,2397490,Rangpur,2010,2,2,1,1,0,0,0,0,26.02,88.46,Himalayan Frontal Zone,100.0,Indian–Eurasian Plate Boundary,1950.0,8.6,Assam Fault Belt,High,Rangpur
Thakurgaon,419698,Rangpur,2010,6,2,1,0,0,0,0,0,26.02,88.46,Himalayan Frontal Zone,100.0,Indian–Eurasian Plate Boundary,1950.0,8.6,Assam Fault Belt,High,Rangpur
Habiganj,2518071,Sylhet,2010,6,4,2,0,0,0,0,0,24.38,91.42,Tripura Fold Belt,80.0,Indian–Burma Plate Boundary,1918.0,7.0,Tripura Thrust Zone,Medium,Sylhet
Habiganj,462783,Sylhet,2010,7,3,3,1,0,0,0,0,24.38,91.42,Tripura Fold Belt,80.0,Indian–Burma Plate Boundary,1918.0,7.0,Tripura Thrust Zone,Medium,Sylhet
Moulvibazar,1360716,Sylhet,2010,6,5,1,1,0,0,0,0,24.48,91.77,Dauki Fault Zone,35.0,Indian–Burma Plate Boundary,1918.0,7.5,Dauki Fault,High,Sylhet
Moulvibazar,782435,Sylhet,2010,9,6,4,0,0,0,0,0,24.48,91.77,Dauki Fault Zone,35.0,Indian–Burma Plate Boundary,1918.0,7.5,Dauki Fault,High,Sylhet
Sunamganj,2117960,Sylhet,2010,11,8,4,2,0,0,0,0,25.07,91.4,Dauki Fault Zone,45.0,Indian–Burma Plate Boundary,1918.0,7.5,Dauki Fault,High,Sylhet
Sunamganj,606982,Sylhet,2010,13,6,6,3,1,1,0,0,25.07,91.4,Dauki Fault Zone,45.0,Indian–Burma Plate Boundary,1918.0,7.5,Dauki Fault,High,Sylhet
Sylhet,2492932,Sylhet,2010,6,5,2,0,0,0,0,0,24.899,91.872,Dauki Fault Zone,30.0,Indian–Burma Plate Boundary,1918.0,7.5,Dauki Fault,High,Sylhet
Sylhet,258814,Sylhet,2010,9,7,3,1,0,0,0,0,24.899,91.872,Dauki Fault Zone,30.0,Indian–Burma Plate Boundary,1918.0,7.5,Dauki Fault,High,Sylhet
Barguna,1084258,Barisal,2011,1,1,0,0,0,0,0,0,22.15,90.13,Foredeep Basin,210.0,Indian–Burma Plate Boundary,1950.0,5.5,Foredeep Basin,Low,Barishal
Barguna,127085,Barisal,2011,3,1,1,0,0,0,0,0,22.15,90.13,Foredeep Basin,210.0,Indian–Burma Plate Boundary,1950.0,5.5,Foredeep Basin,Low,Barishal
Barishal,1007445,Barisal,2011,2,2,1,0,0,0,0,0,22.7,90.37,Foredeep Basin,180.0,Indian–Burma Plate Boundary,1950.0,5.5,Foredeep Basin,Low,Barishal
Barishal,623100,Barisal,2011,3,2,2,0,0,0,0,0,22.7,90.37,Foredeep Basin,180.0,Indian–Burma Plate Boundary,1950.0,5.5,Foredeep Basin,Low,Barishal
Bhola,2459942,Barisal,2011,2,1,1,0,0,0,0,0,22.69,90.65,Foredeep Basin,190.0,Indian–Burma Plate Boundary,1950.0,5.5,Foredeep Basin,Low,Barishal
Bhola,952956,Barisal,2011,3,3,1,0,0,0,0,0,22.69,90.65,Foredeep Basin,190.0,Indian–Burma Plate Boundary,1950.0,5.5,Foredeep Basin,Low,Barishal
Patuakhali,1974121,Barisal,2011,3,2,2,0,0,0,0,0,22.35,90.3,Foredeep Basin,200.0,Indian–Burma Plate Boundary,1950.0,5.5,Foredeep Basin,Low,Barishal
Patuakhali,333436,Barisal,2011,3,2,0,0,0,0,0,0,22.35,90.3,Foredeep Basin,200.0,Indian–Burma Plate Boundary,1950.0,5.5,Foredeep Basin,Low,Barishal
Pirojpur,1713925,Barisal,2011,2,1,1,0,0,0,0,0,22.58,89.98,Foredeep Basin,180.0,Indian–Burma Plate Boundary,1950.0,5.5,Foredeep Basin,Low,Barishal
Pirojpur,521605,Barisal,2011,1,1,0,0,0,0,0,0,22.58,89.98,Foredeep Basin,180.0,Indian–Burma Plate Boundary,1950.0,5.5,Foredeep Basin,Low,Barishal
Bandarban,1366025,Chittagong,2011,6,5,2,1,0,0,0,0,22.194,92.218,Indo‑Burma Fold Belt,25.0,Indian–Burma Plate Boundary,1762.0,8.0,Chittagong Hill Tracts Fold Belt,High,Chittagong
Bandarban,2759046,Chittagong,2011,5,3,3,1,0,0,0,0,22.194,92.218,Indo‑Burma Fold Belt,25.0,Indian–Burma Plate Boundary,1762.0,8.0,Chittagong Hill Tracts Fold Belt,High,Chittagong
Brahmanbaria,2727027,Chittagong,2011,6,4,4,2,2,0,0,0,23.96,91.11,Tripura Fold Belt,85.0,Indian–Burma Plate Boundary,1897.0,7.5,Tripura Thrust Zone,Medium,Chittagong
Brahmanbaria,4389644,Chittagong,2011,5,2,2,0,0,0,0,0,23.96,91.11,Tripura Fold Belt,85.0,Indian–Burma Plate Boundary,1897.0,7.5,Tripura Thrust Zone,Medium,Chittagong
Chandpur,2430809,Chittagong,2011,4,1,1,0,0,0,0,0,23.23,90.65,Foredeep Basin,150.0,Indian–Burma Plate Boundary,1897.0,6.5,Surma Basin,Low,Chittagong
Chandpur,4363955,Chittagong,2011,7,1,1,0,0,0,0,0,23.23,90.65,Foredeep Basin,150.0,Indian–Burma Plate Boundary,1897.0,6.5,Surma Basin,Low,Chittagong
Chittagong,827033,Chittagong,2011,2,2,1,1,0,0,0,0,22.3419,91.8155,Indo‑Burma Subduction Zone,25.0,Indian–Burma Plate Boundary,1762.0,8.5,Arakan–Burma Subduction,High,Chittagong
Chittagong,4927226,Chittagong,2011,5,3,0,0,0,0,0,0,22.3419,91.8155,Indo‑Burma Subduction Zone,25.0,Indian–Burma Plate Boundary,1762.0,8.5,Arakan–Burma Subduction,High,Chittagong
Comilla,1716538,Chittagong,2011,9,7,3,2,0,0,0,0,23.45,91.1999,Tripura Fold Belt,80.0,Indian–Burma Plate Boundary,1897.0,7.5,Tripura Thrust Zone,Medium,Chittagong
Comilla,4837898,Chittagong,2011,8,4,4,2,0,0,0,0,23.45,91.1999,Tripura Fold Belt,80.0,Indian–Burma Plate Boundary,1897.0,7.5,Tripura Thrust Zone,Medium,Chittagong
Cox's Bazar,531115,Chittagong,2011,2,1,0,0,0,0,0,0,21.4272,92.0058,Indo‑Burma Subduction Zone,15.0,Indian–Burma Plate Boundary,1762.0,8.5,Arakan Subduction,High,Chittagong
Cox's Bazar,4284428,Chittagong,2011,4,3,0,0,0,0,0,0,21.4272,92.0058,Indo‑Burma Subduction Zone,15.0,Indian–Burma Plate Boundary,1762.0,8.5,Arakan Subduction,High,Chittagong
Feni,914379,Chittagong,2011,4,3,2,1,0,0,0,0,23.02,91.4,Tripura Fold Belt,90.0,Indian–Burma Plate Boundary,1897.0,7.5,Tripura Thrust Zone,Medium,Chittagong
Feni,3066905,Chittagong,2011,7,3,2,2,0,0,0,0,23.02,91.4,Tripura Fold Belt,90.0,Indian–Burma Plate Boundary,1897.0,7.5,Tripura Thrust Zone,Medium,Chittagong
Lakshmipur,2968059,Chittagong,2011,6,2,2,0,0,0,0,0,22.95,90.83,Tripura Fold Belt,100.0,Indian–Burma Plate Boundary,1897.0,7.5,Tripura Thrust Zone,Medium,Chittagong
Lakshmipur,4683543,Chittagong,2011,9,7,7,1,0,0,0,0,22.95,90.83,Tripura Fold Belt,100.0,Indian–Burma Plate Boundary,1897.0,7.5,Tripura Thrust Zone,Medium,Chittagong
Noakhali,704184,Chittagong,2011,4,3,1,0,0,0,0,0,22.82,91.1,Tripura Fold Belt,90.0,Indian–Burma Plate Boundary,1897.0,7.5,Tripura Thrust Zone,Medium,Chittagong
Noakhali,3237346,Chittagong,2011,8,5,1,0,0,0,0,0,22.82,91.1,Tripura Fold Belt,90.0,Indian–Burma Plate Boundary,1897.0,7.5,Tripura Thrust Zone,Medium,Chittagong
Rangamati,799896,Chittagong,2011,2,1,1,0,0,0,0,0,22.65,92.17,Indo‑Burma Fold Belt,50.0,Indian–Burma Plate Boundary,1762.0,7.0,Tripura Fold Belt,High,Chittagong
Rangamati,4082111,Chittagong,2011,13,11,6,2,0,0,0,0,22.65,92.17,Indo‑Burma Fold Belt,50.0,Indian–Burma Plate Boundary,1762.0,7.0,Tripura Fold Belt,High,Chittagong
Dhaka,936343,Dhaka,2011,2,1,0,0,0,0,0,0,23.8103,90.4125,Madhupur Fault Zone,100.0,Indian–Burma Plate Boundary,1885.0,7.2,Madhupur Fault,Medium,Dhaka
Dhaka,6421170,Dhaka,2011,2,1,0,0,0,0,0,0,23.8103,90.4125,Madhupur Fault Zone,100.0,Indian–Burma Plate Boundary,1885.0,7.2,Madhupur Fault,Medium,Dhaka
Faridpur,1450492,Dhaka,2011,2,2,0,0,0,0,0,0,23.607,89.8429,Foredeep Basin,160.0,Indian–Burma Plate Boundary,1885.0,6.0,Foredeep Basin,Low,Dhaka
Faridpur,10288423,Dhaka,2011,4,3,0,0,0,0,0,0,23.607,89.8429,Foredeep Basin,160.0,Indian–Burma Plate Boundary,1885.0,6.0,Foredeep Basin,Low,Dhaka
Gazipur,685377,Dhaka,2011,3,3,2,1,0,0,0,0,24.0,90.4167,Madhupur Fault Zone,95.0,Indian–Burma Plate Boundary,1885.0,7.2,Madhupur Fault,Medium,Dhaka
Gazipur,10234035,Dhaka,2011,5,3,1,1,1,0,0,0,24.0,90.4167,Madhupur Fault Zone,95.0,Indian–Burma Plate Boundary,1885.0,7.2,Madhupur Fault,Medium,Dhaka
Gopalganj,2860959,Dhaka,2011,5,4,1,1,0,0,0,0,23.02,89.83,Foredeep Basin,170.0,Indian–Burma Plate Boundary,1885.0,6.0,Foredeep Basin,Low,Dhaka
Gopalganj,5376623,Dhaka,2011,2,2,2,0,0,0,0,0,23.02,89.83,Foredeep Basin,170.0,Indian–Burma Plate Boundary,1885.0,6.0,Foredeep Basin,Low,Dhaka
Kishoreganj,1941113,Dhaka,2011,1,0,0,0,0,0,0,0,24.44,90.77,Madhupur Fault Zone,100.0,Indian–Burma Plate Boundary,1885.0,7.2,Madhupur Fault,Medium,Dhaka
Madaripur,2229361,Dhaka,2011,3,2,0,0,0,0,0,0,23.17,90.19,Foredeep Basin,150.0,Indian–Burma Plate Boundary,1885.0,6.0,Foredeep Basin,Low,Dhaka
Madaripur,5863065,Dhaka,2011,6,3,2,1,1,0,0,0,23.17,90.19,Foredeep Basin,150.0,Indian–Burma Plate Boundary,1885.0,6.0,Foredeep Basin,Low,Dhaka
Manikganj,2552167,Dhaka,2011,2,2,2,1,0,0,0,0,23.86,90.0,Madhupur Fault Zone,90.0,Indian–Burma Plate Boundary,1885.0,7.2,Madhupur Fault,Medium,Dhaka
Manikganj,11049812,Dhaka,2011,5,0,0,0,0,0,0,0,23.86,90.0,Madhupur Fault Zone,90.0,Indian–Burma Plate Boundary,1885.0,7.2,Madhupur Fault,Medium,Dhaka
Munshiganj,1894656,Dhaka,2011,4,3,2,1,0,0,0,0,23.54,90.53,Foredeep Basin,130.0,Indian–Burma Plate Boundary,1885.0,6.0,Foredeep Basin,Low,Dhaka
Munshiganj,10966192,Dhaka,2011,2,2,1,1,0,0,0,0,23.54,90.53,Foredeep Basin,130.0,Indian–Burma Plate Boundary,1885.0,6.0,Foredeep Basin,Low,Dhaka
Narayanganj,2838871,Dhaka,2011,7,5,0,0,0,0,0,0,23.6226,90.501,Madhupur Fault Zone,110.0,Indian–Burma Plate Boundary,1885.0,7.2,Madhupur Fault,Medium,Dhaka
Narayanganj,5994595,Dhaka,2011,2,0,0,0,0,0,0,0,23.6226,90.501,Madhupur Fault Zone,110.0,Indian–Burma Plate Boundary,1885.0,7.2,Madhupur Fault,Medium,Dhaka
Narsingdi,577158,Dhaka,2011,2,1,1,1,0,0,0,0,23.9207,90.7188,Madhupur Fault Zone,110.0,Indian–Burma Plate Boundary,1885.0,7.2,Madhupur Fault,Medium,Dhaka
Narsingdi,10832948,Dhaka,2011,3,2,0,0,0,0,0,0,23.9207,90.7188,Madhupur Fault Zone,110.0,Indian–Burma Plate Boundary,1885.0,7.2,Madhupur Fault,Medium,Dhaka
Rajbari,2335133,Dhaka,2011,3,1,1,1,0,0,0,0,23.72,89.65,Foredeep Basin,180.0,Indian–Burma Plate Boundary,1885.0,6.0,Foredeep Basin,Low,Dhaka
Rajbari,11716774,Dhaka,2011,3,2,0,0,0,0,0,0,23.72,89.65,Foredeep Basin,180.0,Indian–Burma Plate Boundary,1885.0,6.0,Foredeep Basin,Low,Dhaka
Shariatpur,1547061,Dhaka,2011,1,1,1,1,0,0,0,0,23.22,90.35,Foredeep Basin,150.0,Indian–Burma Plate Boundary,1885.0,6.0,Foredeep Basin,Low,Dhaka
Shariatpur,11980298,Dhaka,2011,5,2,1,0,0,0,0,0,23.22,90.35,Foredeep Basin,150.0,Indian–Burma Plate Boundary,1885.0,6.0,Foredeep Basin,Low,Dhaka
Tangail,1685014,Dhaka,2011,2,0,0,0,0,0,0,0,24.25,89.9167,Madhupur Fault Zone,90.0,Indian–Burma Plate Boundary,1885.0,7.2,Madhupur Fault,Medium,Dhaka
Tangail,5904634,Dhaka,2011,3,2,1,1,0,0,0,0,24.25,89.9167,Madhupur Fault Zone,90.0,Indian–Burma Plate Boundary,1885.0,7.2,Madhupur Fault,Medium,Dhaka
Bagerhat,1844419,Khulna,2011,3,3,1,0,0,0,0,0,22.65,89.7667,Stable Platform Zone,230.0,Indian–Burma Plate Boundary,1950.0,6.0,Bogra Fault,Low,Khulna
Bagerhat,1623915,Khulna,2011,1,1,1,0,0,0,0,0,22.65,89.7667,Stable Platform Zone,230.0,Indian–Burma Plate Boundary,1950.0,6.0,Bogra Fault,Low,Khulna
Chuadanga,1817579,Khulna,2011,6,4,2,0,0,0,0,0,23.63,88.83,Stable Platform Zone,180.0,Indian–Burma Plate Boundary,1950.0,6.0,Stable Platform,Low,Khulna
Chuadanga,1394819,Khulna,2011,1,0,0,0,0,0,0,0,23.63,88.83,Stable Platform Zone,180.0,Indian–Burma Plate Boundary,1950.0,6.0,Stable Platform,Low,Khulna
Jessore,2580098,Khulna,2011,0,0,0,0,0,0,0,0,23.1707,89.2124,Stable Platform Zone,210.0,Indian–Burma Plate Boundary,1950.0,6.0,Stable Platform,Low,Khulna
Jessore,1267367,Khulna,2011,3,1,0,0,0,0,0,0,23.1707,89.2124,Stable Platform Zone,210.0,Indian–Burma Plate Boundary,1950.0,6.0,Stable Platform,Low,Khulna
Jhenaidah,2718932,Khulna,2011,2,0,0,0,0,0,0,0,23.55,89.15,Stable Platform Zone,200.0,Indian–Burma Plate Boundary,1950.0,6.0,Stable Platform,Low,Khulna
Jhenaidah,1618045,Khulna,2011,3,3,1,0,0,0,0,0,23.55,89.15,Stable Platform Zone,200.0,Indian–Burma Plate Boundary,1950.0,6.0,Stable Platform,Low,Khulna
Khulna,1224854,Khulna,2011,2,1,1,0,0,0,0,0,22.8167,89.55,Stable Platform Zone,220.0,Indian–Burma Plate Boundary,1950.0,6.0,Bogra Fault,Low,Khulna
Khulna,1618576,Khulna,2011,1,0,0,0,0,0,0,0,22.8167,89.55,Stable Platform Zone,220.0,Indian–Burma Plate Boundary,1950.0,6.0,Bogra Fault,Low,Khulna
Kushtia,2126307,Khulna,2011,3,1,1,0,0,0,0,0,23.9,89.12,Stable Platform Zone,170.0,Indian–Burma Plate Boundary,1950.0,6.0,Stable Platform,Low,Khulna
Kushtia,1445001,Khulna,2011,5,3,2,2,0,0,0,0,23.9,89.12,Stable Platform Zone,170.0,Indian–Burma Plate Boundary,1950.0,6.0,Stable Platform,Low,Khulna
Magura,2006524,Khulna,2011,5,4,0,0,0,0,0,0,23.49,89.42,Stable Platform Zone,200.0,Indian–Burma Plate Boundary,1950.0,6.0,Stable Platform,Low,Khulna
Magura,1222246,Khulna,2011,1,0,0,0,0,0,0,0,23.49,89.42,Stable Platform Zone,200.0,Indian–Burma Plate Boundary,1950.0,6.0,Stable Platform,Low,Khulna
Meherpur,2884680,Khulna,2011,3,0,0,0,0,0,0,0,23.77,88.63,Stable Platform Zone,200.0,Indian–Burma Plate Boundary,1950.0,6.0,Stable Platform,Low,Khulna
Meherpur,1387737,Khulna,2011,1,1,0,0,0,0,0,0,23.77,88.63,Stable Platform Zone,200.0,Indian–Burma Plate Boundary,1950.0,6.0,Stable Platform,Low,Khulna
Narail,1598940,Khulna,2011,3,2,1,1,0,0,0,0,23.18,89.5,Stable Platform Zone,190.0,Indian–Burma Plate Boundary,1950.0,6.0,Stable Platform,Low,Khulna
Narail,1252463,Khulna,2011,2,1,1,0,0,0,0,0,23.18,89.5,Stable Platform Zone,190.0,Indian–Burma Plate Boundary,1950.0,6.0,Stable Platform,Low,Khulna
Satkhira,2960351,Khulna,2011,2,0,0,0,0,0,0,0,22.7234,89.0751,Stable Platform Zone,250.0,Indian–Burma Plate Boundary,1950.0,6.0,Stable Platform,Low,Khulna
Satkhira,970739,Khulna,2011,4,4,1,1,0,0,0,0,22.7234,89.0751,Stable Platform Zone,250.0,Indian–Burma Plate Boundary,1950.0,6.0,Stable Platform,Low,Khulna
Jamalpur,2770603,Mymensingh,2011,2,2,1,0,0,0,0,0,24.923,89.9501,Madhupur Fault Zone,100.0,Indian–Burma Plate Boundary,1897.0,7.5,Madhupur Fault,Medium,Mymensingh
Mymensingh,907199,Mymensingh,2011,4,3,0,0,0,0,0,0,24.7434,90.3984,Madhupur Fault Zone,80.0,Indian–Burma Plate Boundary,1897.0,7.5,Madhupur Fault,Medium,Mymensingh
Mymensingh,534637,Mymensingh,2011,3,1,1,1,0,0,0,0,24.7434,90.3984,Madhupur Fault Zone,80.0,Indian–Burma Plate Boundary,1897.0,7.5,Madhupur Fault,Medium,Mymensingh
Sherpur,1807236,Mymensingh,2011,6,6,2,2,0,0,0,0,25.0188,90.0175,Madhupur Fault Zone,95.0,Indian–Burma Plate Boundary,1897.0,7.5,Madhupur Fault,Medium,Mymensingh
Bogra,2781547,Rajshahi,2011,3,2,1,0,0,0,0,0,24.849,89.3677,Stable Platform Zone,140.0,Indian–Burma Plate Boundary,1950.0,6.0,Bogra Fault,Low,Rajshahi
Bogra,429982,Rajshahi,2011,4,3,1,1,0,0,0,0,24.849,89.3677,Stable Platform Zone,140.0,Indian–Burma Plate Boundary,1950.0,6.0,Bogra Fault,Low,Rajshahi
Joypurhat,2298555,Rajshahi,2011,4,3,1,1,0,0,0,0,25.1,89.02,Stable Platform Zone,160.0,Indian–Burma Plate Boundary,1950.0,6.0,Stable Platform,Low,Rajshahi
Joypurhat,890749,Rajshahi,2011,2,0,0,0,0,0,0,0,25.1,89.02,Stable Platform Zone,160.0,Indian–Burma Plate Boundary,1950.0,6.0,Stable Platform,Low,Rajshahi
Naogaon,462228,Rajshahi,2011,3,1,0,0,0,0,0,0,24.81,88.94,Stable Platform Zone,190.0,Indian–Burma Plate Boundary,1950.0,6.0,Bogra Fault,Low,Rajshahi
Naogaon,1164833,Rajshahi,2011,1,0,0,0,0,0,0,0,24.81,88.94,Stable Platform Zone,190.0,Indian–Burma Plate Boundary,1950.0,6.0,Bogra Fault,Low,Rajshahi
Natore,2482681,Rajshahi,2011,1,0,0,0,0,0,0,0,24.42,89.0,Stable Platform Zone,190.0,Indian–Burma Plate Boundary,1950.0,6.0,Bogra Fault,Low,Rajshahi
Natore,1001772,Rajshahi,2011,6,4,2,1,0,0,0,0,24.42,89.0,Stable Platform Zone,190.0,Indian–Burma Plate Boundary,1950.0,6.0,Bogra Fault,Low,Rajshahi
Pabna,2301734,Rajshahi,2011,1,0,0,0,0,0,0,0,24.0064,89.2493,Stable Platform Zone,160.0,Indian–Burma Plate Boundary,1950.0,6.0,Stable Platform,Low,Rajshahi
Pabna,938506,Rajshahi,2011,5,4,1,1,0,0,0,0,24.0064,89.2493,Stable Platform Zone,160.0,Indian–Burma Plate Boundary,1950.0,6.0,Stable Platform,Low,Rajshahi
Rajshahi,2766206,Rajshahi,2011,2,0,0,0,0,0,0,0,24.3745,88.6042,Stable Platform Zone,200.0,Indian–Burma Plate Boundary,1950.0,6.0,Bogra Fault,Low,Rajshahi
Rajshahi,607512,Rajshahi,2011,4,1,1,1,0,0,0,0,24.3745,88.6042,Stable Platform Zone,200.0,Indian–Burma Plate Boundary,1950.0,6.0,Bogra Fault,Low,Rajshahi
Sirajganj,441802,Rajshahi,2011,4,4,1,0,0,0,0,0,24.45,89.71,Stable Platform Zone,150.0,Indian–Burma Plate Boundary,1950.0,6.0,Stable Platform,Low,Rajshahi
Sirajganj,860924,Rajshahi,2011,2,2,0,0,0,0,0,0,24.45,89.71,Stable Platform Zone,150.0,Indian–Burma Plate Boundary,1950.0,6.0,Stable Platform,Low,Rajshahi
Dinajpur,2835212,Rangpur,2011,3,2,0,0,0,0,0,0,25.625,88.65,Stable Platform Zone,120.0,Indian–Burma Plate Boundary,1950.0,6.5,Himalayan Frontal Zone,Medium,Rangpur
Dinajpur,153055,Rangpur,2011,4,2,1,0,0,0,0,0,25.625,88.65,Stable Platform Zone,120.0,Indian–Burma Plate Boundary,1950.0,6.5,Himalayan Frontal Zone,Medium,Rangpur
Gaibandha,2453491,Rangpur,2011,3,1,0,0,0,0,0,0,25.33,89.55,Stable Platform Zone,130.0,Indian–Eurasian Plate Boundary,1950.0,6.5,Bogra Fault,Medium,Rangpur
Gaibandha,420796,Rangpur,2011,4,2,0,0,0,0,0,0,25.33,89.55,Stable Platform Zone,130.0,Indian–Eurasian Plate Boundary,1950.0,6.5,Bogra Fault,Medium,Rangpur
Kurigram,743250,Rangpur,2011,5,5,2,2,0,0,0,0,25.81,89.65,Himalayan Frontal Zone,110.0,Indian–Eurasian Plate Boundary,1950.0,8.6,Assam Fault Belt,High,Rangpur
Kurigram,228412,Rangpur,2011,6,2,1,1,0,0,0,0,25.81,89.65,Himalayan Frontal Zone,110.0,Indian–Eurasian Plate Boundary,1950.0,8.6,Assam Fault Belt,High,Rangpur
Lalmonirhat,1861691,Rangpur,2011,3,2,1,1,0,0,0,0,25.92,89.45,Himalayan Frontal Zone,100.0,Indian–Eurasian Plate Boundary,1950.0,8.6,Assam Fault Belt,High,Rangpur
Lalmonirhat,473442,Rangpur,2011,4,2,0,0,0,0,0,0,25.92,89.45,Himalayan Frontal Zone,100.0,Indian–Eurasian Plate Boundary,1950.0,8.6,Assam Fault Belt,High,Rangpur
Nilphamari,2202328,Rangpur,2011,5,4,3,1,1,0,0,0,25.95,88.85,Himalayan Frontal Zone,110.0,Indian–Eurasian Plate Boundary,1950.0,8.6,Assam Fault Belt,High,Rangpur
Nilphamari,389159,Rangpur,2011,5,4,3,2,0,0,0,0,25.95,88.85,Himalayan Frontal Zone,110.0,Indian–Eurasian Plate Boundary,1950.0,8.6,Assam Fault Belt,High,Rangpur
Panchagarh,2419957,Rangpur,2011,1,1,0,0,0,0,0,0,26.33,88.56,Himalayan Frontal Zone,90.0,Indian–Eurasian Plate Boundary,1950.0,8.6,Assam Fault Belt,High,Rangpur
Panchagarh,712844,Rangpur,2011,1,0,0,0,0,0,0,0,26.33,88.56,Himalayan Frontal Zone,90.0,Indian–Eurasian Plate Boundary,1950.0,8.6,Assam Fault Belt,High,Rangpur
Rangpur,1574738,Rangpur,2011,2,1,0,0,0,0,0,0,25.7449,89.2756,Stable Platform Zone,130.0,Indian–Burma Plate Boundary,1950.0,6.5,Himalayan Frontal Zone,Medium,Rangpur
Rangpur,250478,Rangpur,2011,4,3,2,0,0,0,0,0,25.7449,89.2756,Stable Platform Zone,130.0,Indian–Burma Plate Boundary,1950.0,6.5,Himalayan Frontal Zone,Medium,Rangpur
Thakurgaon,677558,Rangpur,2011,3,2,0,0,0,0,0,0,26.02,88.46,Himalayan Frontal Zone,100.0,Indian–Eurasian Plate Boundary,1950.0,8.6,Assam Fault Belt,High,Rangpur
Thakurgaon,278774,Rangpur,2011,6,4,3,2,0,0,0,0,26.02,88.46,Himalayan Frontal Zone,100.0,Indian–Eurasian Plate Boundary,1950.0,8.6,Assam Fault Belt,High,Rangpur
Habiganj,837274,Sylhet,2011,5,3,2,2,0,0,0,0,24.38,91.42,Tripura Fold Belt,80.0,Indian–Burma Plate Boundary,1918.0,7.0,Tripura Thrust Zone,Medium,Sylhet
Habiganj,655574,Sylhet,2011,15,6,4,4,1,0,0,0,24.38,91.42,Tripura Fold Belt,80.0,Indian–Burma Plate Boundary,1918.0,7.0,Tripura Thrust Zone,Medium,Sylhet
Moulvibazar,1199370,Sylhet,2011,11,7,3,2,1,1,0,0,24.48,91.77,Dauki Fault Zone,35.0,Indian–Burma Plate Boundary,1918.0,7.5,Dauki Fault,High,Sylhet
Moulvibazar,698551,Sylhet,2011,6,5,0,0,0,0,0,0,24.48,91.77,Dauki Fault Zone,35.0,Indian–Burma Plate Boundary,1918.0,7.5,Dauki Fault,High,Sylhet
Sunamganj,1001172,Sylhet,2011,6,4,3,2,1,0,0,0,25.07,91.4,Dauki Fault Zone,45.0,Indian–Burma Plate Boundary,1918.0,7.5,Dauki Fault,High,Sylhet
Sunamganj,386334,Sylhet,2011,8,5,2,1,0,0,0,0,25.07,91.4,Dauki Fault Zone,45.0,Indian–Burma Plate Boundary,1918.0,7.5,Dauki Fault,High,Sylhet
Sylhet,1549723,Sylhet,2011,8,6,4,0,0,0,0,0,24.899,91.872,Dauki Fault Zone,30.0,Indian–Burma Plate Boundary,1918.0,7.5,Dauki Fault,High,Sylhet
Sylhet,770204,Sylhet,2011,7,3,2,0,0,0,0,0,24.899,91.872,Dauki Fault Zone,30.0,Indian–Burma Plate Boundary,1918.0,7.5,Dauki Fault,High,Sylhet
Barguna,1140578,Barisal,2012,3,2,1,1,0,0,0,0,22.15,90.13,Foredeep Basin,210.0,Indian–Burma Plate Boundary,1950.0,5.5,Foredeep Basin,Low,Barishal
Barguna,240283,Barisal,2012,2,1,1,0,0,0,0,0,22.15,90.13,Foredeep Basin,210.0,Indian–Burma Plate Boundary,1950.0,5.5,Foredeep Basin,Low,Barishal
Barishal,1837092,Barisal,2012,1,1,0,0,0,0,0,0,22.7,90.37,Foredeep Basin,180.0,Indian–Burma Plate Boundary,1950.0,5.5,Foredeep Basin,Low,Barishal
Barishal,117709,Barisal,2012,3,1,0,0,0,0,0,0,22.7,90.37,Foredeep Basin,180.0,Indian–Burma Plate Boundary,1950.0,5.5,Foredeep Basin,Low,Barishal
Bhola,2791460,Barisal,2012,3,2,2,1,0,0,0,0,22.69,90.65,Foredeep Basin,190.0,Indian–Burma Plate Boundary,1950.0,5.5,Foredeep Basin,Low,Barishal
Bhola,510060,Barisal,2012,1,1,1,0,0,0,0,0,22.69,90.65,Foredeep Basin,190.0,Indian–Burma Plate Boundary,1950.0,5.5,Foredeep Basin,Low,Barishal
Patuakhali,560814,Barisal,2012,1,0,0,0,0,0,0,0,22.35,90.3,Foredeep Basin,200.0,Indian–Burma Plate Boundary,1950.0,5.5,Foredeep Basin,Low,Barishal
Patuakhali,977569,Barisal,2012,3,2,1,0,0,0,0,0,22.35,90.3,Foredeep Basin,200.0,Indian–Burma Plate Boundary,1950.0,5.5,Foredeep Basin,Low,Barishal
Pirojpur,1969170,Barisal,2012,1,0,0,0,0,0,0,0,22.58,89.98,Foredeep Basin,180.0,Indian–Burma Plate Boundary,1950.0,5.5,Foredeep Basin,Low,Barishal
Pirojpur,231583,Barisal,2012,2,2,0,0,0,0,0,0,22.58,89.98,Foredeep Basin,180.0,Indian–Burma Plate Boundary,1950.0,5.5,Foredeep Basin,Low,Barishal
Bandarban,2269370,Chittagong,2012,3,2,1,1,0,0,0,0,22.194,92.218,Indo‑Burma Fold Belt,25.0,Indian–Burma Plate Boundary,1762.0,8.0,Chittagong Hill Tracts Fold Belt,High,Chittagong
Bandarban,3084947,Chittagong,2012,8,6,3,0,0,0,0,0,22.194,92.218,Indo‑Burma Fold Belt,25.0,Indian–Burma Plate Boundary,1762.0,8.0,Chittagong Hill Tracts Fold Belt,High,Chittagong
Brahmanbaria,2195005,Chittagong,2012,9,6,3,2,2,0,0,0,23.96,91.11,Tripura Fold Belt,85.0,Indian–Burma Plate Boundary,1897.0,7.5,Tripura Thrust Zone,Medium,Chittagong
Brahmanbaria,2330659,Chittagong,2012,6,4,1,0,0,0,0,0,23.96,91.11,Tripura Fold Belt,85.0,Indian–Burma Plate Boundary,1897.0,7.5,Tripura Thrust Zone,Medium,Chittagong
Chandpur,800437,Chittagong,2012,6,2,2,1,0,0,0,0,23.23,90.65,Foredeep Basin,150.0,Indian–Burma Plate Boundary,1897.0,6.5,Surma Basin,Low,Chittagong
Chandpur,5738219,Chittagong,2012,5,5,3,0,0,0,0,0,23.23,90.65,Foredeep Basin,150.0,Indian–Burma Plate Boundary,1897.0,6.5,Surma Basin,Low,Chittagong
Chittagong,2965612,Chittagong,2012,5,5,1,1,0,0,0,0,22.3419,91.8155,Indo‑Burma Subduction Zone,25.0,Indian–Burma Plate Boundary,1762.0,8.5,Arakan–Burma Subduction,High,Chittagong
Chittagong,2654036,Chittagong,2012,9,6,2,1,0,0,0,0,22.3419,91.8155,Indo‑Burma Subduction Zone,25.0,Indian–Burma Plate Boundary,1762.0,8.5,Arakan–Burma Subduction,High,Chittagong
Comilla,2135699,Chittagong,2012,5,4,2,1,0,0,0,0,23.45,91.1999,Tripura Fold Belt,80.0,Indian–Burma Plate Boundary,1897.0,7.5,Tripura Thrust Zone,Medium,Chittagong
Comilla,2882124,Chittagong,2012,4,3,0,0,0,0,0,0,23.45,91.1999,Tripura Fold Belt,80.0,Indian–Burma Plate Boundary,1897.0,7.5,Tripura Thrust Zone,Medium,Chittagong
Cox's Bazar,1712939,Chittagong,2012,10,6,4,2,1,0,0,0,21.4272,92.0058,Indo‑Burma Subduction Zone,15.0,Indian–Burma Plate Boundary,1762.0,8.5,Arakan Subduction,High,Chittagong
Cox's Bazar,3675101,Chittagong,2012,6,5,0,0,0,0,0,0,21.4272,92.0058,Indo‑Burma Subduction Zone,15.0,Indian–Burma Plate Boundary,1762.0,8.5,Arakan Subduction,High,Chittagong
Feni,2688072,Chittagong,2012,7,6,2,2,1,0,0,0,23.02,91.4,Tripura Fold Belt,90.0,Indian–Burma Plate Boundary,1897.0,7.5,Tripura Thrust Zone,Medium,Chittagong
Feni,4831958,Chittagong,2012,9,5,2,1,0,0,0,0,23.02,91.4,Tripura Fold Belt,90.0,Indian–Burma Plate Boundary,1897.0,7.5,Tripura Thrust Zone,Medium,Chittagong
Lakshmipur,2449858,Chittagong,2012,12,7,5,4,0,0,0,0,22.95,90.83,Tripura Fold Belt,100.0,Indian–Burma Plate Boundary,1897.0,7.5,Tripura Thrust Zone,Medium,Chittagong
Lakshmipur,4963972,Chittagong,2012,2,2,0,0,0,0,0,0,22.95,90.83,Tripura Fold Belt,100.0,Indian–Burma Plate Boundary,1897.0,7.5,Tripura Thrust Zone,Medium,Chittagong
Noakhali,1349463,Chittagong,2012,5,1,1,1,1,0,0,0,22.82,91.1,Tripura Fold Belt,90.0,Indian–Burma Plate Boundary,1897.0,7.5,Tripura Thrust Zone,Medium,Chittagong
Noakhali,2424060,Chittagong,2012,4,4,1,1,0,0,0,0,22.82,91.1,Tripura Fold Belt,90.0,Indian–Burma Plate Boundary,1897.0,7.5,Tripura Thrust Zone,Medium,Chittagong
Rangamati,2490224,Chittagong,2012,3,3,1,1,0,0,0,0,22.65,92.17,Indo‑Burma Fold Belt,50.0,Indian–Burma Plate Boundary,1762.0,7.0,Tripura Fold Belt,High,Chittagong
Rangamati,2226052,Chittagong,2012,8,5,3,1,0,0,0,0,22.65,92.17,Indo‑Burma Fold Belt,50.0,Indian–Burma Plate Boundary,1762.0,7.0,Tripura Fold Belt,High,Chittagong
Dhaka,1948614,Dhaka,2012,3,2,1,0,0,0,0,0,23.8103,90.4125,Madhupur Fault Zone,100.0,Indian–Burma Plate Boundary,1885.0,7.2,Madhupur Fault,Medium,Dhaka
Dhaka,9752790,Dhaka,2012,5,3,2,1,0,0,0,0,23.8103,90.4125,Madhupur Fault Zone,100.0,Indian–Burma Plate Boundary,1885.0,7.2,Madhupur Fault,Medium,Dhaka
Faridpur,2153545,Dhaka,2012,2,2,0,0,0,0,0,0,23.607,89.8429,Foredeep Basin,160.0,Indian–Burma Plate Boundary,1885.0,6.0,Foredeep Basin,Low,Dhaka
Faridpur,11406306,Dhaka,2012,6,4,2,1,1,1,0,0,23.607,89.8429,Foredeep Basin,160.0,Indian–Burma Plate Boundary,1885.0,6.0,Foredeep Basin,Low,Dhaka
Gazipur,668759,Dhaka,2012,4,3,0,0,0,0,0,0,24.0,90.4167,Madhupur Fault Zone,95.0,Indian–Burma Plate Boundary,1885.0,7.2,Madhupur Fault,Medium,Dhaka
Gazipur,11991152,Dhaka,2012,1,0,0,0,0,0,0,0,24.0,90.4167,Madhupur Fault Zone,95.0,Indian–Burma Plate Boundary,1885.0,7.2,Madhupur Fault,Medium,Dhaka
Gopalganj,1056755,Dhaka,2012,4,1,0,0,0,0,0,0,23.02,89.83,Foredeep Basin,170.0,Indian–Burma Plate Boundary,1885.0,6.0,Foredeep Basin,Low,Dhaka
Gopalganj,5135971,Dhaka,2012,4,3,1,0,0,0,0,0,23.02,89.83,Foredeep Basin,170.0,Indian–Burma Plate Boundary,1885.0,6.0,Foredeep Basin,Low,Dhaka
Kishoreganj,1182387,Dhaka,2012,4,2,1,0,0,0,0,0,24.44,90.77,Madhupur Fault Zone,100.0,Indian–Burma Plate Boundary,1885.0,7.2,Madhupur Fault,Medium,Dhaka
Madaripur,2922225,Dhaka,2012,1,0,0,0,0,0,0,0,23.17,90.19,Foredeep Basin,150.0,Indian–Burma Plate Boundary,1885.0,6.0,Foredeep Basin,Low,Dhaka
Madaripur,10087297,Dhaka,2012,2,1,1,0,0,0,0,0,23.17,90.19,Foredeep Basin,150.0,Indian–Burma Plate Boundary,1885.0,6.0,Foredeep Basin,Low,Dhaka
Manikganj,2258841,Dhaka,2012,2,1,1,1,0,0,0,0,23.86,90.0,Madhupur Fault Zone,90.0,Indian–Burma Plate Boundary,1885.0,7.2,Madhupur Fault,Medium,Dhaka
Manikganj,6926292,Dhaka,2012,4,4,0,0,0,0,0,0,23.86,90.0,Madhupur Fault Zone,90.0,Indian–Burma Plate Boundary,1885.0,7.2,Madhupur Fault,Medium,Dhaka
Munshiganj,2752520,Dhaka,2012,3,2,1,1,0,0,0,0,23.54,90.53,Foredeep Basin,130.0,Indian–Burma Plate Boundary,1885.0,6.0,Foredeep Basin,Low,Dhaka
Munshiganj,9390279,Dhaka,2012,2,0,0,0,0,0,0,0,23.54,90.53,Foredeep Basin,130.0,Indian–Burma Plate Boundary,1885.0,6.0,Foredeep Basin,Low,Dhaka
Narayanganj,745219,Dhaka,2012,1,1,1,0,0,0,0,0,23.6226,90.501,Madhupur Fault Zone,110.0,Indian–Burma Plate Boundary,1885.0,7.2,Madhupur Fault,Medium,Dhaka
Narayanganj,6628181,Dhaka,2012,3,2,0,0,0,0,0,0,23.6226,90.501,Madhupur Fault Zone,110.0,Indian–Burma Plate Boundary,1885.0,7.2,Madhupur Fault,Medium,Dhaka
Narsingdi,2832754,Dhaka,2012,2,1,1,1,0,0,0,0,23.9207,90.7188,Madhupur Fault Zone,110.0,Indian–Burma Plate Boundary,1885.0,7.2,Madhupur Fault,Medium,Dhaka
Narsingdi,6967950,Dhaka,2012,5,4,3,1,0,0,0,0,23.9207,90.7188,Madhupur Fault Zone,110.0,Indian–Burma Plate Boundary,1885.0,7.2,Madhupur Fault,Medium,Dhaka
Rajbari,811189,Dhaka,2012,6,4,3,1,1,0,0,0,23.72,89.65,Foredeep Basin,180.0,Indian–Burma Plate Boundary,1885.0,6.0,Foredeep Basin,Low,Dhaka
Rajbari,9578476,Dhaka,2012,2,2,2,0,0,0,0,0,23.72,89.65,Foredeep Basin,180.0,Indian–Burma Plate Boundary,1885.0,6.0,Foredeep Basin,Low,Dhaka
Shariatpur,1349221,Dhaka,2012,2,1,1,0,0,0,0,0,23.22,90.35,Foredeep Basin,150.0,Indian–Burma Plate Boundary,1885.0,6.0,Foredeep Basin,Low,Dhaka
Shariatpur,6763596,Dhaka,2012,2,1,1,0,0,0,0,0,23.22,90.35,Foredeep Basin,150.0,Indian–Burma Plate Boundary,1885.0,6.0,Foredeep Basin,Low,Dhaka
Tangail,2228838,Dhaka,2012,1,1,0,0,0,0,0,0,24.25,89.9167,Madhupur Fault Zone,90.0,Indian–Burma Plate Boundary,1885.0,7.2,Madhupur Fault,Medium,Dhaka
Tangail,5433928,Dhaka,2012,2,1,0,0,0,0,0,0,24.25,89.9167,Madhupur Fault Zone,90.0,Indian–Burma Plate Boundary,1885.0,7.2,Madhupur Fault,Medium,Dhaka
Bagerhat,601247,Khulna,2012,4,3,2,1,1,0,0,0,22.65,89.7667,Stable Platform Zone,230.0,Indian–Burma Plate Boundary,1950.0,6.0,Bogra Fault,Low,Khulna
Bagerhat,1775718,Khulna,2012,5,4,1,1,0,0,0,0,22.65,89.7667,Stable Platform Zone,230.0,Indian–Burma Plate Boundary,1950.0,6.0,Bogra Fault,Low,Khulna
Chuadanga,1309042,Khulna,2012,1,1,1,0,0,0,0,0,23.63,88.83,Stable Platform Zone,180.0,Indian–Burma Plate Boundary,1950.0,6.0,Stable Platform,Low,Khulna
Chuadanga,686525,Khulna,2012,1,1,0,0,0,0,0,0,23.63,88.83,Stable Platform Zone,180.0,Indian–Burma Plate Boundary,1950.0,6.0,Stable Platform,Low,Khulna
Jessore,525305,Khulna,2012,4,2,0,0,0,0,0,0,23.1707,89.2124,Stable Platform Zone,210.0,Indian–Burma Plate Boundary,1950.0,6.0,Stable Platform,Low,Khulna
Jessore,1737295,Khulna,2012,5,4,3,1,0,0,0,0,23.1707,89.2124,Stable Platform Zone,210.0,Indian–Burma Plate Boundary,1950.0,6.0,Stable Platform,Low,Khulna
Jhenaidah,2364004,Khulna,2012,2,1,0,0,0,0,0,0,23.55,89.15,Stable Platform Zone,200.0,Indian–Burma Plate Boundary,1950.0,6.0,Stable Platform,Low,Khulna
Jhenaidah,826196,Khulna,2012,3,3,0,0,0,0,0,0,23.55,89.15,Stable Platform Zone,200.0,Indian–Burma Plate Boundary,1950.0,6.0,Stable Platform,Low,Khulna
Khulna,2370738,Khulna,2012,1,0,0,0,0,0,0,0,22.8167,89.55,Stable Platform Zone,220.0,Indian–Burma Plate Boundary,1950.0,6.0,Bogra Fault,Low,Khulna
Khulna,1488336,Khulna,2012,0,0,0,0,0,0,0,0,22.8167,89.55,Stable Platform Zone,220.0,Indian–Burma Plate Boundary,1950.0,6.0,Bogra Fault,Low,Khulna
Kushtia,1082964,Khulna,2012,2,1,0,0,0,0,0,0,23.9,89.12,Stable Platform Zone,170.0,Indian–Burma Plate Boundary,1950.0,6.0,Stable Platform,Low,Khulna
Kushtia,1085831,Khulna,2012,1,1,0,0,0,0,0,0,23.9,89.12,Stable Platform Zone,170.0,Indian–Burma Plate Boundary,1950.0,6.0,Stable Platform,Low,Khulna
Magura,2071567,Khulna,2012,3,2,1,1,0,0,0,0,23.49,89.42,Stable Platform Zone,200.0,Indian–Burma Plate Boundary,1950.0,6.0,Stable Platform,Low,Khulna
Magura,1424123,Khulna,2012,3,2,1,1,1,0,0,0,23.49,89.42,Stable Platform Zone,200.0,Indian–Burma Plate Boundary,1950.0,6.0,Stable Platform,Low,Khulna
Meherpur,2918429,Khulna,2012,1,1,1,0,0,0,0,0,23.77,88.63,Stable Platform Zone,200.0,Indian–Burma Plate Boundary,1950.0,6.0,Stable Platform,Low,Khulna
Meherpur,1758308,Khulna,2012,0,0,0,0,0,0,0,0,23.77,88.63,Stable Platform Zone,200.0,Indian–Burma Plate Boundary,1950.0,6.0,Stable Platform,Low,Khulna
Narail,1365062,Khulna,2012,3,2,0,0,0,0,0,0,23.18,89.5,Stable Platform Zone,190.0,Indian–Burma Plate Boundary,1950.0,6.0,Stable Platform,Low,Khulna
Narail,1300092,Khulna,2012,2,0,0,0,0,0,0,0,23.18,89.5,Stable Platform Zone,190.0,Indian–Burma Plate Boundary,1950.0,6.0,Stable Platform,Low,Khulna
Satkhira,2297987,Khulna,2012,3,3,1,1,0,0,0,0,22.7234,89.0751,Stable Platform Zone,250.0,Indian–Burma Plate Boundary,1950.0,6.0,Stable Platform,Low,Khulna
Satkhira,1176248,Khulna,2012,2,1,0,0,0,0,0,0,22.7234,89.0751,Stable Platform Zone,250.0,Indian–Burma Plate Boundary,1950.0,6.0,Stable Platform,Low,Khulna
Jamalpur,983660,Mymensingh,2012,4,3,1,0,0,0,0,0,24.923,89.9501,Madhupur Fault Zone,100.0,Indian–Burma Plate Boundary,1897.0,7.5,Madhupur Fault,Medium,Mymensingh
Mymensingh,2505416,Mymensingh,2012,4,1,0,0,0,0,0,0,24.7434,90.3984,Madhupur Fault Zone,80.0,Indian–Burma Plate Boundary,1897.0,7.5,Madhupur Fault,Medium,Mymensingh
Mymensingh,114982,Mymensingh,2012,2,2,0,0,0,0,0,0,24.7434,90.3984,Madhupur Fault Zone,80.0,Indian–Burma Plate Boundary,1897.0,7.5,Madhupur Fault,Medium,Mymensingh
Sherpur,1460104,Mymensingh,2012,4,3,2,0,0,0,0,0,25.0188,90.0175,Madhupur Fault Zone,95.0,Indian–Burma Plate Boundary,1897.0,7.5,Madhupur Fault,Medium,Mymensingh
Bogra,2342000,Rajshahi,2012,2,0,0,0,0,0,0,0,24.849,89.3677,Stable Platform Zone,140.0,Indian–Burma Plate Boundary,1950.0,6.0,Bogra Fault,Low,Rajshahi
Bogra,1040783,Rajshahi,2012,3,3,2,1,0,0,0,0,24.849,89.3677,Stable Platform Zone,140.0,Indian–Burma Plate Boundary,1950.0,6.0,Bogra Fault,Low,Rajshahi
Joypurhat,1013343,Rajshahi,2012,4,3,0,0,0,0,0,0,25.1,89.02,Stable Platform Zone,160.0,Indian–Burma Plate Boundary,1950.0,6.0,Stable Platform,Low,Rajshahi
Joypurhat,1135256,Rajshahi,2012,4,2,1,1,0,0,0,0,25.1,89.02,Stable Platform Zone,160.0,Indian–Burma Plate Boundary,1950.0,6.0,Stable Platform,Low,Rajshahi
Naogaon,557343,Rajshahi,2012,3,1,1,1,0,0,0,0,24.81,88.94,Stable Platform Zone,190.0,Indian–Burma Plate Boundary,1950.0,6.0,Bogra Fault,Low,Rajshahi
Naogaon,968001,Rajshahi,2012,7,6,2,1,1,0,0,0,24.81,88.94,Stable Platform Zone,190.0,Indian–Burma Plate Boundary,1950.0,6.0,Bogra Fault,Low,Rajshahi
Natore,2017445,Rajshahi,2012,7,4,4,4,0,0,0,0,24.42,89.0,Stable Platform Zone,190.0,Indian–Burma Plate Boundary,1950.0,6.0,Bogra Fault,Low,Rajshahi
Natore,648772,Rajshahi,2012,4,2,0,0,0,0,0,0,24.42,89.0,Stable Platform Zone,190.0,Indian–Burma Plate Boundary,1950.0,6.0,Bogra Fault,Low,Rajshahi
Pabna,1318844,Rajshahi,2012,3,0,0,0,0,0,0,0,24.0064,89.2493,Stable Platform Zone,160.0,Indian–Burma Plate Boundary,1950.0,6.0,Stable Platform,Low,Rajshahi
Pabna,410061,Rajshahi,2012,9,3,3,1,0,0,0,0,24.0064,89.2493,Stable Platform Zone,160.0,Indian–Burma Plate Boundary,1950.0,6.0,Stable Platform,Low,Rajshahi
Rajshahi,1595369,Rajshahi,2012,1,1,1,0,0,0,0,0,24.3745,88.6042,Stable Platform Zone,200.0,Indian–Burma Plate Boundary,1950.0,6.0,Bogra Fault,Low,Rajshahi
Rajshahi,1176870,Rajshahi,2012,1,0,0,0,0,0,0,0,24.3745,88.6042,Stable Platform Zone,200.0,Indian–Burma Plate Boundary,1950.0,6.0,Bogra Fault,Low,Rajshahi
Sirajganj,1143513,Rajshahi,2012,5,4,1,1,0,0,0,0,24.45,89.71,Stable Platform Zone,150.0,Indian–Burma Plate Boundary,1950.0,6.0,Stable Platform,Low,Rajshahi
Sirajganj,997298,Rajshahi,2012,3,1,0,0,0,0,0,0,24.45,89.71,Stable Platform Zone,150.0,Indian–Burma Plate Boundary,1950.0,6.0,Stable Platform,Low,Rajshahi
Dinajpur,1455668,Rangpur,2012,5,4,1,0,0,0,0,0,25.625,88.65,Stable Platform Zone,120.0,Indian–Burma Plate Boundary,1950.0,6.5,Himalayan Frontal Zone,Medium,Rangpur
Dinajpur,246851,Rangpur,2012,3,2,0,0,0,0,0,0,25.625,88.65,Stable Platform Zone,120.0,Indian–Burma Plate Boundary,1950.0,6.5,Himalayan Frontal Zone,Medium,Rangpur
Gaibandha,1889550,Rangpur,2012,6,2,0,0,0,0,0,0,25.33,89.55,Stable Platform Zone,130.0,Indian–Eurasian Plate Boundary,1950.0,6.5,Bogra Fault,Medium,Rangpur
Gaibandha,689511,Rangpur,2012,3,2,2,0,0,0,0,0,25.33,89.55,Stable Platform Zone,130.0,Indian–Eurasian Plate Boundary,1950.0,6.5,Bogra Fault,Medium,Rangpur
Kurigram,1715222,Rangpur,2012,3,1,0,0,0,0,0,0,25.81,89.65,Himalayan Frontal Zone,110.0,Indian–Eurasian Plate Boundary,1950.0,8.6,Assam Fault Belt,High,Rangpur
Kurigram,343932,Rangpur,2012,6,3,3,1,0,0,0,0,25.81,89.65,Himalayan Frontal Zone,110.0,Indian–Eurasian Plate Boundary,1950.0,8.6,Assam Fault Belt,High,Rangpur
Lalmonirhat,2791214,Rangpur,2012,4,2,1,1,0,0,0,0,25.92,89.45,Himalayan Frontal Zone,100.0,Indian–Eurasian Plate Boundary,1950.0,8.6,Assam Fault Belt,High,Rangpur
Lalmonirhat,388548,Rangpur,2012,8,4,4,0,0,0,0,0,25.92,89.45,Himalayan Frontal Zone,100.0,Indian–Eurasian Plate Boundary,1950.0,8.6,Assam Fault Belt,High,Rangpur
Nilphamari,884049,Rangpur,2012,2,2,1,0,0,0,0,0,25.95,88.85,Himalayan Frontal Zone,110.0,Indian–Eurasian Plate Boundary,1950.0,8.6,Assam Fault Belt,High,Rangpur
Nilphamari,180512,Rangpur,2012,3,1,1,0,0,0,0,0,25.95,88.85,Himalayan Frontal Zone,110.0,Indian–Eurasian Plate Boundary,1950.0,8.6,Assam Fault Belt,High,Rangpur
Panchagarh,695143,Rangpur,2012,2,2,0,0,0,0,0,0,26.33,88.56,Himalayan Frontal Zone,90.0,Indian–Eurasian Plate Boundary,1950.0,8.6,Assam Fault Belt,High,Rangpur
Panchagarh,925192,Rangpur,2012,4,4,3,1,0,0,0,0,26.33,88.56,Himalayan Frontal Zone,90.0,Indian–Eurasian Plate Boundary,1950.0,8.6,Assam Fault Belt,High,Rangpur
Rangpur,1027426,Rangpur,2012,4,0,0,0,0,0,0,0,25.7449,89.2756,Stable Platform Zone,130.0,Indian–Burma Plate Boundary,1950.0,6.5,Himalayan Frontal Zone,Medium,Rangpur
Rangpur,691499,Rangpur,2012,5,3,2,0,0,0,0,0,25.7449,89.2756,Stable Platform Zone,130.0,Indian–Burma Plate Boundary,1950.0,6.5,Himalayan Frontal Zone,Medium,Rangpur
Thakurgaon,2016322,Rangpur,2012,3,0,0,0,0,0,0,0,26.02,88.46,Himalayan Frontal Zone,100.0,Indian–Eurasian Plate Boundary,1950.0,8.6,Assam Fault Belt,High,Rangpur
Thakurgaon,320903,Rangpur,2012,7,5,4,1,0,0,0,0,26.02,88.46,Himalayan Frontal Zone,100.0,Indian–Eurasian Plate Boundary,1950.0,8.6,Assam Fault Belt,High,Rangpur
Habiganj,2933574,Sylhet,2012,6,5,2,1,0,0,0,0,24.38,91.42,Tripura Fold Belt,80.0,Indian–Burma Plate Boundary,1918.0,7.0,Tripura Thrust Zone,Medium,Sylhet
Habiganj,496623,Sylhet,2012,11,6,6,1,1,0,0,0,24.38,91.42,Tripura Fold Belt,80.0,Indian–Burma Plate Boundary,1918.0,7.0,Tripura Thrust Zone,Medium,Sylhet
Moulvibazar,1953779,Sylhet,2012,6,4,2,2,1,0,0,0,24.48,91.77,Dauki Fault Zone,35.0,Indian–Burma Plate Boundary,1918.0,7.5,Dauki Fault,High,Sylhet
Moulvibazar,275496,Sylhet,2012,7,5,2,0,0,0,0,0,24.48,91.77,Dauki Fault Zone,35.0,Indian–Burma Plate Boundary,1918.0,7.5,Dauki Fault,High,Sylhet
Sunamganj,1242138,Sylhet,2012,10,6,2,1,1,0,0,0,25.07,91.4,Dauki Fault Zone,45.0,Indian–Burma Plate Boundary,1918.0,7.5,Dauki Fault,High,Sylhet
Sunamganj,527519,Sylhet,2012,8,4,1,1,0,0,0,0,25.07,91.4,Dauki Fault Zone,45.0,Indian–Burma Plate Boundary,1918.0,7.5,Dauki Fault,High,Sylhet
Sylhet,2858992,Sylhet,2012,10,7,3,1,1,0,0,0,24.899,91.872,Dauki Fault Zone,30.0,Indian–Burma Plate Boundary,1918.0,7.5,Dauki Fault,High,Sylhet
Sylhet,872620,Sylhet,2012,5,3,1,1,0,0,0,0,24.899,91.872,Dauki Fault Zone,30.0,Indian–Burma Plate Boundary,1918.0,7.5,Dauki Fault,High,Sylhet
Barguna,1399340,Barisal,2013,0,0,0,0,0,0,0,0,22.15,90.13,Foredeep Basin,210.0,Indian–Burma Plate Boundary,1950.0,5.5,Foredeep Basin,Low,Barishal
Barguna,373933,Barisal,2013,1,0,0,0,0,0,0,0,22.15,90.13,Foredeep Basin,210.0,Indian–Burma Plate Boundary,1950.0,5.5,Foredeep Basin,Low,Barishal
Barishal,547104,Barisal,2013,1,1,0,0,0,0,0,0,22.7,90.37,Foredeep Basin,180.0,Indian–Burma Plate Boundary,1950.0,5.5,Foredeep Basin,Low,Barishal
Barishal,641260,Barisal,2013,3,2,1,0,0,0,0,0,22.7,90.37,Foredeep Basin,180.0,Indian–Burma Plate Boundary,1950.0,5.5,Foredeep Basin,Low,Barishal
Bhola,1179203,Barisal,2013,4,4,1,0,0,0,0,0,22.69,90.65,Foredeep Basin,190.0,Indian–Burma Plate Boundary,1950.0,5.5,Foredeep Basin,Low,Barishal
Bhola,639697,Barisal,2013,7,3,1,1,0,0,0,0,22.69,90.65,Foredeep Basin,190.0,Indian–Burma Plate Boundary,1950.0,5.5,Foredeep Basin,Low,Barishal
Patuakhali,667340,Barisal,2013,4,3,1,0,0,0,0,0,22.35,90.3,Foredeep Basin,200.0,Indian–Burma Plate Boundary,1950.0,5.5,Foredeep Basin,Low,Barishal
Patuakhali,676298,Barisal,2013,5,2,1,1,0,0,0,0,22.35,90.3,Foredeep Basin,200.0,Indian–Burma Plate Boundary,1950.0,5.5,Foredeep Basin,Low,Barishal
Pirojpur,2019542,Barisal,2013,1,1,1,0,0,0,0,0,22.58,89.98,Foredeep Basin,180.0,Indian–Burma Plate Boundary,1950.0,5.5,Foredeep Basin,Low,Barishal
Pirojpur,407323,Barisal,2013,2,2,2,0,0,0,0,0,22.58,89.98,Foredeep Basin,180.0,Indian–Burma Plate Boundary,1950.0,5.5,Foredeep Basin,Low,Barishal
Bandarban,768103,Chittagong,2013,14,8,2,2,0,0,0,0,22.194,92.218,Indo‑Burma Fold Belt,25.0,Indian–Burma Plate Boundary,1762.0,8.0,Chittagong Hill Tracts Fold Belt,High,Chittagong
Bandarban,3600184,Chittagong,2013,6,5,1,1,0,0,0,0,22.194,92.218,Indo‑Burma Fold Belt,25.0,Indian–Burma Plate Boundary,1762.0,8.0,Chittagong Hill Tracts Fold Belt,High,Chittagong
Brahmanbaria,1730585,Chittagong,2013,5,2,1,0,0,0,0,0,23.96,91.11,Tripura Fold Belt,85.0,Indian–Burma Plate Boundary,1897.0,7.5,Tripura Thrust Zone,Medium,Chittagong
Brahmanbaria,2354719,Chittagong,2013,4,1,1,0,0,0,0,0,23.96,91.11,Tripura Fold Belt,85.0,Indian–Burma Plate Boundary,1897.0,7.5,Tripura Thrust Zone,Medium,Chittagong
Chandpur,1982387,Chittagong,2013,4,2,1,1,1,0,0,0,23.23,90.65,Foredeep Basin,150.0,Indian–Burma Plate Boundary,1897.0,6.5,Surma Basin,Low,Chittagong
Chandpur,2065677,Chittagong,2013,7,5,5,2,0,0,0,0,23.23,90.65,Foredeep Basin,150.0,Indian–Burma Plate Boundary,1897.0,6.5,Surma Basin,Low,Chittagong
Chittagong,2326830,Chittagong,2013,3,2,1,0,0,0,0,0,22.3419,91.8155,Indo‑Burma Subduction Zone,25.0,Indian–Burma Plate Boundary,1762.0,8.5,Arakan–Burma Subduction,High,Chittagong
Chittagong,3299070,Chittagong,2013,8,4,3,0,0,0,0,0,22.3419,91.8155,Indo‑Burma Subduction Zone,25.0,Indian–Burma Plate Boundary,1762.0,8.5,Arakan–Burma Subduction,High,Chittagong
Comilla,1715597,Chittagong,2013,10,6,4,2,1,0,0,0,23.45,91.1999,Tripura Fold Belt,80.0,Indian–Burma Plate Boundary,1897.0,7.5,Tripura Thrust Zone,Medium,Chittagong
Comilla,2969601,Chittagong,2013,9,4,3,2,0,0,0,0,23.45,91.1999,Tripura Fold Belt,80.0,Indian–Burma Plate Boundary,1897.0,7.5,Tripura Thrust Zone,Medium,Chittagong
Cox's Bazar,571649,Chittagong,2013,8,3,1,1,0,0,0,0,21.4272,92.0058,Indo‑Burma Subduction Zone,15.0,Indian–Burma Plate Boundary,1762.0,8.5,Arakan Subduction,High,Chittagong
Cox's Bazar,5616115,Chittagong,2013,10,5,3,1,1,0,0,0,21.4272,92.0058,Indo‑Burma Subduction Zone,15.0,Indian–Burma Plate Boundary,1762.0,8.5,Arakan Subduction,High,Chittagong
Feni,1670094,Chittagong,2013,10,5,4,2,0,0,0,0,23.02,91.4,Tripura Fold Belt,90.0,Indian–Burma Plate Boundary,1897.0,7.5,Tripura Thrust Zone,Medium,Chittagong
Feni,4725977,Chittagong,2013,12,8,8,2,0,0,0,0,23.02,91.4,Tripura Fold Belt,90.0,Indian–Burma Plate Boundary,1897.0,7.5,Tripura Thrust Zone,Medium,Chittagong
Lakshmipur,1233024,Chittagong,2013,8,3,2,0,0,0,0,0,22.95,90.83,Tripura Fold Belt,100.0,Indian–Burma Plate Boundary,1897.0,7.5,Tripura Thrust Zone,Medium,Chittagong
Lakshmipur,2165857,Chittagong,2013,8,6,4,1,0,0,0,0,22.95,90.83,Tripura Fold Belt,100.0,Indian–Burma Plate Boundary,1897.0,7.5,Tripura Thrust Zone,Medium,Chittagong
Noakhali,2695894,Chittagong,2013,9,4,3,1,0,0,0,0,22.82,91.1,Tripura Fold Belt,90.0,Indian–Burma Plate Boundary,1897.0,7.5,Tripura Thrust Zone,Medium,Chittagong
Noakhali,4325415,Chittagong,2013,9,5,2,2,0,0,0,0,22.82,91.1,Tripura Fold Belt,90.0,Indian–Burma Plate Boundary,1897.0,7.5,Tripura Thrust Zone,Medium,Chittagong
Rangamati,2470994,Chittagong,2013,9,4,4,1,1,0,0,0,22.65,92.17,Indo‑Burma Fold Belt,50.0,Indian–Burma Plate Boundary,1762.0,7.0,Tripura Fold Belt,High,Chittagong
Rangamati,5634078,Chittagong,2013,10,5,5,2,0,0,0,0,22.65,92.17,Indo‑Burma Fold Belt,50.0,Indian–Burma Plate Boundary,1762.0,7.0,Tripura Fold Belt,High,Chittagong
Dhaka,2931036,Dhaka,2013,2,0,0,0,0,0,0,0,23.8103,90.4125,Madhupur Fault Zone,100.0,Indian–Burma Plate Boundary,1885.0,7.2,Madhupur Fault,Medium,Dhaka
Dhaka,5426111,Dhaka,2013,6,2,2,1,0,0,0,0,23.8103,90.4125,Madhupur Fault Zone,100.0,Indian–Burma Plate Boundary,1885.0,7.2,Madhupur Fault,Medium,Dhaka
Faridpur,2399798,Dhaka,2013,8,6,1,1,0,0,0,0,23.607,89.8429,Foredeep Basin,160.0,Indian–Burma Plate Boundary,1885.0,6.0,Foredeep Basin,Low,Dhaka
Faridpur,5513294,Dhaka,2013,3,3,2,1,1,0,0,0,23.607,89.8429,Foredeep Basin,160.0,Indian–Burma Plate Boundary,1885.0,6.0,Foredeep Basin,Low,Dhaka
Gazipur,803505,Dhaka,2013,3,3,0,0,0,0,0,0,24.0,90.4167,Madhupur Fault Zone,95.0,Indian–Burma Plate Boundary,1885.0,7.2,Madhupur Fault,Medium,Dhaka
Gazipur,8050618,Dhaka,2013,5,4,2,0,0,0,0,0,24.0,90.4167,Madhupur Fault Zone,95.0,Indian–Burma Plate Boundary,1885.0,7.2,Madhupur Fault,Medium,Dhaka
Gopalganj,1722714,Dhaka,2013,1,0,0,0,0,0,0,0,23.02,89.83,Foredeep Basin,170.0,Indian–Burma Plate Boundary,1885.0,6.0,Foredeep Basin,Low,Dhaka
Gopalganj,7787490,Dhaka,2013,6,4,2,2,1,0,0,0,23.02,89.83,Foredeep Basin,170.0,Indian–Burma Plate Boundary,1885.0,6.0,Foredeep Basin,Low,Dhaka
Kishoreganj,2220295,Dhaka,2013,4,2,1,0,0,0,0,0,24.44,90.77,Madhupur Fault Zone,100.0,Indian–Burma Plate Boundary,1885.0,7.2,Madhupur Fault,Medium,Dhaka
Madaripur,490299,Dhaka,2013,1,1,1,1,0,0,0,0,23.17,90.19,Foredeep Basin,150.0,Indian–Burma Plate Boundary,1885.0,6.0,Foredeep Basin,Low,Dhaka
Madaripur,8571531,Dhaka,2013,5,4,1,1,0,0,0,0,23.17,90.19,Foredeep Basin,150.0,Indian–Burma Plate Boundary,1885.0,6.0,Foredeep Basin,Low,Dhaka
Manikganj,2993956,Dhaka,2013,2,1,0,0,0,0,0,0,23.86,90.0,Madhupur Fault Zone,90.0,Indian–Burma Plate Boundary,1885.0,7.2,Madhupur Fault,Medium,Dhaka
Manikganj,8815647,Dhaka,2013,5,1,1,0,0,0,0,0,23.86,90.0,Madhupur Fault Zone,90.0,Indian–Burma Plate Boundary,1885.0,7.2,Madhupur Fault,Medium,Dhaka
Munshiganj,1507232,Dhaka,2013,7,2,1,1,0,0,0,0,23.54,90.53,Foredeep Basin,130.0,Indian–Burma Plate Boundary,1885.0,6.0,Foredeep Basin,Low,Dhaka
Munshiganj,10767997,Dhaka,2013,4,2,2,1,0,0,0,0,23.54,90.53,Foredeep Basin,130.0,Indian–Burma Plate Boundary,1885.0,6.0,Foredeep Basin,Low,Dhaka
Narayanganj,750010,Dhaka,2013,4,1,1,0,0,0,0,0,23.6226,90.501,Madhupur Fault Zone,110.0,Indian–Burma Plate Boundary,1885.0,7.2,Madhupur Fault,Medium,Dhaka
Narayanganj,8837798,Dhaka,2013,2,1,1,1,0,0,0,0,23.6226,90.501,Madhupur Fault Zone,110.0,Indian–Burma Plate Boundary,1885.0,7.2,Madhupur Fault,Medium,Dhaka
Narsingdi,1424121,Dhaka,2013,3,1,0,0,0,0,0,0,23.9207,90.7188,Madhupur Fault Zone,110.0,Indian–Burma Plate Boundary,1885.0,7.2,Madhupur Fault,Medium,Dhaka
Narsingdi,11070323,Dhaka,2013,3,2,1,0,0,0,0,0,23.9207,90.7188,Madhupur Fault Zone,110.0,Indian–Burma Plate Boundary,1885.0,7.2,Madhupur Fault,Medium,Dhaka
Rajbari,1561372,Dhaka,2013,5,3,2,2,0,0,0,0,23.72,89.65,Foredeep Basin,180.0,Indian–Burma Plate Boundary,1885.0,6.0,Foredeep Basin,Low,Dhaka
Rajbari,7340601,Dhaka,2013,4,1,0,0,0,0,0,0,23.72,89.65,Foredeep Basin,180.0,Indian–Burma Plate Boundary,1885.0,6.0,Foredeep Basin,Low,Dhaka
Shariatpur,1886926,Dhaka,2013,2,1,1,0,0,0,0,0,23.22,90.35,Foredeep Basin,150.0,Indian–Burma Plate Boundary,1885.0,6.0,Foredeep Basin,Low,Dhaka
Shariatpur,10745636,Dhaka,2013,3,1,1,0,0,0,0,0,23.22,90.35,Foredeep Basin,150.0,Indian–Burma Plate Boundary,1885.0,6.0,Foredeep Basin,Low,Dhaka
Tangail,1753347,Dhaka,2013,3,1,1,0,0,0,0,0,24.25,89.9167,Madhupur Fault Zone,90.0,Indian–Burma Plate Boundary,1885.0,7.2,Madhupur Fault,Medium,Dhaka
Tangail,11829333,Dhaka,2013,4,4,2,1,0,0,0,0,24.25,89.9167,Madhupur Fault Zone,90.0,Indian–Burma Plate Boundary,1885.0,7.2,Madhupur Fault,Medium,Dhaka
Bagerhat,1843766,Khulna,2013,1,1,1,0,0,0,0,0,22.65,89.7667,Stable Platform Zone,230.0,Indian–Burma Plate Boundary,1950.0,6.0,Bogra Fault,Low,Khulna
Bagerhat,848540,Khulna,2013,1,1,0,0,0,0,0,0,22.65,89.7667,Stable Platform Zone,230.0,Indian–Burma Plate Boundary,1950.0,6.0,Bogra Fault,Low,Khulna
Chuadanga,1394851,Khulna,2013,5,5,0,0,0,0,0,0,23.63,88.83,Stable Platform Zone,180.0,Indian–Burma Plate Boundary,1950.0,6.0,Stable Platform,Low,Khulna
Chuadanga,652428,Khulna,2013,3,1,0,0,0,0,0,0,23.63,88.83,Stable Platform Zone,180.0,Indian–Burma Plate Boundary,1950.0,6.0,Stable Platform,Low,Khulna
Jessore,2821601,Khulna,2013,3,2,2,0,0,0,0,0,23.1707,89.2124,Stable Platform Zone,210.0,Indian–Burma Plate Boundary,1950.0,6.0,Stable Platform,Low,Khulna
Jessore,1220772,Khulna,2013,1,0,0,0,0,0,0,0,23.1707,89.2124,Stable Platform Zone,210.0,Indian–Burma Plate Boundary,1950.0,6.0,Stable Platform,Low,Khulna
Jhenaidah,2238917,Khulna,2013,2,1,1,0,0,0,0,0,23.55,89.15,Stable Platform Zone,200.0,Indian–Burma Plate Boundary,1950.0,6.0,Stable Platform,Low,Khulna
Jhenaidah,961278,Khulna,2013,5,3,1,1,0,0,0,0,23.55,89.15,Stable Platform Zone,200.0,Indian–Burma Plate Boundary,1950.0,6.0,Stable Platform,Low,Khulna
Khulna,823235,Khulna,2013,4,2,0,0,0,0,0,0,22.8167,89.55,Stable Platform Zone,220.0,Indian–Burma Plate Boundary,1950.0,6.0,Bogra Fault,Low,Khulna
Khulna,1034365,Khulna,2013,2,2,0,0,0,0,0,0,22.8167,89.55,Stable Platform Zone,220.0,Indian–Burma Plate Boundary,1950.0,6.0,Bogra Fault,Low,Khulna
Kushtia,711276,Khulna,2013,5,1,1,1,1,0,0,0,23.9,89.12,Stable Platform Zone,170.0,Indian–Burma Plate Boundary,1950.0,6.0,Stable Platform,Low,Khulna
Kushtia,1341124,Khulna,2013,4,3,0,0,0,0,0,0,23.9,89.12,Stable Platform Zone,170.0,Indian–Burma Plate Boundary,1950.0,6.0,Stable Platform,Low,Khulna
Magura,894330,Khulna,2013,0,0,0,0,0,0,0,0,23.49,89.42,Stable Platform Zone,200.0,Indian–Burma Plate Boundary,1950.0,6.0,Stable Platform,Low,Khulna
Magura,804428,Khulna,2013,6,4,3,0,0,0,0,0,23.49,89.42,Stable Platform Zone,200.0,Indian–Burma Plate Boundary,1950.0,6.0,Stable Platform,Low,Khulna
Meherpur,750480,Khulna,2013,2,2,1,0,0,0,0,0,23.77,88.63,Stable Platform Zone,200.0,Indian–Burma Plate Boundary,1950.0,6.0,Stable Platform,Low,Khulna
Meherpur,1710554,Khulna,2013,3,3,1,0,0,0,0,0,23.77,88.63,Stable Platform Zone,200.0,Indian–Burma Plate Boundary,1950.0,6.0,Stable Platform,Low,Khulna
Narail,1425129,Khulna,2013,3,1,0,0,0,0,0,0,23.18,89.5,Stable Platform Zone,190.0,Indian–Burma Plate Boundary,1950.0,6.0,Stable Platform,Low,Khulna
Narail,1636544,Khulna,2013,3,3,1,0,0,0,0,0,23.18,89.5,Stable Platform Zone,190.0,Indian–Burma Plate Boundary,1950.0,6.0,Stable Platform,Low,Khulna
Satkhira,1099256,Khulna,2013,2,2,0,0,0,0,0,0,22.7234,89.0751,Stable Platform Zone,250.0,Indian–Burma Plate Boundary,1950.0,6.0,Stable Platform,Low,Khulna
Satkhira,1086574,Khulna,2013,3,1,0,0,0,0,0,0,22.7234,89.0751,Stable Platform Zone,250.0,Indian–Burma Plate Boundary,1950.0,6.0,Stable Platform,Low,Khulna
Jamalpur,2092995,Mymensingh,2013,2,2,1,0,0,0,0,0,24.923,89.9501,Madhupur Fault Zone,100.0,Indian–Burma Plate Boundary,1897.0,7.5,Madhupur Fault,Medium,Mymensingh
Mymensingh,517346,Mymensingh,2013,6,4,0,0,0,0,0,0,24.7434,90.3984,Madhupur Fault Zone,80.0,Indian–Burma Plate Boundary,1897.0,7.5,Madhupur Fault,Medium,Mymensingh
Mymensingh,757897,Mymensingh,2013,4,3,1,1,0,0,0,0,24.7434,90.3984,Madhupur Fault Zone,80.0,Indian–Burma Plate Boundary,1897.0,7.5,Madhupur Fault,Medium,Mymensingh
Sherpur,660715,Mymensingh,2013,6,5,0,0,0,0,0,0,25.0188,90.0175,Madhupur Fault Zone,95.0,Indian–Burma Plate Boundary,1897.0,7.5,Madhupur Fault,Medium,Mymensingh
Bogra,2065446,Rajshahi,2013,2,2,1,0,0,0,0,0,24.849,89.3677,Stable Platform Zone,140.0,Indian–Burma Plate Boundary,1950.0,6.0,Bogra Fault,Low,Rajshahi
Bogra,828581,Rajshahi,2013,2,2,1,0,0,0,0,0,24.849,89.3677,Stable Platform Zone,140.0,Indian–Burma Plate Boundary,1950.0,6.0,Bogra Fault,Low,Rajshahi
Joypurhat,1984363,Rajshahi,2013,2,2,2,0,0,0,0,0,25.1,89.02,Stable Platform Zone,160.0,Indian–Burma Plate Boundary,1950.0,6.0,Stable Platform,Low,Rajshahi
Joypurhat,856452,Rajshahi,2013,2,2,0,0,0,0,0,0,25.1,89.02,Stable Platform Zone,160.0,Indian–Burma Plate Boundary,1950.0,6.0,Stable Platform,Low,Rajshahi
Naogaon,826678,Rajshahi,2013,3,2,1,0,0,0,0,0,24.81,88.94,Stable Platform Zone,190.0,Indian–Burma Plate Boundary,1950.0,6.0,Bogra Fault,Low,Rajshahi
Naogaon,1051232,Rajshahi,2013,3,0,0,0,0,0,0,0,24.81,88.94,Stable Platform Zone,190.0,Indian–Burma Plate Boundary,1950.0,6.0,Bogra Fault,Low,Rajshahi
Natore,923296,Rajshahi,2013,4,4,1,0,0,0,0,0,24.42,89.0,Stable Platform Zone,190.0,Indian–Burma Plate Boundary,1950.0,6.0,Bogra Fault,Low,Rajshahi
Natore,805231,Rajshahi,2013,2,0,0,0,0,0,0,0,24.42,89.0,Stable Platform Zone,190.0,Indian–Burma Plate Boundary,1950.0,6.0,Bogra Fault,Low,Rajshahi
Pabna,2428774,Rajshahi,2013,2,2,1,0,0,0,0,0,24.0064,89.2493,Stable Platform Zone,160.0,Indian–Burma Plate Boundary,1950.0,6.0,Stable Platform,Low,Rajshahi
Pabna,1065756,Rajshahi,2013,2,1,1,1,0,0,0,0,24.0064,89.2493,Stable Platform Zone,160.0,Indian–Burma Plate Boundary,1950.0,6.0,Stable Platform,Low,Rajshahi
Rajshahi,595852,Rajshahi,2013,3,2,1,0,0,0,0,0,24.3745,88.6042,Stable Platform Zone,200.0,Indian–Burma Plate Boundary,1950.0,6.0,Bogra Fault,Low,Rajshahi
Rajshahi,1027700,Rajshahi,2013,8,5,2,0,0,0,0,0,24.3745,88.6042,Stable Platform Zone,200.0,Indian–Burma Plate Boundary,1950.0,6.0,Bogra Fault,Low,Rajshahi
Sirajganj,1011471,Rajshahi,2013,2,1,1,1,0,0,0,0,24.45,89.71,Stable Platform Zone,150.0,Indian–Burma Plate Boundary,1950.0,6.0,Stable Platform,Low,Rajshahi
Sirajganj,499549,Rajshahi,2013,2,2,2,1,0,0,0,0,24.45,89.71,Stable Platform Zone,150.0,Indian–Burma Plate Boundary,1950.0,6.0,Stable Platform,Low,Rajshahi
Dinajpur,2355846,Rangpur,2013,2,2,1,0,0,0,0,0,25.625,88.65,Stable Platform Zone,120.0,Indian–Burma Plate Boundary,1950.0,6.5,Himalayan Frontal Zone,Medium,Rangpur
Dinajpur,404106,Rangpur,2013,10,6,5,2,0,0,0,0,25.625,88.65,Stable Platform Zone,120.0,Indian–Burma Plate Boundary,1950.0,6.5,Himalayan Frontal Zone,Medium,Rangpur
Gaibandha,2766841,Rangpur,2013,3,1,0,0,0,0,0,0,25.33,89.55,Stable Platform Zone,130.0,Indian–Eurasian Plate Boundary,1950.0,6.5,Bogra Fault,Medium,Rangpur
Gaibandha,916840,Rangpur,2013,4,2,1,1,0,0,0,0,25.33,89.55,Stable Platform Zone,130.0,Indian–Eurasian Plate Boundary,1950.0,6.5,Bogra Fault,Medium,Rangpur
Kurigram,1825263,Rangpur,2013,1,1,1,1,0,0,0,0,25.81,89.65,Himalayan Frontal Zone,110.0,Indian–Eurasian Plate Boundary,1950.0,8.6,Assam Fault Belt,High,Rangpur
Kurigram,853726,Rangpur,2013,6,4,1,1,1,0,0,0,25.81,89.65,Himalayan Frontal Zone,110.0,Indian–Eurasian Plate Boundary,1950.0,8.6,Assam Fault Belt,High,Rangpur
Lalmonirhat,482812,Rangpur,2013,1,1,0,0,0,0,0,0,25.92,89.45,Himalayan Frontal Zone,100.0,Indian–Eurasian Plate Boundary,1950.0,8.6,Assam Fault Belt,High,Rangpur
Lalmonirhat,314081,Rangpur,2013,7,4,2,0,0,0,0,0,25.92,89.45,Himalayan Frontal Zone,100.0,Indian–Eurasian Plate Boundary,1950.0,8.6,Assam Fault Belt,High,Rangpur
Nilphamari,1859183,Rangpur,2013,4,4,1,0,0,0,0,0,25.95,88.85,Himalayan Frontal Zone,110.0,Indian–Eurasian Plate Boundary,1950.0,8.6,Assam Fault Belt,High,Rangpur
Nilphamari,944137,Rangpur,2013,7,5,4,2,0,0,0,0,25.95,88.85,Himalayan Frontal Zone,110.0,Indian–Eurasian Plate Boundary,1950.0,8.6,Assam Fault Belt,High,Rangpur
Panchagarh,469925,Rangpur,2013,7,5,2,0,0,0,0,0,26.33,88.56,Himalayan Frontal Zone,90.0,Indian–Eurasian Plate Boundary,1950.0,8.6,Assam Fault Belt,High,Rangpur
Panchagarh,155998,Rangpur,2013,6,3,2,0,0,0,0,0,26.33,88.56,Himalayan Frontal Zone,90.0,Indian–Eurasian Plate Boundary,1950.0,8.6,Assam Fault Belt,High,Rangpur
Rangpur,473644,Rangpur,2013,5,2,2,2,0,0,0,0,25.7449,89.2756,Stable Platform Zone,130.0,Indian–Burma Plate Boundary,1950.0,6.5,Himalayan Frontal Zone,Medium,Rangpur
Rangpur,791519,Rangpur,2013,7,6,2,1,0,0,0,0,25.7449,89.2756,Stable Platform Zone,130.0,Indian–Burma Plate Boundary,1950.0,6.5,Himalayan Frontal Zone,Medium,Rangpur
Thakurgaon,1488245,Rangpur,2013,8,4,1,0,0,0,0,0,26.02,88.46,Himalayan Frontal Zone,100.0,Indian–Eurasian Plate Boundary,1950.0,8.6,Assam Fault Belt,High,Rangpur
Thakurgaon,766197,Rangpur,2013,4,4,1,0,0,0,0,0,26.02,88.46,Himalayan Frontal Zone,100.0,Indian–Eurasian Plate Boundary,1950.0,8.6,Assam Fault Belt,High,Rangpur
Habiganj,2955266,Sylhet,2013,9,5,1,1,0,0,0,0,24.38,91.42,Tripura Fold Belt,80.0,Indian–Burma Plate Boundary,1918.0,7.0,Tripura Thrust Zone,Medium,Sylhet
Habiganj,373754,Sylhet,2013,13,8,4,2,0,0,0,0,24.38,91.42,Tripura Fold Belt,80.0,Indian–Burma Plate Boundary,1918.0,7.0,Tripura Thrust Zone,Medium,Sylhet
Moulvibazar,1383151,Sylhet,2013,8,4,4,0,0,0,0,0,24.48,91.77,Dauki Fault Zone,35.0,Indian–Burma Plate Boundary,1918.0,7.5,Dauki Fault,High,Sylhet
Moulvibazar,608522,Sylhet,2013,9,4,2,1,0,0,0,0,24.48,91.77,Dauki Fault Zone,35.0,Indian–Burma Plate Boundary,1918.0,7.5,Dauki Fault,High,Sylhet
Sunamganj,886940,Sylhet,2013,9,6,3,1,0,0,0,0,25.07,91.4,Dauki Fault Zone,45.0,Indian–Burma Plate Boundary,1918.0,7.5,Dauki Fault,High,Sylhet
Sunamganj,677076,Sylhet,2013,7,3,3,0,0,0,0,0,25.07,91.4,Dauki Fault Zone,45.0,Indian–Burma Plate Boundary,1918.0,7.5,Dauki Fault,High,Sylhet
Sylhet,1765779,Sylhet,2013,9,7,5,2,1,0,0,0,24.899,91.872,Dauki Fault Zone,30.0,Indian–Burma Plate Boundary,1918.0,7.5,Dauki Fault,High,Sylhet
Sylhet,306278,Sylhet,2013,9,4,2,0,0,0,0,0,24.899,91.872,Dauki Fault Zone,30.0,Indian–Burma Plate Boundary,1918.0,7.5,Dauki Fault,High,Sylhet
Barguna,2855378,Barisal,2014,3,2,2,1,1,0,0,0,22.15,90.13,Foredeep Basin,210.0,Indian–Burma Plate Boundary,1950.0,5.5,Foredeep Basin,Low,Barishal
Barguna,295778,Barisal,2014,3,3,2,0,0,0,0,0,22.15,90.13,Foredeep Basin,210.0,Indian–Burma Plate Boundary,1950.0,5.5,Foredeep Basin,Low,Barishal
Barishal,1527329,Barisal,2014,1,1,1,0,0,0,0,0,22.7,90.37,Foredeep Basin,180.0,Indian–Burma Plate Boundary,1950.0,5.5,Foredeep Basin,Low,Barishal
Barishal,557352,Barisal,2014,2,1,1,1,0,0,0,0,22.7,90.37,Foredeep Basin,180.0,Indian–Burma Plate Boundary,1950.0,5.5,Foredeep Basin,Low,Barishal
Bhola,2230546,Barisal,2014,2,2,1,0,0,0,0,0,22.69,90.65,Foredeep Basin,190.0,Indian–Burma Plate Boundary,1950.0,5.5,Foredeep Basin,Low,Barishal
Bhola,649902,Barisal,2014,5,2,2,0,0,0,0,0,22.69,90.65,Foredeep Basin,190.0,Indian–Burma Plate Boundary,1950.0,5.5,Foredeep Basin,Low,Barishal
Patuakhali,710683,Barisal,2014,0,0,0,0,0,0,0,0,22.35,90.3,Foredeep Basin,200.0,Indian–Burma Plate Boundary,1950.0,5.5,Foredeep Basin,Low,Barishal
Patuakhali,346641,Barisal,2014,3,3,1,0,0,0,0,0,22.35,90.3,Foredeep Basin,200.0,Indian–Burma Plate Boundary,1950.0,5.5,Foredeep Basin,Low,Barishal
Pirojpur,496885,Barisal,2014,0,0,0,0,0,0,0,0,22.58,89.98,Foredeep Basin,180.0,Indian–Burma Plate Boundary,1950.0,5.5,Foredeep Basin,Low,Barishal
Pirojpur,551210,Barisal,2014,4,4,1,0,0,0,0,0,22.58,89.98,Foredeep Basin,180.0,Indian–Burma Plate Boundary,1950.0,5.5,Foredeep Basin,Low,Barishal
Bandarban,957759,Chittagong,2014,5,1,1,0,0,0,0,0,22.194,92.218,Indo‑Burma Fold Belt,25.0,Indian–Burma Plate Boundary,1762.0,8.0,Chittagong Hill Tracts Fold Belt,High,Chittagong
Bandarban,4823953,Chittagong,2014,8,4,4,2,0,0,0,0,22.194,92.218,Indo‑Burma Fold Belt,25.0,Indian–Burma Plate Boundary,1762.0,8.0,Chittagong Hill Tracts Fold Belt,High,Chittagong
Brahmanbaria,2963730,Chittagong,2014,5,3,1,0,0,0,0,0,23.96,91.11,Tripura Fold Belt,85.0,Indian–Burma Plate Boundary,1897.0,7.5,Tripura Thrust Zone,Medium,Chittagong
Brahmanbaria,5791841,Chittagong,2014,10,4,3,2,1,0,0,0,23.96,91.11,Tripura Fold Belt,85.0,Indian–Burma Plate Boundary,1897.0,7.5,Tripura Thrust Zone,Medium,Chittagong
Chandpur,791537,Chittagong,2014,8,4,4,0,0,0,0,0,23.23,90.65,Foredeep Basin,150.0,Indian–Burma Plate Boundary,1897.0,6.5,Surma Basin,Low,Chittagong
Chandpur,2663321,Chittagong,2014,4,1,0,0,0,0,0,0,23.23,90.65,Foredeep Basin,150.0,Indian–Burma Plate Boundary,1897.0,6.5,Surma Basin,Low,Chittagong
Chittagong,1931487,Chittagong,2014,3,1,1,0,0,0,0,0,22.3419,91.8155,Indo‑Burma Subduction Zone,25.0,Indian–Burma Plate Boundary,1762.0,8.5,Arakan–Burma Subduction,High,Chittagong
Chittagong,5586052,Chittagong,2014,5,3,2,2,0,0,0,0,22.3419,91.8155,Indo‑Burma Subduction Zone,25.0,Indian–Burma Plate Boundary,1762.0,8.5,Arakan–Burma Subduction,High,Chittagong
Comilla,876352,Chittagong,2014,8,4,2,1,0,0,0,0,23.45,91.1999,Tripura Fold Belt,80.0,Indian–Burma Plate Boundary,1897.0,7.5,Tripura Thrust Zone,Medium,Chittagong
Comilla,5653126,Chittagong,2014,7,4,1,1,0,0,0,0,23.45,91.1999,Tripura Fold Belt,80.0,Indian–Burma Plate Boundary,1897.0,7.5,Tripura Thrust Zone,Medium,Chittagong
Cox's Bazar,1538043,Chittagong,2014,9,4,4,2,0,0,0,0,21.4272,92.0058,Indo‑Burma Subduction Zone,15.0,Indian–Burma Plate Boundary,1762.0,8.5,Arakan Subduction,High,Chittagong
Cox's Bazar,4643688,Chittagong,2014,9,6,3,2,1,0,0,0,21.4272,92.0058,Indo‑Burma Subduction Zone,15.0,Indian–Burma Plate Boundary,1762.0,8.5,Arakan Subduction,High,Chittagong
Feni,2740273,Chittagong,2014,12,10,5,0,0,0,0,0,23.02,91.4,Tripura Fold Belt,90.0,Indian–Burma Plate Boundary,1897.0,7.5,Tripura Thrust Zone,Medium,Chittagong
Feni,3025663,Chittagong,2014,11,5,4,2,0,0,0,0,23.02,91.4,Tripura Fold Belt,90.0,Indian–Burma Plate Boundary,1897.0,7.5,Tripura Thrust Zone,Medium,Chittagong
Lakshmipur,1231942,Chittagong,2014,6,4,3,0,0,0,0,0,22.95,90.83,Tripura Fold Belt,100.0,Indian–Burma Plate Boundary,1897.0,7.5,Tripura Thrust Zone,Medium,Chittagong
Lakshmipur,5495734,Chittagong,2014,6,5,2,1,0,0,0,0,22.95,90.83,Tripura Fold Belt,100.0,Indian–Burma Plate Boundary,1897.0,7.5,Tripura Thrust Zone,Medium,Chittagong
Noakhali,2768234,Chittagong,2014,12,4,4,0,0,0,0,0,22.82,91.1,Tripura Fold Belt,90.0,Indian–Burma Plate Boundary,1897.0,7.5,Tripura Thrust Zone,Medium,Chittagong
Noakhali,5618821,Chittagong,2014,5,2,1,0,0,0,0,0,22.82,91.1,Tripura Fold Belt,90.0,Indian–Burma Plate Boundary,1897.0,7.5,Tripura Thrust Zone,Medium,Chittagong
Rangamati,2012074,Chittagong,2014,7,3,2,1,0,0,0,0,22.65,92.17,Indo‑Burma Fold Belt,50.0,Indian–Burma Plate Boundary,1762.0,7.0,Tripura Fold Belt,High,Chittagong
Rangamati,4165340,Chittagong,2014,4,3,3,1,0,0,0,0,22.65,92.17,Indo‑Burma Fold Belt,50.0,Indian–Burma Plate Boundary,1762.0,7.0,Tripura Fold Belt,High,Chittagong
Dhaka,1949727,Dhaka,2014,3,0,0,0,0,0,0,0,23.8103,90.4125,Madhupur Fault Zone,100.0,Indian–Burma Plate Boundary,1885.0,7.2,Madhupur Fault,Medium,Dhaka
Dhaka,11901394,Dhaka,2014,3,2,0,0,0,0,0,0,23.8103,90.4125,Madhupur Fault Zone,100.0,Indian–Burma Plate Boundary,1885.0,7.2,Madhupur Fault,Medium,Dhaka
Faridpur,1317414,Dhaka,2014,5,2,1,0,0,0,0,0,23.607,89.8429,Foredeep Basin,160.0,Indian–Burma Plate Boundary,1885.0,6.0,Foredeep Basin,Low,Dhaka
Faridpur,9881696,Dhaka,2014,1,1,0,0,0,0,0,0,23.607,89.8429,Foredeep Basin,160.0,Indian–Burma Plate Boundary,1885.0,6.0,Foredeep Basin,Low,Dhaka
Gazipur,1749395,Dhaka,2014,6,4,2,0,0,0,0,0,24.0,90.4167,Madhupur Fault Zone,95.0,Indian–Burma Plate Boundary,1885.0,7.2,Madhupur Fault,Medium,Dhaka
Gazipur,8427519,Dhaka,2014,2,1,1,1,0,0,0,0,24.0,90.4167,Madhupur Fault Zone,95.0,Indian–Burma Plate Boundary,1885.0,7.2,Madhupur Fault,Medium,Dhaka
Gopalganj,1340421,Dhaka,2014,4,4,1,1,0,0,0,0,23.02,89.83,Foredeep Basin,170.0,Indian–Burma Plate Boundary,1885.0,6.0,Foredeep Basin,Low,Dhaka
Gopalganj,7069890,Dhaka,2014,2,2,0,0,0,0,0,0,23.02,89.83,Foredeep Basin,170.0,Indian–Burma Plate Boundary,1885.0,6.0,Foredeep Basin,Low,Dhaka
Kishoreganj,1385286,Dhaka,2014,2,1,1,0,0,0,0,0,24.44,90.77,Madhupur Fault Zone,100.0,Indian–Burma Plate Boundary,1885.0,7.2,Madhupur Fault,Medium,Dhaka
Madaripur,521720,Dhaka,2014,6,4,2,1,0,0,0,0,23.17,90.19,Foredeep Basin,150.0,Indian–Burma Plate Boundary,1885.0,6.0,Foredeep Basin,Low,Dhaka
Madaripur,7186407,Dhaka,2014,4,3,2,0,0,0,0,0,23.17,90.19,Foredeep Basin,150.0,Indian–Burma Plate Boundary,1885.0,6.0,Foredeep Basin,Low,Dhaka
Manikganj,2280511,Dhaka,2014,1,1,0,0,0,0,0,0,23.86,90.0,Madhupur Fault Zone,90.0,Indian–Burma Plate Boundary,1885.0,7.2,Madhupur Fault,Medium,Dhaka
Manikganj,9997732,Dhaka,2014,4,3,3,0,0,0,0,0,23.86,90.0,Madhupur Fault Zone,90.0,Indian–Burma Plate Boundary,1885.0,7.2,Madhupur Fault,Medium,Dhaka
Munshiganj,1922471,Dhaka,2014,4,2,1,0,0,0,0,0,23.54,90.53,Foredeep Basin,130.0,Indian–Burma Plate Boundary,1885.0,6.0,Foredeep Basin,Low,Dhaka
Munshiganj,11702315,Dhaka,2014,2,1,0,0,0,0,0,0,23.54,90.53,Foredeep Basin,130.0,Indian–Burma Plate Boundary,1885.0,6.0,Foredeep Basin,Low,Dhaka
Narayanganj,439271,Dhaka,2014,4,4,0,0,0,0,0,0,23.6226,90.501,Madhupur Fault Zone,110.0,Indian–Burma Plate Boundary,1885.0,7.2,Madhupur Fault,Medium,Dhaka
Narayanganj,11095523,Dhaka,2014,3,1,1,0,0,0,0,0,23.6226,90.501,Madhupur Fault Zone,110.0,Indian–Burma Plate Boundary,1885.0,7.2,Madhupur Fault,Medium,Dhaka
Narsingdi,2508822,Dhaka,2014,3,2,2,1,0,0,0,0,23.9207,90.7188,Madhupur Fault Zone,110.0,Indian–Burma Plate Boundary,1885.0,7.2,Madhupur Fault,Medium,Dhaka
Narsingdi,11136220,Dhaka,2014,5,4,2,2,0,0,0,0,23.9207,90.7188,Madhupur Fault Zone,110.0,Indian–Burma Plate Boundary,1885.0,7.2,Madhupur Fault,Medium,Dhaka
Rajbari,922680,Dhaka,2014,5,3,1,1,0,0,0,0,23.72,89.65,Foredeep Basin,180.0,Indian–Burma Plate Boundary,1885.0,6.0,Foredeep Basin,Low,Dhaka
Rajbari,11554520,Dhaka,2014,5,4,1,0,0,0,0,0,23.72,89.65,Foredeep Basin,180.0,Indian–Burma Plate Boundary,1885.0,6.0,Foredeep Basin,Low,Dhaka
Shariatpur,1762837,Dhaka,2014,2,2,2,0,0,0,0,0,23.22,90.35,Foredeep Basin,150.0,Indian–Burma Plate Boundary,1885.0,6.0,Foredeep Basin,Low,Dhaka
Shariatpur,10422408,Dhaka,2014,2,0,0,0,0,0,0,0,23.22,90.35,Foredeep Basin,150.0,Indian–Burma Plate Boundary,1885.0,6.0,Foredeep Basin,Low,Dhaka
Tangail,1886121,Dhaka,2014,3,2,0,0,0,0,0,0,24.25,89.9167,Madhupur Fault Zone,90.0,Indian–Burma Plate Boundary,1885.0,7.2,Madhupur Fault,Medium,Dhaka
Tangail,7402763,Dhaka,2014,3,2,2,0,0,0,0,0,24.25,89.9167,Madhupur Fault Zone,90.0,Indian–Burma Plate Boundary,1885.0,7.2,Madhupur Fault,Medium,Dhaka
Bagerhat,1119169,Khulna,2014,1,0,0,0,0,0,0,0,22.65,89.7667,Stable Platform Zone,230.0,Indian–Burma Plate Boundary,1950.0,6.0,Bogra Fault,Low,Khulna
Bagerhat,732410,Khulna,2014,0,0,0,0,0,0,0,0,22.65,89.7667,Stable Platform Zone,230.0,Indian–Burma Plate Boundary,1950.0,6.0,Bogra Fault,Low,Khulna
Chuadanga,753298,Khulna,2014,5,3,3,0,0,0,0,0,23.63,88.83,Stable Platform Zone,180.0,Indian–Burma Plate Boundary,1950.0,6.0,Stable Platform,Low,Khulna
Chuadanga,1677919,Khulna,2014,1,1,1,0,0,0,0,0,23.63,88.83,Stable Platform Zone,180.0,Indian–Burma Plate Boundary,1950.0,6.0,Stable Platform,Low,Khulna
Jessore,2865251,Khulna,2014,1,1,1,0,0,0,0,0,23.1707,89.2124,Stable Platform Zone,210.0,Indian–Burma Plate Boundary,1950.0,6.0,Stable Platform,Low,Khulna
Jessore,912634,Khulna,2014,2,2,1,0,0,0,0,0,23.1707,89.2124,Stable Platform Zone,210.0,Indian–Burma Plate Boundary,1950.0,6.0,Stable Platform,Low,Khulna
Jhenaidah,1931491,Khulna,2014,2,2,0,0,0,0,0,0,23.55,89.15,Stable Platform Zone,200.0,Indian–Burma Plate Boundary,1950.0,6.0,Stable Platform,Low,Khulna
Jhenaidah,1135529,Khulna,2014,2,1,0,0,0,0,0,0,23.55,89.15,Stable Platform Zone,200.0,Indian–Burma Plate Boundary,1950.0,6.0,Stable Platform,Low,Khulna
Khulna,539485,Khulna,2014,3,1,1,0,0,0,0,0,22.8167,89.55,Stable Platform Zone,220.0,Indian–Burma Plate Boundary,1950.0,6.0,Bogra Fault,Low,Khulna
Khulna,1524419,Khulna,2014,2,1,1,0,0,0,0,0,22.8167,89.55,Stable Platform Zone,220.0,Indian–Burma Plate Boundary,1950.0,6.0,Bogra Fault,Low,Khulna
Kushtia,961461,Khulna,2014,4,1,1,0,0,0,0,0,23.9,89.12,Stable Platform Zone,170.0,Indian–Burma Plate Boundary,1950.0,6.0,Stable Platform,Low,Khulna
Kushtia,853622,Khulna,2014,2,1,0,0,0,0,0,0,23.9,89.12,Stable Platform Zone,170.0,Indian–Burma Plate Boundary,1950.0,6.0,Stable Platform,Low,Khulna
Magura,1916599,Khulna,2014,4,3,1,0,0,0,0,0,23.49,89.42,Stable Platform Zone,200.0,Indian–Burma Plate Boundary,1950.0,6.0,Stable Platform,Low,Khulna
Magura,808841,Khulna,2014,4,2,0,0,0,0,0,0,23.49,89.42,Stable Platform Zone,200.0,Indian–Burma Plate Boundary,1950.0,6.0,Stable Platform,Low,Khulna
Meherpur,688010,Khulna,2014,2,1,1,0,0,0,0,0,23.77,88.63,Stable Platform Zone,200.0,Indian–Burma Plate Boundary,1950.0,6.0,Stable Platform,Low,Khulna
Meherpur,753538,Khulna,2014,4,3,1,0,0,0,0,0,23.77,88.63,Stable Platform Zone,200.0,Indian–Burma Plate Boundary,1950.0,6.0,Stable Platform,Low,Khulna
Narail,1499069,Khulna,2014,3,3,0,0,0,0,0,0,23.18,89.5,Stable Platform Zone,190.0,Indian–Burma Plate Boundary,1950.0,6.0,Stable Platform,Low,Khulna
Narail,1684997,Khulna,2014,4,4,2,0,0,0,0,0,23.18,89.5,Stable Platform Zone,190.0,Indian–Burma Plate Boundary,1950.0,6.0,Stable Platform,Low,Khulna
Satkhira,1773349,Khulna,2014,3,3,1,0,0,0,0,0,22.7234,89.0751,Stable Platform Zone,250.0,Indian–Burma Plate Boundary,1950.0,6.0,Stable Platform,Low,Khulna
Satkhira,664563,Khulna,2014,6,5,1,1,0,0,0,0,22.7234,89.0751,Stable Platform Zone,250.0,Indian–Burma Plate Boundary,1950.0,6.0,Stable Platform,Low,Khulna
Jamalpur,843136,Mymensingh,2014,0,0,0,0,0,0,0,0,24.923,89.9501,Madhupur Fault Zone,100.0,Indian–Burma Plate Boundary,1897.0,7.5,Madhupur Fault,Medium,Mymensingh
Mymensingh,2927890,Mymensingh,2014,3,1,1,0,0,0,0,0,24.7434,90.3984,Madhupur Fault Zone,80.0,Indian–Burma Plate Boundary,1897.0,7.5,Madhupur Fault,Medium,Mymensingh
Mymensingh,925866,Mymensingh,2014,2,1,1,0,0,0,0,0,24.7434,90.3984,Madhupur Fault Zone,80.0,Indian–Burma Plate Boundary,1897.0,7.5,Madhupur Fault,Medium,Mymensingh
Sherpur,2017249,Mymensingh,2014,7,3,3,1,0,0,0,0,25.0188,90.0175,Madhupur Fault Zone,95.0,Indian–Burma Plate Boundary,1897.0,7.5,Madhupur Fault,Medium,Mymensingh
Bogra,2552356,Rajshahi,2014,5,1,1,0,0,0,0,0,24.849,89.3677,Stable Platform Zone,140.0,Indian–Burma Plate Boundary,1950.0,6.0,Bogra Fault,Low,Rajshahi
Bogra,466589,Rajshahi,2014,5,4,3,0,0,0,0,0,24.849,89.3677,Stable Platform Zone,140.0,Indian–Burma Plate Boundary,1950.0,6.0,Bogra Fault,Low,Rajshahi
Joypurhat,2700881,Rajshahi,2014,1,1,1,1,0,0,0,0,25.1,89.02,Stable Platform Zone,160.0,Indian–Burma Plate Boundary,1950.0,6.0,Stable Platform,Low,Rajshahi
Joypurhat,1042009,Rajshahi,2014,3,2,0,0,0,0,0,0,25.1,89.02,Stable Platform Zone,160.0,Indian–Burma Plate Boundary,1950.0,6.0,Stable Platform,Low,Rajshahi
Naogaon,1011074,Rajshahi,2014,2,1,1,0,0,0,0,0,24.81,88.94,Stable Platform Zone,190.0,Indian–Burma Plate Boundary,1950.0,6.0,Bogra Fault,Low,Rajshahi
Naogaon,629346,Rajshahi,2014,6,2,2,1,0,0,0,0,24.81,88.94,Stable Platform Zone,190.0,Indian–Burma Plate Boundary,1950.0,6.0,Bogra Fault,Low,Rajshahi
Natore,757146,Rajshahi,2014,8,6,3,1,1,0,0,0,24.42,89.0,Stable Platform Zone,190.0,Indian–Burma Plate Boundary,1950.0,6.0,Bogra Fault,Low,Rajshahi
Natore,956168,Rajshahi,2014,5,2,1,1,0,0,0,0,24.42,89.0,Stable Platform Zone,190.0,Indian–Burma Plate Boundary,1950.0,6.0,Bogra Fault,Low,Rajshahi
Pabna,855369,Rajshahi,2014,2,1,1,0,0,0,0,0,24.0064,89.2493,Stable Platform Zone,160.0,Indian–Burma Plate Boundary,1950.0,6.0,Stable Platform,Low,Rajshahi
Pabna,516047,Rajshahi,2014,2,1,0,0,0,0,0,0,24.0064,89.2493,Stable Platform Zone,160.0,Indian–Burma Plate Boundary,1950.0,6.0,Stable Platform,Low,Rajshahi
Rajshahi,1835881,Rajshahi,2014,3,1,1,0,0,0,0,0,24.3745,88.6042,Stable Platform Zone,200.0,Indian–Burma Plate Boundary,1950.0,6.0,Bogra Fault,Low,Rajshahi
Rajshahi,425044,Rajshahi,2014,3,3,1,0,0,0,0,0,24.3745,88.6042,Stable Platform Zone,200.0,Indian–Burma Plate Boundary,1950.0,6.0,Bogra Fault,Low,Rajshahi
Sirajganj,2292890,Rajshahi,2014,1,1,0,0,0,0,0,0,24.45,89.71,Stable Platform Zone,150.0,Indian–Burma Plate Boundary,1950.0,6.0,Stable Platform,Low,Rajshahi
Sirajganj,755709,Rajshahi,2014,0,0,0,0,0,0,0,0,24.45,89.71,Stable Platform Zone,150.0,Indian–Burma Plate Boundary,1950.0,6.0,Stable Platform,Low,Rajshahi
Dinajpur,632026,Rangpur,2014,1,0,0,0,0,0,0,0,25.625,88.65,Stable Platform Zone,120.0,Indian–Burma Plate Boundary,1950.0,6.5,Himalayan Frontal Zone,Medium,Rangpur
Dinajpur,167903,Rangpur,2014,9,5,4,0,0,0,0,0,25.625,88.65,Stable Platform Zone,120.0,Indian–Burma Plate Boundary,1950.0,6.5,Himalayan Frontal Zone,Medium,Rangpur
Gaibandha,2463166,Rangpur,2014,2,2,1,1,0,0,0,0,25.33,89.55,Stable Platform Zone,130.0,Indian–Eurasian Plate Boundary,1950.0,6.5,Bogra Fault,Medium,Rangpur
Gaibandha,764044,Rangpur,2014,5,4,2,2,0,0,0,0,25.33,89.55,Stable Platform Zone,130.0,Indian–Eurasian Plate Boundary,1950.0,6.5,Bogra Fault,Medium,Rangpur
Kurigram,2689649,Rangpur,2014,3,2,1,0,0,0,0,0,25.81,89.65,Himalayan Frontal Zone,110.0,Indian–Eurasian Plate Boundary,1950.0,8.6,Assam Fault Belt,High,Rangpur
Kurigram,337648,Rangpur,2014,6,3,0,0,0,0,0,0,25.81,89.65,Himalayan Frontal Zone,110.0,Indian–Eurasian Plate Boundary,1950.0,8.6,Assam Fault Belt,High,Rangpur
Lalmonirhat,2682518,Rangpur,2014,4,3,1,0,0,0,0,0,25.92,89.45,Himalayan Frontal Zone,100.0,Indian–Eurasian Plate Boundary,1950.0,8.6,Assam Fault Belt,High,Rangpur
Lalmonirhat,886244,Rangpur,2014,4,3,2,0,0,0,0,0,25.92,89.45,Himalayan Frontal Zone,100.0,Indian–Eurasian Plate Boundary,1950.0,8.6,Assam Fault Belt,High,Rangpur
Nilphamari,2377269,Rangpur,2014,4,2,2,0,0,0,0,0,25.95,88.85,Himalayan Frontal Zone,110.0,Indian–Eurasian Plate Boundary,1950.0,8.6,Assam Fault Belt,High,Rangpur
Nilphamari,126969,Rangpur,2014,3,2,1,1,0,0,0,0,25.95,88.85,Himalayan Frontal Zone,110.0,Indian–Eurasian Plate Boundary,1950.0,8.6,Assam Fault Belt,High,Rangpur
Panchagarh,2141668,Rangpur,2014,1,1,0,0,0,0,0,0,26.33,88.56,Himalayan Frontal Zone,90.0,Indian–Eurasian Plate Boundary,1950.0,8.6,Assam Fault Belt,High,Rangpur
Panchagarh,992378,Rangpur,2014,3,1,0,0,0,0,0,0,26.33,88.56,Himalayan Frontal Zone,90.0,Indian–Eurasian Plate Boundary,1950.0,8.6,Assam Fault Belt,High,Rangpur
Rangpur,821270,Rangpur,2014,5,3,2,0,0,0,0,0,25.7449,89.2756,Stable Platform Zone,130.0,Indian–Burma Plate Boundary,1950.0,6.5,Himalayan Frontal Zone,Medium,Rangpur
Rangpur,491217,Rangpur,2014,4,3,0,0,0,0,0,0,25.7449,89.2756,Stable Platform Zone,130.0,Indian–Burma Plate Boundary,1950.0,6.5,Himalayan Frontal Zone,Medium,Rangpur
Thakurgaon,2250525,Rangpur,2014,4,3,2,1,1,0,0,0,26.02,88.46,Himalayan Frontal Zone,100.0,Indian–Eurasian Plate Boundary,1950.0,8.6,Assam Fault Belt,High,Rangpur
Thakurgaon,780286,Rangpur,2014,8,5,3,3,0,0,0,0,26.02,88.46,Himalayan Frontal Zone,100.0,Indian–Eurasian Plate Boundary,1950.0,8.6,Assam Fault Belt,High,Rangpur
Habiganj,835230,Sylhet,2014,7,2,2,2,0,0,0,0,24.38,91.42,Tripura Fold Belt,80.0,Indian–Burma Plate Boundary,1918.0,7.0,Tripura Thrust Zone,Medium,Sylhet
Habiganj,574793,Sylhet,2014,11,8,4,2,1,0,0,0,24.38,91.42,Tripura Fold Belt,80.0,Indian–Burma Plate Boundary,1918.0,7.0,Tripura Thrust Zone,Medium,Sylhet
Moulvibazar,1030008,Sylhet,2014,10,4,4,1,0,0,0,0,24.48,91.77,Dauki Fault Zone,35.0,Indian–Burma Plate Boundary,1918.0,7.5,Dauki Fault,High,Sylhet
Moulvibazar,448058,Sylhet,2014,5,4,3,3,0,0,0,0,24.48,91.77,Dauki Fault Zone,35.0,Indian–Burma Plate Boundary,1918.0,7.5,Dauki Fault,High,Sylhet
Sunamganj,632910,Sylhet,2014,4,2,0,0,0,0,0,0,25.07,91.4,Dauki Fault Zone,45.0,Indian–Burma Plate Boundary,1918.0,7.5,Dauki Fault,High,Sylhet
Sunamganj,348167,Sylhet,2014,11,7,6,1,1,0,0,0,25.07,91.4,Dauki Fault Zone,45.0,Indian–Burma Plate Boundary,1918.0,7.5,Dauki Fault,High,Sylhet
Sylhet,1365132,Sylhet,2014,8,5,5,2,2,0,0,0,24.899,91.872,Dauki Fault Zone,30.0,Indian–Burma Plate Boundary,1918.0,7.5,Dauki Fault,High,Sylhet
Sylhet,491966,Sylhet,2014,2,1,1,0,0,0,0,0,24.899,91.872,Dauki Fault Zone,30.0,Indian–Burma Plate Boundary,1918.0,7.5,Dauki Fault,High,Sylhet
Barguna,1941711,Barisal,2015,2,0,0,0,0,0,0,0,22.15,90.13,Foredeep Basin,210.0,Indian–Burma Plate Boundary,1950.0,5.5,Foredeep Basin,Low,Barishal
Barguna,712066,Barisal,2015,1,0,0,0,0,0,0,0,22.15,90.13,Foredeep Basin,210.0,Indian–Burma Plate Boundary,1950.0,5.5,Foredeep Basin,Low,Barishal
Barishal,1600191,Barisal,2015,2,2,0,0,0,0,0,0,22.7,90.37,Foredeep Basin,180.0,Indian–Burma Plate Boundary,1950.0,5.5,Foredeep Basin,Low,Barishal
Barishal,212335,Barisal,2015,4,3,0,0,0,0,0,0,22.7,90.37,Foredeep Basin,180.0,Indian–Burma Plate Boundary,1950.0,5.5,Foredeep Basin,Low,Barishal
Bhola,1275269,Barisal,2015,2,1,1,1,0,0,0,0,22.69,90.65,Foredeep Basin,190.0,Indian–Burma Plate Boundary,1950.0,5.5,Foredeep Basin,Low,Barishal
Bhola,985148,Barisal,2015,2,0,0,0,0,0,0,0,22.69,90.65,Foredeep Basin,190.0,Indian–Burma Plate Boundary,1950.0,5.5,Foredeep Basin,Low,Barishal
Patuakhali,790961,Barisal,2015,2,0,0,0,0,0,0,0,22.35,90.3,Foredeep Basin,200.0,Indian–Burma Plate Boundary,1950.0,5.5,Foredeep Basin,Low,Barishal
Patuakhali,542722,Barisal,2015,3,2,0,0,0,0,0,0,22.35,90.3,Foredeep Basin,200.0,Indian–Burma Plate Boundary,1950.0,5.5,Foredeep Basin,Low,Barishal
Pirojpur,1433392,Barisal,2015,0,0,0,0,0,0,0,0,22.58,89.98,Foredeep Basin,180.0,Indian–Burma Plate Boundary,1950.0,5.5,Foredeep Basin,Low,Barishal
Pirojpur,664500,Barisal,2015,1,1,0,0,0,0,0,0,22.58,89.98,Foredeep Basin,180.0,Indian–Burma Plate Boundary,1950.0,5.5,Foredeep Basin,Low,Barishal
Bandarban,1779166,Chittagong,2015,7,4,2,0,0,0,0,0,22.194,92.218,Indo‑Burma Fold Belt,25.0,Indian–Burma Plate Boundary,1762.0,8.0,Chittagong Hill Tracts Fold Belt,High,Chittagong
Bandarban,3966560,Chittagong,2015,9,5,1,1,0,0,0,0,22.194,92.218,Indo‑Burma Fold Belt,25.0,Indian–Burma Plate Boundary,1762.0,8.0,Chittagong Hill Tracts Fold Belt,High,Chittagong
Brahmanbaria,2757453,Chittagong,2015,8,5,1,1,1,0,0,0,23.96,91.11,Tripura Fold Belt,85.0,Indian–Burma Plate Boundary,1897.0,7.5,Tripura Thrust Zone,Medium,Chittagong
Brahmanbaria,2741691,Chittagong,2015,8,6,3,2,0,0,0,0,23.96,91.11,Tripura Fold Belt,85.0,Indian–Burma Plate Boundary,1897.0,7.5,Tripura Thrust Zone,Medium,Chittagong
Chandpur,1170804,Chittagong,2015,5,5,1,0,0,0,0,0,23.23,90.65,Foredeep Basin,150.0,Indian–Burma Plate Boundary,1897.0,6.5,Surma Basin,Low,Chittagong
Chandpur,5198603,Chittagong,2015,7,4,1,1,0,0,0,0,23.23,90.65,Foredeep Basin,150.0,Indian–Burma Plate Boundary,1897.0,6.5,Surma Basin,Low,Chittagong
Chittagong,526043,Chittagong,2015,15,8,7,2,0,0,0,0,22.3419,91.8155,Indo‑Burma Subduction Zone,25.0,Indian–Burma Plate Boundary,1762.0,8.5,Arakan–Burma Subduction,High,Chittagong
Chittagong,2403306,Chittagong,2015,3,1,1,1,0,0,0,0,22.3419,91.8155,Indo‑Burma Subduction Zone,25.0,Indian–Burma Plate Boundary,1762.0,8.5,Arakan–Burma Subduction,High,Chittagong
Comilla,568182,Chittagong,2015,9,6,2,2,0,0,0,0,23.45,91.1999,Tripura Fold Belt,80.0,Indian–Burma Plate Boundary,1897.0,7.5,Tripura Thrust Zone,Medium,Chittagong
Comilla,2007338,Chittagong,2015,7,4,3,0,0,0,0,0,23.45,91.1999,Tripura Fold Belt,80.0,Indian–Burma Plate Boundary,1897.0,7.5,Tripura Thrust Zone,Medium,Chittagong
Cox's Bazar,2484167,Chittagong,2015,2,1,1,0,0,0,0,0,21.4272,92.0058,Indo‑Burma Subduction Zone,15.0,Indian–Burma Plate Boundary,1762.0,8.5,Arakan Subduction,High,Chittagong
Cox's Bazar,3522294,Chittagong,2015,9,6,5,2,2,2,0,0,21.4272,92.0058,Indo‑Burma Subduction Zone,15.0,Indian–Burma Plate Boundary,1762.0,8.5,Arakan Subduction,High,Chittagong
Feni,2613490,Chittagong,2015,4,0,0,0,0,0,0,0,23.02,91.4,Tripura Fold Belt,90.0,Indian–Burma Plate Boundary,1897.0,7.5,Tripura Thrust Zone,Medium,Chittagong
Feni,3884593,Chittagong,2015,9,2,2,0,0,0,0,0,23.02,91.4,Tripura Fold Belt,90.0,Indian–Burma Plate Boundary,1897.0,7.5,Tripura Thrust Zone,Medium,Chittagong
Lakshmipur,928923,Chittagong,2015,9,4,4,1,1,0,0,0,22.95,90.83,Tripura Fold Belt,100.0,Indian–Burma Plate Boundary,1897.0,7.5,Tripura Thrust Zone,Medium,Chittagong
Lakshmipur,3499412,Chittagong,2015,8,6,3,2,0,0,0,0,22.95,90.83,Tripura Fold Belt,100.0,Indian–Burma Plate Boundary,1897.0,7.5,Tripura Thrust Zone,Medium,Chittagong
Noakhali,2579811,Chittagong,2015,5,4,1,0,0,0,0,0,22.82,91.1,Tripura Fold Belt,90.0,Indian–Burma Plate Boundary,1897.0,7.5,Tripura Thrust Zone,Medium,Chittagong
Noakhali,5275143,Chittagong,2015,9,3,2,0,0,0,0,0,22.82,91.1,Tripura Fold Belt,90.0,Indian–Burma Plate Boundary,1897.0,7.5,Tripura Thrust Zone,Medium,Chittagong
Rangamati,2634657,Chittagong,2015,6,5,2,2,0,0,0,0,22.65,92.17,Indo‑Burma Fold Belt,50.0,Indian–Burma Plate Boundary,1762.0,7.0,Tripura Fold Belt,High,Chittagong
Rangamati,5087181,Chittagong,2015,9,5,3,1,1,0,0,0,22.65,92.17,Indo‑Burma Fold Belt,50.0,Indian–Burma Plate Boundary,1762.0,7.0,Tripura Fold Belt,High,Chittagong
Dhaka,2550918,Dhaka,2015,3,3,1,1,0,0,0,0,23.8103,90.4125,Madhupur Fault Zone,100.0,Indian–Burma Plate Boundary,1885.0,7.2,Madhupur Fault,Medium,Dhaka
Dhaka,11566727,Dhaka,2015,3,2,1,0,0,0,0,0,23.8103,90.4125,Madhupur Fault Zone,100.0,Indian–Burma Plate Boundary,1885.0,7.2,Madhupur Fault,Medium,Dhaka
Faridpur,1049857,Dhaka,2015,3,3,1,1,0,0,0,0,23.607,89.8429,Foredeep Basin,160.0,Indian–Burma Plate Boundary,1885.0,6.0,Foredeep Basin,Low,Dhaka
Faridpur,10448192,Dhaka,2015,5,3,2,0,0,0,0,0,23.607,89.8429,Foredeep Basin,160.0,Indian–Burma Plate Boundary,1885.0,6.0,Foredeep Basin,Low,Dhaka
Gazipur,2578026,Dhaka,2015,4,4,0,0,0,0,0,0,24.0,90.4167,Madhupur Fault Zone,95.0,Indian–Burma Plate Boundary,1885.0,7.2,Madhupur Fault,Medium,Dhaka
Gazipur,10514911,Dhaka,2015,4,2,1,0,0,0,0,0,24.0,90.4167,Madhupur Fault Zone,95.0,Indian–Burma Plate Boundary,1885.0,7.2,Madhupur Fault,Medium,Dhaka
Gopalganj,2550532,Dhaka,2015,3,1,1,0,0,0,0,0,23.02,89.83,Foredeep Basin,170.0,Indian–Burma Plate Boundary,1885.0,6.0,Foredeep Basin,Low,Dhaka
Gopalganj,9107429,Dhaka,2015,7,4,1,0,0,0,0,0,23.02,89.83,Foredeep Basin,170.0,Indian–Burma Plate Boundary,1885.0,6.0,Foredeep Basin,Low,Dhaka
Kishoreganj,889112,Dhaka,2015,3,0,0,0,0,0,0,0,24.44,90.77,Madhupur Fault Zone,100.0,Indian–Burma Plate Boundary,1885.0,7.2,Madhupur Fault,Medium,Dhaka
Madaripur,1191023,Dhaka,2015,1,1,1,0,0,0,0,0,23.17,90.19,Foredeep Basin,150.0,Indian–Burma Plate Boundary,1885.0,6.0,Foredeep Basin,Low,Dhaka
Madaripur,5174745,Dhaka,2015,6,4,4,0,0,0,0,0,23.17,90.19,Foredeep Basin,150.0,Indian–Burma Plate Boundary,1885.0,6.0,Foredeep Basin,Low,Dhaka
Manikganj,1903898,Dhaka,2015,6,2,2,1,0,0,0,0,23.86,90.0,Madhupur Fault Zone,90.0,Indian–Burma Plate Boundary,1885.0,7.2,Madhupur Fault,Medium,Dhaka
Manikganj,6493241,Dhaka,2015,2,1,1,1,1,0,0,0,23.86,90.0,Madhupur Fault Zone,90.0,Indian–Burma Plate Boundary,1885.0,7.2,Madhupur Fault,Medium,Dhaka
Munshiganj,2166893,Dhaka,2015,2,1,1,0,0,0,0,0,23.54,90.53,Foredeep Basin,130.0,Indian–Burma Plate Boundary,1885.0,6.0,Foredeep Basin,Low,Dhaka
Munshiganj,9017045,Dhaka,2015,7,3,3,2,0,0,0,0,23.54,90.53,Foredeep Basin,130.0,Indian–Burma Plate Boundary,1885.0,6.0,Foredeep Basin,Low,Dhaka
Narayanganj,2175094,Dhaka,2015,5,4,2,0,0,0,0,0,23.6226,90.501,Madhupur Fault Zone,110.0,Indian–Burma Plate Boundary,1885.0,7.2,Madhupur Fault,Medium,Dhaka
Narayanganj,10628946,Dhaka,2015,6,5,3,0,0,0,0,0,23.6226,90.501,Madhupur Fault Zone,110.0,Indian–Burma Plate Boundary,1885.0,7.2,Madhupur Fault,Medium,Dhaka
Narsingdi,1903674,Dhaka,2015,3,2,1,1,0,0,0,0,23.9207,90.7188,Madhupur Fault Zone,110.0,Indian–Burma Plate Boundary,1885.0,7.2,Madhupur Fault,Medium,Dhaka
Narsingdi,5183299,Dhaka,2015,2,1,1,1,0,0,0,0,23.9207,90.7188,Madhupur Fault Zone,110.0,Indian–Burma Plate Boundary,1885.0,7.2,Madhupur Fault,Medium,Dhaka
Rajbari,468081,Dhaka,2015,0,0,0,0,0,0,0,0,23.72,89.65,Foredeep Basin,180.0,Indian–Burma Plate Boundary,1885.0,6.0,Foredeep Basin,Low,Dhaka
Rajbari,9951258,Dhaka,2015,4,3,2,2,0,0,0,0,23.72,89.65,Foredeep Basin,180.0,Indian–Burma Plate Boundary,1885.0,6.0,Foredeep Basin,Low,Dhaka
Shariatpur,1321530,Dhaka,2015,4,3,0,0,0,0,0,0,23.22,90.35,Foredeep Basin,150.0,Indian–Burma Plate Boundary,1885.0,6.0,Foredeep Basin,Low,Dhaka
Shariatpur,5522606,Dhaka,2015,3,2,1,0,0,0,0,0,23.22,90.35,Foredeep Basin,150.0,Indian–Burma Plate Boundary,1885.0,6.0,Foredeep Basin,Low,Dhaka
Tangail,1868855,Dhaka,2015,6,4,1,1,1,0,0,0,24.25,89.9167,Madhupur Fault Zone,90.0,Indian–Burma Plate Boundary,1885.0,7.2,Madhupur Fault,Medium,Dhaka
Tangail,10867167,Dhaka,2015,4,4,2,2,0,0,0,0,24.25,89.9167,Madhupur Fault Zone,90.0,Indian–Burma Plate Boundary,1885.0,7.2,Madhupur Fault,Medium,Dhaka
Bagerhat,429412,Khulna,2015,1,1,0,0,0,0,0,0,22.65,89.7667,Stable Platform Zone,230.0,Indian–Burma Plate Boundary,1950.0,6.0,Bogra Fault,Low,Khulna
Bagerhat,1409718,Khulna,2015,3,2,2,2,0,0,0,0,22.65,89.7667,Stable Platform Zone,230.0,Indian–Burma Plate Boundary,1950.0,6.0,Bogra Fault,Low,Khulna
Chuadanga,1985861,Khulna,2015,5,4,1,1,0,0,0,0,23.63,88.83,Stable Platform Zone,180.0,Indian–Burma Plate Boundary,1950.0,6.0,Stable Platform,Low,Khulna
Chuadanga,793530,Khulna,2015,1,0,0,0,0,0,0,0,23.63,88.83,Stable Platform Zone,180.0,Indian–Burma Plate Boundary,1950.0,6.0,Stable Platform,Low,Khulna
Jessore,2696280,Khulna,2015,0,0,0,0,0,0,0,0,23.1707,89.2124,Stable Platform Zone,210.0,Indian–Burma Plate Boundary,1950.0,6.0,Stable Platform,Low,Khulna
Jessore,809194,Khulna,2015,3,1,1,0,0,0,0,0,23.1707,89.2124,Stable Platform Zone,210.0,Indian–Burma Plate Boundary,1950.0,6.0,Stable Platform,Low,Khulna
Jhenaidah,2043315,Khulna,2015,2,1,0,0,0,0,0,0,23.55,89.15,Stable Platform Zone,200.0,Indian–Burma Plate Boundary,1950.0,6.0,Stable Platform,Low,Khulna
Jhenaidah,1074109,Khulna,2015,3,2,1,0,0,0,0,0,23.55,89.15,Stable Platform Zone,200.0,Indian–Burma Plate Boundary,1950.0,6.0,Stable Platform,Low,Khulna
Khulna,1860141,Khulna,2015,2,1,0,0,0,0,0,0,22.8167,89.55,Stable Platform Zone,220.0,Indian–Burma Plate Boundary,1950.0,6.0,Bogra Fault,Low,Khulna
Khulna,919392,Khulna,2015,3,1,1,0,0,0,0,0,22.8167,89.55,Stable Platform Zone,220.0,Indian–Burma Plate Boundary,1950.0,6.0,Bogra Fault,Low,Khulna
Kushtia,1120994,Khulna,2015,1,1,0,0,0,0,0,0,23.9,89.12,Stable Platform Zone,170.0,Indian–Burma Plate Boundary,1950.0,6.0,Stable Platform,Low,Khulna
Kushtia,1553147,Khulna,2015,7,4,0,0,0,0,0,0,23.9,89.12,Stable Platform Zone,170.0,Indian–Burma Plate Boundary,1950.0,6.0,Stable Platform,Low,Khulna
Magura,1914279,Khulna,2015,1,0,0,0,0,0,0,0,23.49,89.42,Stable Platform Zone,200.0,Indian–Burma Plate Boundary,1950.0,6.0,Stable Platform,Low,Khulna
Magura,694864,Khulna,2015,6,2,2,1,0,0,0,0,23.49,89.42,Stable Platform Zone,200.0,Indian–Burma Plate Boundary,1950.0,6.0,Stable Platform,Low,Khulna
Meherpur,825051,Khulna,2015,3,2,1,0,0,0,0,0,23.77,88.63,Stable Platform Zone,200.0,Indian–Burma Plate Boundary,1950.0,6.0,Stable Platform,Low,Khulna
Meherpur,1662989,Khulna,2015,1,1,0,0,0,0,0,0,23.77,88.63,Stable Platform Zone,200.0,Indian–Burma Plate Boundary,1950.0,6.0,Stable Platform,Low,Khulna
Narail,2528913,Khulna,2015,3,2,0,0,0,0,0,0,23.18,89.5,Stable Platform Zone,190.0,Indian–Burma Plate Boundary,1950.0,6.0,Stable Platform,Low,Khulna
Narail,709292,Khulna,2015,2,1,1,1,1,0,0,0,23.18,89.5,Stable Platform Zone,190.0,Indian–Burma Plate Boundary,1950.0,6.0,Stable Platform,Low,Khulna
Satkhira,1340138,Khulna,2015,6,3,3,2,0,0,0,0,22.7234,89.0751,Stable Platform Zone,250.0,Indian–Burma Plate Boundary,1950.0,6.0,Stable Platform,Low,Khulna
Satkhira,1704528,Khulna,2015,5,2,2,0,0,0,0,0,22.7234,89.0751,Stable Platform Zone,250.0,Indian–Burma Plate Boundary,1950.0,6.0,Stable Platform,Low,Khulna
Jamalpur,1553394,Mymensingh,2015,1,1,0,0,0,0,0,0,24.923,89.9501,Madhupur Fault Zone,100.0,Indian–Burma Plate Boundary,1897.0,7.5,Madhupur Fault,Medium,Mymensingh
Mymensingh,2217030,Mymensingh,2015,4,3,2,0,0,0,0,0,24.7434,90.3984,Madhupur Fault Zone,80.0,Indian–Burma Plate Boundary,1897.0,7.5,Madhupur Fault,Medium,Mymensingh
Mymensingh,459754,Mymensingh,2015,5,4,1,1,0,0,0,0,24.7434,90.3984,Madhupur Fault Zone,80.0,Indian–Burma Plate Boundary,1897.0,7.5,Madhupur Fault,Medium,Mymensingh
Sherpur,2258339,Mymensingh,2015,1,1,0,0,0,0,0,0,25.0188,90.0175,Madhupur Fault Zone,95.0,Indian–Burma Plate Boundary,1897.0,7.5,Madhupur Fault,Medium,Mymensingh
Bogra,1913391,Rajshahi,2015,7,5,3,1,0,0,0,0,24.849,89.3677,Stable Platform Zone,140.0,Indian–Burma Plate Boundary,1950.0,6.0,Bogra Fault,Low,Rajshahi
Bogra,522934,Rajshahi,2015,3,1,1,1,1,0,0,0,24.849,89.3677,Stable Platform Zone,140.0,Indian–Burma Plate Boundary,1950.0,6.0,Bogra Fault,Low,Rajshahi
Joypurhat,2137441,Rajshahi,2015,3,1,1,0,0,0,0,0,25.1,89.02,Stable Platform Zone,160.0,Indian–Burma Plate Boundary,1950.0,6.0,Stable Platform,Low,Rajshahi
Joypurhat,1161402,Rajshahi,2015,4,2,0,0,0,0,0,0,25.1,89.02,Stable Platform Zone,160.0,Indian–Burma Plate Boundary,1950.0,6.0,Stable Platform,Low,Rajshahi
Naogaon,2728114,Rajshahi,2015,5,3,2,0,0,0,0,0,24.81,88.94,Stable Platform Zone,190.0,Indian–Burma Plate Boundary,1950.0,6.0,Bogra Fault,Low,Rajshahi
Naogaon,852703,Rajshahi,2015,11,5,4,0,0,0,0,0,24.81,88.94,Stable Platform Zone,190.0,Indian–Burma Plate Boundary,1950.0,6.0,Bogra Fault,Low,Rajshahi
Natore,1443371,Rajshahi,2015,3,1,1,0,0,0,0,0,24.42,89.0,Stable Platform Zone,190.0,Indian–Burma Plate Boundary,1950.0,6.0,Bogra Fault,Low,Rajshahi
Natore,788967,Rajshahi,2015,6,3,2,1,0,0,0,0,24.42,89.0,Stable Platform Zone,190.0,Indian–Burma Plate Boundary,1950.0,6.0,Bogra Fault,Low,Rajshahi
Pabna,1732675,Rajshahi,2015,6,3,2,0,0,0,0,0,24.0064,89.2493,Stable Platform Zone,160.0,Indian–Burma Plate Boundary,1950.0,6.0,Stable Platform,Low,Rajshahi
Pabna,1040021,Rajshahi,2015,3,2,2,1,0,0,0,0,24.0064,89.2493,Stable Platform Zone,160.0,Indian–Burma Plate Boundary,1950.0,6.0,Stable Platform,Low,Rajshahi
Rajshahi,2125426,Rajshahi,2015,5,3,1,0,0,0,0,0,24.3745,88.6042,Stable Platform Zone,200.0,Indian–Burma Plate Boundary,1950.0,6.0,Bogra Fault,Low,Rajshahi
Rajshahi,922929,Rajshahi,2015,3,2,1,1,0,0,0,0,24.3745,88.6042,Stable Platform Zone,200.0,Indian–Burma Plate Boundary,1950.0,6.0,Bogra Fault,Low,Rajshahi
Sirajganj,2771672,Rajshahi,2015,3,2,2,0,0,0,0,0,24.45,89.71,Stable Platform Zone,150.0,Indian–Burma Plate Boundary,1950.0,6.0,Stable Platform,Low,Rajshahi
Sirajganj,706948,Rajshahi,2015,4,0,0,0,0,0,0,0,24.45,89.71,Stable Platform Zone,150.0,Indian–Burma Plate Boundary,1950.0,6.0,Stable Platform,Low,Rajshahi
Dinajpur,2881605,Rangpur,2015,3,3,1,1,0,0,0,0,25.625,88.65,Stable Platform Zone,120.0,Indian–Burma Plate Boundary,1950.0,6.5,Himalayan Frontal Zone,Medium,Rangpur
Dinajpur,579608,Rangpur,2015,8,5,1,0,0,0,0,0,25.625,88.65,Stable Platform Zone,120.0,Indian–Burma Plate Boundary,1950.0,6.5,Himalayan Frontal Zone,Medium,Rangpur
Gaibandha,2740920,Rangpur,2015,2,2,1,0,0,0,0,0,25.33,89.55,Stable Platform Zone,130.0,Indian–Eurasian Plate Boundary,1950.0,6.5,Bogra Fault,Medium,Rangpur
Gaibandha,689998,Rangpur,2015,5,3,2,0,0,0,0,0,25.33,89.55,Stable Platform Zone,130.0,Indian–Eurasian Plate Boundary,1950.0,6.5,Bogra Fault,Medium,Rangpur
Kurigram,1755165,Rangpur,2015,3,3,0,0,0,0,0,0,25.81,89.65,Himalayan Frontal Zone,110.0,Indian–Eurasian Plate Boundary,1950.0,8.6,Assam Fault Belt,High,Rangpur
Kurigram,457679,Rangpur,2015,2,1,0,0,0,0,0,0,25.81,89.65,Himalayan Frontal Zone,110.0,Indian–Eurasian Plate Boundary,1950.0,8.6,Assam Fault Belt,High,Rangpur
Lalmonirhat,1345960,Rangpur,2015,4,1,0,0,0,0,0,0,25.92,89.45,Himalayan Frontal Zone,100.0,Indian–Eurasian Plate Boundary,1950.0,8.6,Assam Fault Belt,High,Rangpur
Lalmonirhat,288286,Rangpur,2015,4,2,1,1,0,0,0,0,25.92,89.45,Himalayan Frontal Zone,100.0,Indian–Eurasian Plate Boundary,1950.0,8.6,Assam Fault Belt,High,Rangpur
Nilphamari,1650518,Rangpur,2015,8,6,2,0,0,0,0,0,25.95,88.85,Himalayan Frontal Zone,110.0,Indian–Eurasian Plate Boundary,1950.0,8.6,Assam Fault Belt,High,Rangpur
Nilphamari,795187,Rangpur,2015,5,2,2,0,0,0,0,0,25.95,88.85,Himalayan Frontal Zone,110.0,Indian–Eurasian Plate Boundary,1950.0,8.6,Assam Fault Belt,High,Rangpur
Panchagarh,1190687,Rangpur,2015,3,1,1,1,0,0,0,0,26.33,88.56,Himalayan Frontal Zone,90.0,Indian–Eurasian Plate Boundary,1950.0,8.6,Assam Fault Belt,High,Rangpur
Panchagarh,785129,Rangpur,2015,5,2,1,1,1,0,0,0,26.33,88.56,Himalayan Frontal Zone,90.0,Indian–Eurasian Plate Boundary,1950.0,8.6,Assam Fault Belt,High,Rangpur
Rangpur,820088,Rangpur,2015,3,1,1,1,1,0,0,0,25.7449,89.2756,Stable Platform Zone,130.0,Indian–Burma Plate Boundary,1950.0,6.5,Himalayan Frontal Zone,Medium,Rangpur
Rangpur,700391,Rangpur,2015,3,1,0,0,0,0,0,0,25.7449,89.2756,Stable Platform Zone,130.0,Indian–Burma Plate Boundary,1950.0,6.5,Himalayan Frontal Zone,Medium,Rangpur
Thakurgaon,931330,Rangpur,2015,3,3,1,1,0,0,0,0,26.02,88.46,Himalayan Frontal Zone,100.0,Indian–Eurasian Plate Boundary,1950.0,8.6,Assam Fault Belt,High,Rangpur
Thakurgaon,460910,Rangpur,2015,3,0,0,0,0,0,0,0,26.02,88.46,Himalayan Frontal Zone,100.0,Indian–Eurasian Plate Boundary,1950.0,8.6,Assam Fault Belt,High,Rangpur
Habiganj,1782585,Sylhet,2015,8,5,3,1,0,0,0,0,24.38,91.42,Tripura Fold Belt,80.0,Indian–Burma Plate Boundary,1918.0,7.0,Tripura Thrust Zone,Medium,Sylhet
Habiganj,450531,Sylhet,2015,7,2,2,2,1,0,0,0,24.38,91.42,Tripura Fold Belt,80.0,Indian–Burma Plate Boundary,1918.0,7.0,Tripura Thrust Zone,Medium,Sylhet
Moulvibazar,2737740,Sylhet,2015,10,7,2,1,0,0,0,0,24.48,91.77,Dauki Fault Zone,35.0,Indian–Burma Plate Boundary,1918.0,7.5,Dauki Fault,High,Sylhet
Moulvibazar,281527,Sylhet,2015,11,7,3,1,1,0,0,0,24.48,91.77,Dauki Fault Zone,35.0,Indian–Burma Plate Boundary,1918.0,7.5,Dauki Fault,High,Sylhet
Sunamganj,2689249,Sylhet,2015,15,9,2,1,1,0,0,0,25.07,91.4,Dauki Fault Zone,45.0,Indian–Burma Plate Boundary,1918.0,7.5,Dauki Fault,High,Sylhet
Sunamganj,712635,Sylhet,2015,6,4,3,1,0,0,0,0,25.07,91.4,Dauki Fault Zone,45.0,Indian–Burma Plate Boundary,1918.0,7.5,Dauki Fault,High,Sylhet
Sylhet,2435086,Sylhet,2015,7,6,4,0,0,0,0,0,24.899,91.872,Dauki Fault Zone,30.0,Indian–Burma Plate Boundary,1918.0,7.5,Dauki Fault,High,Sylhet
Sylhet,309518,Sylhet,2015,4,2,2,0,0,0,0,0,24.899,91.872,Dauki Fault Zone,30.0,Indian–Burma Plate Boundary,1918.0,7.5,Dauki Fault,High,Sylhet
Barguna,2608583,Barisal,2016,1,1,1,0,0,0,0,0,22.15,90.13,Foredeep Basin,210.0,Indian–Burma Plate Boundary,1950.0,5.5,Foredeep Basin,Low,Barishal
Barguna,377698,Barisal,2016,2,0,0,0,0,0,0,0,22.15,90.13,Foredeep Basin,210.0,Indian–Burma Plate Boundary,1950.0,5.5,Foredeep Basin,Low,Barishal
Barishal,1757002,Barisal,2016,1,1,1,0,0,0,0,0,22.7,90.37,Foredeep Basin,180.0,Indian–Burma Plate Boundary,1950.0,5.5,Foredeep Basin,Low,Barishal
Barishal,323158,Barisal,2016,2,1,0,0,0,0,0,0,22.7,90.37,Foredeep Basin,180.0,Indian–Burma Plate Boundary,1950.0,5.5,Foredeep Basin,Low,Barishal
Bhola,2174593,Barisal,2016,0,0,0,0,0,0,0,0,22.69,90.65,Foredeep Basin,190.0,Indian–Burma Plate Boundary,1950.0,5.5,Foredeep Basin,Low,Barishal
Bhola,713647,Barisal,2016,3,2,0,0,0,0,0,0,22.69,90.65,Foredeep Basin,190.0,Indian–Burma Plate Boundary,1950.0,5.5,Foredeep Basin,Low,Barishal
Patuakhali,2603440,Barisal,2016,2,1,1,1,1,0,0,0,22.35,90.3,Foredeep Basin,200.0,Indian–Burma Plate Boundary,1950.0,5.5,Foredeep Basin,Low,Barishal
Patuakhali,767078,Barisal,2016,2,1,1,0,0,0,0,0,22.35,90.3,Foredeep Basin,200.0,Indian–Burma Plate Boundary,1950.0,5.5,Foredeep Basin,Low,Barishal
Pirojpur,560313,Barisal,2016,3,2,0,0,0,0,0,0,22.58,89.98,Foredeep Basin,180.0,Indian–Burma Plate Boundary,1950.0,5.5,Foredeep Basin,Low,Barishal
Pirojpur,514314,Barisal,2016,2,2,0,0,0,0,0,0,22.58,89.98,Foredeep Basin,180.0,Indian–Burma Plate Boundary,1950.0,5.5,Foredeep Basin,Low,Barishal
Bandarban,2355361,Chittagong,2016,4,3,0,0,0,0,0,0,22.194,92.218,Indo‑Burma Fold Belt,25.0,Indian–Burma Plate Boundary,1762.0,8.0,Chittagong Hill Tracts Fold Belt,High,Chittagong
Bandarban,4049636,Chittagong,2016,5,4,4,0,0,0,0,0,22.194,92.218,Indo‑Burma Fold Belt,25.0,Indian–Burma Plate Boundary,1762.0,8.0,Chittagong Hill Tracts Fold Belt,High,Chittagong
Brahmanbaria,2033375,Chittagong,2016,4,1,1,1,0,0,0,0,23.96,91.11,Tripura Fold Belt,85.0,Indian–Burma Plate Boundary,1897.0,7.5,Tripura Thrust Zone,Medium,Chittagong
Brahmanbaria,2500852,Chittagong,2016,5,3,3,0,0,0,0,0,23.96,91.11,Tripura Fold Belt,85.0,Indian–Burma Plate Boundary,1897.0,7.5,Tripura Thrust Zone,Medium,Chittagong
Chandpur,1456148,Chittagong,2016,7,6,2,0,0,0,0,0,23.23,90.65,Foredeep Basin,150.0,Indian–Burma Plate Boundary,1897.0,6.5,Surma Basin,Low,Chittagong
Chandpur,5652707,Chittagong,2016,6,4,2,1,0,0,0,0,23.23,90.65,Foredeep Basin,150.0,Indian–Burma Plate Boundary,1897.0,6.5,Surma Basin,Low,Chittagong
Chittagong,2503228,Chittagong,2016,8,5,4,3,0,0,0,0,22.3419,91.8155,Indo‑Burma Subduction Zone,25.0,Indian–Burma Plate Boundary,1762.0,8.5,Arakan–Burma Subduction,High,Chittagong
Chittagong,5479187,Chittagong,2016,4,1,1,0,0,0,0,0,22.3419,91.8155,Indo‑Burma Subduction Zone,25.0,Indian–Burma Plate Boundary,1762.0,8.5,Arakan–Burma Subduction,High,Chittagong
Comilla,2768393,Chittagong,2016,6,2,2,1,0,0,0,0,23.45,91.1999,Tripura Fold Belt,80.0,Indian–Burma Plate Boundary,1897.0,7.5,Tripura Thrust Zone,Medium,Chittagong
Comilla,4186318,Chittagong,2016,5,2,1,1,1,1,0,0,23.45,91.1999,Tripura Fold Belt,80.0,Indian–Burma Plate Boundary,1897.0,7.5,Tripura Thrust Zone,Medium,Chittagong
Cox's Bazar,609044,Chittagong,2016,3,1,1,0,0,0,0,0,21.4272,92.0058,Indo‑Burma Subduction Zone,15.0,Indian–Burma Plate Boundary,1762.0,8.5,Arakan Subduction,High,Chittagong
Cox's Bazar,2018283,Chittagong,2016,10,5,3,0,0,0,0,0,21.4272,92.0058,Indo‑Burma Subduction Zone,15.0,Indian–Burma Plate Boundary,1762.0,8.5,Arakan Subduction,High,Chittagong
Feni,2347528,Chittagong,2016,7,3,1,0,0,0,0,0,23.02,91.4,Tripura Fold Belt,90.0,Indian–Burma Plate Boundary,1897.0,7.5,Tripura Thrust Zone,Medium,Chittagong
Feni,3944927,Chittagong,2016,5,4,0,0,0,0,0,0,23.02,91.4,Tripura Fold Belt,90.0,Indian–Burma Plate Boundary,1897.0,7.5,Tripura Thrust Zone,Medium,Chittagong
Lakshmipur,1362191,Chittagong,2016,8,6,2,0,0,0,0,0,22.95,90.83,Tripura Fold Belt,100.0,Indian–Burma Plate Boundary,1897.0,7.5,Tripura Thrust Zone,Medium,Chittagong
Lakshmipur,4538902,Chittagong,2016,11,7,2,0,0,0,0,0,22.95,90.83,Tripura Fold Belt,100.0,Indian–Burma Plate Boundary,1897.0,7.5,Tripura Thrust Zone,Medium,Chittagong
Noakhali,1384632,Chittagong,2016,3,2,2,0,0,0,0,0,22.82,91.1,Tripura Fold Belt,90.0,Indian–Burma Plate Boundary,1897.0,7.5,Tripura Thrust Zone,Medium,Chittagong
Noakhali,4813342,Chittagong,2016,9,4,3,1,0,0,0,0,22.82,91.1,Tripura Fold Belt,90.0,Indian–Burma Plate Boundary,1897.0,7.5,Tripura Thrust Zone,Medium,Chittagong
Rangamati,1797275,Chittagong,2016,6,4,2,0,0,0,0,0,22.65,92.17,Indo‑Burma Fold Belt,50.0,Indian–Burma Plate Boundary,1762.0,7.0,Tripura Fold Belt,High,Chittagong
Rangamati,4392448,Chittagong,2016,7,5,2,1,0,0,0,0,22.65,92.17,Indo‑Burma Fold Belt,50.0,Indian–Burma Plate Boundary,1762.0,7.0,Tripura Fold Belt,High,Chittagong
Dhaka,2360538,Dhaka,2016,4,1,1,1,1,0,0,0,23.8103,90.4125,Madhupur Fault Zone,100.0,Indian–Burma Plate Boundary,1885.0,7.2,Madhupur Fault,Medium,Dhaka
Dhaka,9574110,Dhaka,2016,2,0,0,0,0,0,0,0,23.8103,90.4125,Madhupur Fault Zone,100.0,Indian–Burma Plate Boundary,1885.0,7.2,Madhupur Fault,Medium,Dhaka
Faridpur,1981728,Dhaka,2016,4,2,1,0,0,0,0,0,23.607,89.8429,Foredeep Basin,160.0,Indian–Burma Plate Boundary,1885.0,6.0,Foredeep Basin,Low,Dhaka
Faridpur,10713131,Dhaka,2016,5,3,0,0,0,0,0,0,23.607,89.8429,Foredeep Basin,160.0,Indian–Burma Plate Boundary,1885.0,6.0,Foredeep Basin,Low,Dhaka
Gazipur,2474396,Dhaka,2016,1,1,0,0,0,0,0,0,24.0,90.4167,Madhupur Fault Zone,95.0,Indian–Burma Plate Boundary,1885.0,7.2,Madhupur Fault,Medium,Dhaka
Gazipur,9604147,Dhaka,2016,1,0,0,0,0,0,0,0,24.0,90.4167,Madhupur Fault Zone,95.0,Indian–Burma Plate Boundary,1885.0,7.2,Madhupur Fault,Medium,Dhaka
Gopalganj,1248688,Dhaka,2016,3,2,2,0,0,0,0,0,23.02,89.83,Foredeep Basin,170.0,Indian–Burma Plate Boundary,1885.0,6.0,Foredeep Basin,Low,Dhaka
Gopalganj,6586976,Dhaka,2016,5,2,1,0,0,0,0,0,23.02,89.83,Foredeep Basin,170.0,Indian–Burma Plate Boundary,1885.0,6.0,Foredeep Basin,Low,Dhaka
Kishoreganj,2277712,Dhaka,2016,4,3,2,0,0,0,0,0,24.44,90.77,Madhupur Fault Zone,100.0,Indian–Burma Plate Boundary,1885.0,7.2,Madhupur Fault,Medium,Dhaka
Madaripur,2011897,Dhaka,2016,5,3,2,0,0,0,0,0,23.17,90.19,Foredeep Basin,150.0,Indian–Burma Plate Boundary,1885.0,6.0,Foredeep Basin,Low,Dhaka
Madaripur,7327340,Dhaka,2016,1,1,1,0,0,0,0,0,23.17,90.19,Foredeep Basin,150.0,Indian–Burma Plate Boundary,1885.0,6.0,Foredeep Basin,Low,Dhaka
Manikganj,1442464,Dhaka,2016,4,3,2,0,0,0,0,0,23.86,90.0,Madhupur Fault Zone,90.0,Indian–Burma Plate Boundary,1885.0,7.2,Madhupur Fault,Medium,Dhaka
Manikganj,10777449,Dhaka,2016,3,1,1,1,1,0,0,0,23.86,90.0,Madhupur Fault Zone,90.0,Indian–Burma Plate Boundary,1885.0,7.2,Madhupur Fault,Medium,Dhaka
Munshiganj,731346,Dhaka,2016,5,3,1,1,0,0,0,0,23.54,90.53,Foredeep Basin,130.0,Indian–Burma Plate Boundary,1885.0,6.0,Foredeep Basin,Low,Dhaka
Munshiganj,9552282,Dhaka,2016,4,3,0,0,0,0,0,0,23.54,90.53,Foredeep Basin,130.0,Indian–Burma Plate Boundary,1885.0,6.0,Foredeep Basin,Low,Dhaka
Narayanganj,2664655,Dhaka,2016,3,2,1,1,1,0,0,0,23.6226,90.501,Madhupur Fault Zone,110.0,Indian–Burma Plate Boundary,1885.0,7.2,Madhupur Fault,Medium,Dhaka
Narayanganj,5756268,Dhaka,2016,9,6,4,1,1,0,0,0,23.6226,90.501,Madhupur Fault Zone,110.0,Indian–Burma Plate Boundary,1885.0,7.2,Madhupur Fault,Medium,Dhaka
Narsingdi,2671640,Dhaka,2016,2,2,0,0,0,0,0,0,23.9207,90.7188,Madhupur Fault Zone,110.0,Indian–Burma Plate Boundary,1885.0,7.2,Madhupur Fault,Medium,Dhaka
Narsingdi,6826852,Dhaka,2016,4,2,1,1,0,0,0,0,23.9207,90.7188,Madhupur Fault Zone,110.0,Indian–Burma Plate Boundary,1885.0,7.2,Madhupur Fault,Medium,Dhaka
Rajbari,2579546,Dhaka,2016,3,1,1,1,0,0,0,0,23.72,89.65,Foredeep Basin,180.0,Indian–Burma Plate Boundary,1885.0,6.0,Foredeep Basin,Low,Dhaka
Rajbari,5847614,Dhaka,2016,6,3,3,2,0,0,0,0,23.72,89.65,Foredeep Basin,180.0,Indian–Burma Plate Boundary,1885.0,6.0,Foredeep Basin,Low,Dhaka
Shariatpur,1234248,Dhaka,2016,1,1,1,0,0,0,0,0,23.22,90.35,Foredeep Basin,150.0,Indian–Burma Plate Boundary,1885.0,6.0,Foredeep Basin,Low,Dhaka
Shariatpur,6338523,Dhaka,2016,7,6,4,1,1,0,0,0,23.22,90.35,Foredeep Basin,150.0,Indian–Burma Plate Boundary,1885.0,6.0,Foredeep Basin,Low,Dhaka
Tangail,2750781,Dhaka,2016,4,1,1,0,0,0,0,0,24.25,89.9167,Madhupur Fault Zone,90.0,Indian–Burma Plate Boundary,1885.0,7.2,Madhupur Fault,Medium,Dhaka
Tangail,10659950,Dhaka,2016,4,1,1,1,0,0,0,0,24.25,89.9167,Madhupur Fault Zone,90.0,Indian–Burma Plate Boundary,1885.0,7.2,Madhupur Fault,Medium,Dhaka
Bagerhat,1916797,Khulna,2016,2,1,1,1,0,0,0,0,22.65,89.7667,Stable Platform Zone,230.0,Indian–Burma Plate Boundary,1950.0,6.0,Bogra Fault,Low,Khulna
Bagerhat,1733864,Khulna,2016,3,0,0,0,0,0,0,0,22.65,89.7667,Stable Platform Zone,230.0,Indian–Burma Plate Boundary,1950.0,6.0,Bogra Fault,Low,Khulna
Chuadanga,2391047,Khulna,2016,3,2,0,0,0,0,0,0,23.63,88.83,Stable Platform Zone,180.0,Indian–Burma Plate Boundary,1950.0,6.0,Stable Platform,Low,Khulna
Chuadanga,867366,Khulna,2016,3,3,0,0,0,0,0,0,23.63,88.83,Stable Platform Zone,180.0,Indian–Burma Plate Boundary,1950.0,6.0,Stable Platform,Low,Khulna
Jessore,1250896,Khulna,2016,0,0,0,0,0,0,0,0,23.1707,89.2124,Stable Platform Zone,210.0,Indian–Burma Plate Boundary,1950.0,6.0,Stable Platform,Low,Khulna
Jessore,682346,Khulna,2016,1,0,0,0,0,0,0,0,23.1707,89.2124,Stable Platform Zone,210.0,Indian–Burma Plate Boundary,1950.0,6.0,Stable Platform,Low,Khulna
Jhenaidah,2784649,Khulna,2016,2,2,2,0,0,0,0,0,23.55,89.15,Stable Platform Zone,200.0,Indian–Burma Plate Boundary,1950.0,6.0,Stable Platform,Low,Khulna
Jhenaidah,662441,Khulna,2016,6,2,2,1,0,0,0,0,23.55,89.15,Stable Platform Zone,200.0,Indian–Burma Plate Boundary,1950.0,6.0,Stable Platform,Low,Khulna
Khulna,897933,Khulna,2016,3,2,2,0,0,0,0,0,22.8167,89.55,Stable Platform Zone,220.0,Indian–Burma Plate Boundary,1950.0,6.0,Bogra Fault,Low,Khulna
Khulna,973309,Khulna,2016,2,2,0,0,0,0,0,0,22.8167,89.55,Stable Platform Zone,220.0,Indian–Burma Plate Boundary,1950.0,6.0,Bogra Fault,Low,Khulna
Kushtia,1479102,Khulna,2016,1,1,0,0,0,0,0,0,23.9,89.12,Stable Platform Zone,170.0,Indian–Burma Plate Boundary,1950.0,6.0,Stable Platform,Low,Khulna
Kushtia,912634,Khulna,2016,4,4,0,0,0,0,0,0,23.9,89.12,Stable Platform Zone,170.0,Indian–Burma Plate Boundary,1950.0,6.0,Stable Platform,Low,Khulna
Magura,665495,Khulna,2016,1,1,1,0,0,0,0,0,23.49,89.42,Stable Platform Zone,200.0,Indian–Burma Plate Boundary,1950.0,6.0,Stable Platform,Low,Khulna
Magura,1776074,Khulna,2016,2,0,0,0,0,0,0,0,23.49,89.42,Stable Platform Zone,200.0,Indian–Burma Plate Boundary,1950.0,6.0,Stable Platform,Low,Khulna
Meherpur,2589994,Khulna,2016,3,0,0,0,0,0,0,0,23.77,88.63,Stable Platform Zone,200.0,Indian–Burma Plate Boundary,1950.0,6.0,Stable Platform,Low,Khulna
Meherpur,1293788,Khulna,2016,3,0,0,0,0,0,0,0,23.77,88.63,Stable Platform Zone,200.0,Indian–Burma Plate Boundary,1950.0,6.0,Stable Platform,Low,Khulna
Narail,596291,Khulna,2016,1,1,1,0,0,0,0,0,23.18,89.5,Stable Platform Zone,190.0,Indian–Burma Plate Boundary,1950.0,6.0,Stable Platform,Low,Khulna
Narail,1413836,Khulna,2016,4,4,1,0,0,0,0,0,23.18,89.5,Stable Platform Zone,190.0,Indian–Burma Plate Boundary,1950.0,6.0,Stable Platform,Low,Khulna
Satkhira,2374127,Khulna,2016,3,2,1,1,0,0,0,0,22.7234,89.0751,Stable Platform Zone,250.0,Indian–Burma Plate Boundary,1950.0,6.0,Stable Platform,Low,Khulna
Satkhira,742122,Khulna,2016,3,2,2,0,0,0,0,0,22.7234,89.0751,Stable Platform Zone,250.0,Indian–Burma Plate Boundary,1950.0,6.0,Stable Platform,Low,Khulna
Jamalpur,546677,Mymensingh,2016,3,0,0,0,0,0,0,0,24.923,89.9501,Madhupur Fault Zone,100.0,Indian–Burma Plate Boundary,1897.0,7.5,Madhupur Fault,Medium,Mymensingh
Mymensingh,2887268,Mymensingh,2016,6,3,3,0,0,0,0,0,24.7434,90.3984,Madhupur Fault Zone,80.0,Indian–Burma Plate Boundary,1897.0,7.5,Madhupur Fault,Medium,Mymensingh
Mymensingh,475013,Mymensingh,2016,3,3,0,0,0,0,0,0,24.7434,90.3984,Madhupur Fault Zone,80.0,Indian–Burma Plate Boundary,1897.0,7.5,Madhupur Fault,Medium,Mymensingh
Sherpur,645045,Mymensingh,2016,1,0,0,0,0,0,0,0,25.0188,90.0175,Madhupur Fault Zone,95.0,Indian–Burma Plate Boundary,1897.0,7.5,Madhupur Fault,Medium,Mymensingh
Bogra,1539767,Rajshahi,2016,5,4,1,1,1,0,0,0,24.849,89.3677,Stable Platform Zone,140.0,Indian–Burma Plate Boundary,1950.0,6.0,Bogra Fault,Low,Rajshahi
Bogra,1184485,Rajshahi,2016,0,0,0,0,0,0,0,0,24.849,89.3677,Stable Platform Zone,140.0,Indian–Burma Plate Boundary,1950.0,6.0,Bogra Fault,Low,Rajshahi
Joypurhat,838946,Rajshahi,2016,4,1,1,0,0,0,0,0,25.1,89.02,Stable Platform Zone,160.0,Indian–Burma Plate Boundary,1950.0,6.0,Stable Platform,Low,Rajshahi
Joypurhat,423134,Rajshahi,2016,4,4,1,0,0,0,0,0,25.1,89.02,Stable Platform Zone,160.0,Indian–Burma Plate Boundary,1950.0,6.0,Stable Platform,Low,Rajshahi
Naogaon,2167012,Rajshahi,2016,5,4,0,0,0,0,0,0,24.81,88.94,Stable Platform Zone,190.0,Indian–Burma Plate Boundary,1950.0,6.0,Bogra Fault,Low,Rajshahi
Naogaon,400066,Rajshahi,2016,3,0,0,0,0,0,0,0,24.81,88.94,Stable Platform Zone,190.0,Indian–Burma Plate Boundary,1950.0,6.0,Bogra Fault,Low,Rajshahi
Natore,2422710,Rajshahi,2016,1,0,0,0,0,0,0,0,24.42,89.0,Stable Platform Zone,190.0,Indian–Burma Plate Boundary,1950.0,6.0,Bogra Fault,Low,Rajshahi
Natore,449523,Rajshahi,2016,3,0,0,0,0,0,0,0,24.42,89.0,Stable Platform Zone,190.0,Indian–Burma Plate Boundary,1950.0,6.0,Bogra Fault,Low,Rajshahi
Pabna,2514160,Rajshahi,2016,1,1,0,0,0,0,0,0,24.0064,89.2493,Stable Platform Zone,160.0,Indian–Burma Plate Boundary,1950.0,6.0,Stable Platform,Low,Rajshahi
Pabna,883973,Rajshahi,2016,4,2,1,1,0,0,0,0,24.0064,89.2493,Stable Platform Zone,160.0,Indian–Burma Plate Boundary,1950.0,6.0,Stable Platform,Low,Rajshahi
Rajshahi,796673,Rajshahi,2016,2,2,0,0,0,0,0,0,24.3745,88.6042,Stable Platform Zone,200.0,Indian–Burma Plate Boundary,1950.0,6.0,Bogra Fault,Low,Rajshahi
Rajshahi,1048957,Rajshahi,2016,1,1,1,0,0,0,0,0,24.3745,88.6042,Stable Platform Zone,200.0,Indian–Burma Plate Boundary,1950.0,6.0,Bogra Fault,Low,Rajshahi
Sirajganj,1369297,Rajshahi,2016,3,2,0,0,0,0,0,0,24.45,89.71,Stable Platform Zone,150.0,Indian–Burma Plate Boundary,1950.0,6.0,Stable Platform,Low,Rajshahi
Sirajganj,411352,Rajshahi,2016,2,1,0,0,0,0,0,0,24.45,89.71,Stable Platform Zone,150.0,Indian–Burma Plate Boundary,1950.0,6.0,Stable Platform,Low,Rajshahi
Dinajpur,2523215,Rangpur,2016,5,2,0,0,0,0,0,0,25.625,88.65,Stable Platform Zone,120.0,Indian–Burma Plate Boundary,1950.0,6.5,Himalayan Frontal Zone,Medium,Rangpur
Dinajpur,599388,Rangpur,2016,4,3,3,0,0,0,0,0,25.625,88.65,Stable Platform Zone,120.0,Indian–Burma Plate Boundary,1950.0,6.5,Himalayan Frontal Zone,Medium,Rangpur
Gaibandha,2596610,Rangpur,2016,0,0,0,0,0,0,0,0,25.33,89.55,Stable Platform Zone,130.0,Indian–Eurasian Plate Boundary,1950.0,6.5,Bogra Fault,Medium,Rangpur
Gaibandha,999756,Rangpur,2016,6,2,2,0,0,0,0,0,25.33,89.55,Stable Platform Zone,130.0,Indian–Eurasian Plate Boundary,1950.0,6.5,Bogra Fault,Medium,Rangpur
Kurigram,2688456,Rangpur,2016,2,2,2,0,0,0,0,0,25.81,89.65,Himalayan Frontal Zone,110.0,Indian–Eurasian Plate Boundary,1950.0,8.6,Assam Fault Belt,High,Rangpur
Kurigram,403331,Rangpur,2016,4,2,1,1,0,0,0,0,25.81,89.65,Himalayan Frontal Zone,110.0,Indian–Eurasian Plate Boundary,1950.0,8.6,Assam Fault Belt,High,Rangpur
Lalmonirhat,2296275,Rangpur,2016,5,3,0,0,0,0,0,0,25.92,89.45,Himalayan Frontal Zone,100.0,Indian–Eurasian Plate Boundary,1950.0,8.6,Assam Fault Belt,High,Rangpur
Lalmonirhat,300125,Rangpur,2016,6,5,3,1,1,0,0,0,25.92,89.45,Himalayan Frontal Zone,100.0,Indian–Eurasian Plate Boundary,1950.0,8.6,Assam Fault Belt,High,Rangpur
Nilphamari,2574454,Rangpur,2016,6,3,1,1,0,0,0,0,25.95,88.85,Himalayan Frontal Zone,110.0,Indian–Eurasian Plate Boundary,1950.0,8.6,Assam Fault Belt,High,Rangpur
Nilphamari,816339,Rangpur,2016,6,3,0,0,0,0,0,0,25.95,88.85,Himalayan Frontal Zone,110.0,Indian–Eurasian Plate Boundary,1950.0,8.6,Assam Fault Belt,High,Rangpur
Panchagarh,2786448,Rangpur,2016,2,2,0,0,0,0,0,0,26.33,88.56,Himalayan Frontal Zone,90.0,Indian–Eurasian Plate Boundary,1950.0,8.6,Assam Fault Belt,High,Rangpur
Panchagarh,737163,Rangpur,2016,7,4,3,0,0,0,0,0,26.33,88.56,Himalayan Frontal Zone,90.0,Indian–Eurasian Plate Boundary,1950.0,8.6,Assam Fault Belt,High,Rangpur
Rangpur,2859220,Rangpur,2016,3,2,0,0,0,0,0,0,25.7449,89.2756,Stable Platform Zone,130.0,Indian–Burma Plate Boundary,1950.0,6.5,Himalayan Frontal Zone,Medium,Rangpur
Rangpur,165621,Rangpur,2016,3,3,1,0,0,0,0,0,25.7449,89.2756,Stable Platform Zone,130.0,Indian–Burma Plate Boundary,1950.0,6.5,Himalayan Frontal Zone,Medium,Rangpur
Thakurgaon,2519627,Rangpur,2016,3,2,1,1,0,0,0,0,26.02,88.46,Himalayan Frontal Zone,100.0,Indian–Eurasian Plate Boundary,1950.0,8.6,Assam Fault Belt,High,Rangpur
Thakurgaon,595428,Rangpur,2016,2,2,0,0,0,0,0,0,26.02,88.46,Himalayan Frontal Zone,100.0,Indian–Eurasian Plate Boundary,1950.0,8.6,Assam Fault Belt,High,Rangpur
Habiganj,1650557,Sylhet,2016,16,10,4,2,1,0,0,0,24.38,91.42,Tripura Fold Belt,80.0,Indian–Burma Plate Boundary,1918.0,7.0,Tripura Thrust Zone,Medium,Sylhet
Habiganj,576478,Sylhet,2016,10,4,2,2,1,0,0,0,24.38,91.42,Tripura Fold Belt,80.0,Indian–Burma Plate Boundary,1918.0,7.0,Tripura Thrust Zone,Medium,Sylhet
Moulvibazar,2718016,Sylhet,2016,7,3,3,0,0,0,0,0,24.48,91.77,Dauki Fault Zone,35.0,Indian–Burma Plate Boundary,1918.0,7.5,Dauki Fault,High,Sylhet
Moulvibazar,835339,Sylhet,2016,6,1,1,1,1,0,0,0,24.48,91.77,Dauki Fault Zone,35.0,Indian–Burma Plate Boundary,1918.0,7.5,Dauki Fault,High,Sylhet
Sunamganj,1323180,Sylhet,2016,7,6,3,0,0,0,0,0,25.07,91.4,Dauki Fault Zone,45.0,Indian–Burma Plate Boundary,1918.0,7.5,Dauki Fault,High,Sylhet
Sunamganj,401610,Sylhet,2016,6,4,1,0,0,0,0,0,25.07,91.4,Dauki Fault Zone,45.0,Indian–Burma Plate Boundary,1918.0,7.5,Dauki Fault,High,Sylhet
Sylhet,1362066,Sylhet,2016,9,6,1,0,0,0,0,0,24.899,91.872,Dauki Fault Zone,30.0,Indian–Burma Plate Boundary,1918.0,7.5,Dauki Fault,High,Sylhet
Sylhet,292886,Sylhet,2016,10,6,3,1,1,0,0,0,24.899,91.872,Dauki Fault Zone,30.0,Indian–Burma Plate Boundary,1918.0,7.5,Dauki Fault,High,Sylhet
Barguna,1124447,Barisal,2017,4,3,3,0,0,0,0,0,22.15,90.13,Foredeep Basin,210.0,Indian–Burma Plate Boundary,1950.0,5.5,Foredeep Basin,Low,Barishal
Barguna,785281,Barisal,2017,3,2,1,0,0,0,0,0,22.15,90.13,Foredeep Basin,210.0,Indian–Burma Plate Boundary,1950.0,5.5,Foredeep Basin,Low,Barishal
Barishal,1671039,Barisal,2017,2,1,0,0,0,0,0,0,22.7,90.37,Foredeep Basin,180.0,Indian–Burma Plate Boundary,1950.0,5.5,Foredeep Basin,Low,Barishal
Barishal,256396,Barisal,2017,4,2,1,0,0,0,0,0,22.7,90.37,Foredeep Basin,180.0,Indian–Burma Plate Boundary,1950.0,5.5,Foredeep Basin,Low,Barishal
Bhola,2741468,Barisal,2017,2,2,1,0,0,0,0,0,22.69,90.65,Foredeep Basin,190.0,Indian–Burma Plate Boundary,1950.0,5.5,Foredeep Basin,Low,Barishal
Bhola,964094,Barisal,2017,1,1,0,0,0,0,0,0,22.69,90.65,Foredeep Basin,190.0,Indian–Burma Plate Boundary,1950.0,5.5,Foredeep Basin,Low,Barishal
Patuakhali,2162196,Barisal,2017,2,1,0,0,0,0,0,0,22.35,90.3,Foredeep Basin,200.0,Indian–Burma Plate Boundary,1950.0,5.5,Foredeep Basin,Low,Barishal
Patuakhali,891145,Barisal,2017,2,2,0,0,0,0,0,0,22.35,90.3,Foredeep Basin,200.0,Indian–Burma Plate Boundary,1950.0,5.5,Foredeep Basin,Low,Barishal
Pirojpur,1692741,Barisal,2017,4,3,2,0,0,0,0,0,22.58,89.98,Foredeep Basin,180.0,Indian–Burma Plate Boundary,1950.0,5.5,Foredeep Basin,Low,Barishal
Pirojpur,809945,Barisal,2017,0,0,0,0,0,0,0,0,22.58,89.98,Foredeep Basin,180.0,Indian–Burma Plate Boundary,1950.0,5.5,Foredeep Basin,Low,Barishal
Bandarban,1422266,Chittagong,2017,8,6,4,1,0,0,0,0,22.194,92.218,Indo‑Burma Fold Belt,25.0,Indian–Burma Plate Boundary,1762.0,8.0,Chittagong Hill Tracts Fold Belt,High,Chittagong
Bandarban,5667784,Chittagong,2017,6,4,4,0,0,0,0,0,22.194,92.218,Indo‑Burma Fold Belt,25.0,Indian–Burma Plate Boundary,1762.0,8.0,Chittagong Hill Tracts Fold Belt,High,Chittagong
Brahmanbaria,628049,Chittagong,2017,7,6,2,2,0,0,0,0,23.96,91.11,Tripura Fold Belt,85.0,Indian–Burma Plate Boundary,1897.0,7.5,Tripura Thrust Zone,Medium,Chittagong
Brahmanbaria,4753706,Chittagong,2017,11,5,4,3,2,0,0,0,23.96,91.11,Tripura Fold Belt,85.0,Indian–Burma Plate Boundary,1897.0,7.5,Tripura Thrust Zone,Medium,Chittagong
Chandpur,1984623,Chittagong,2017,7,6,1,0,0,0,0,0,23.23,90.65,Foredeep Basin,150.0,Indian–Burma Plate Boundary,1897.0,6.5,Surma Basin,Low,Chittagong
Chandpur,2626627,Chittagong,2017,4,2,0,0,0,0,0,0,23.23,90.65,Foredeep Basin,150.0,Indian–Burma Plate Boundary,1897.0,6.5,Surma Basin,Low,Chittagong
Chittagong,1104557,Chittagong,2017,10,4,4,0,0,0,0,0,22.3419,91.8155,Indo‑Burma Subduction Zone,25.0,Indian–Burma Plate Boundary,1762.0,8.5,Arakan–Burma Subduction,High,Chittagong
Chittagong,2434592,Chittagong,2017,7,4,3,1,1,0,0,0,22.3419,91.8155,Indo‑Burma Subduction Zone,25.0,Indian–Burma Plate Boundary,1762.0,8.5,Arakan–Burma Subduction,High,Chittagong
Comilla,1892256,Chittagong,2017,7,5,3,2,0,0,0,0,23.45,91.1999,Tripura Fold Belt,80.0,Indian–Burma Plate Boundary,1897.0,7.5,Tripura Thrust Zone,Medium,Chittagong
Comilla,3126171,Chittagong,2017,4,2,1,1,0,0,0,0,23.45,91.1999,Tripura Fold Belt,80.0,Indian–Burma Plate Boundary,1897.0,7.5,Tripura Thrust Zone,Medium,Chittagong
Cox's Bazar,2900339,Chittagong,2017,12,4,4,2,2,1,0,0,21.4272,92.0058,Indo‑Burma Subduction Zone,15.0,Indian–Burma Plate Boundary,1762.0,8.5,Arakan Subduction,High,Chittagong
Cox's Bazar,3849949,Chittagong,2017,11,4,4,3,0,0,0,0,21.4272,92.0058,Indo‑Burma Subduction Zone,15.0,Indian–Burma Plate Boundary,1762.0,8.5,Arakan Subduction,High,Chittagong
Feni,665872,Chittagong,2017,6,2,1,1,0,0,0,0,23.02,91.4,Tripura Fold Belt,90.0,Indian–Burma Plate Boundary,1897.0,7.5,Tripura Thrust Zone,Medium,Chittagong
Feni,5542746,Chittagong,2017,8,8,2,1,1,0,0,0,23.02,91.4,Tripura Fold Belt,90.0,Indian–Burma Plate Boundary,1897.0,7.5,Tripura Thrust Zone,Medium,Chittagong
Lakshmipur,2224462,Chittagong,2017,9,5,2,1,0,0,0,0,22.95,90.83,Tripura Fold Belt,100.0,Indian–Burma Plate Boundary,1897.0,7.5,Tripura Thrust Zone,Medium,Chittagong
Lakshmipur,4621589,Chittagong,2017,7,3,2,0,0,0,0,0,22.95,90.83,Tripura Fold Belt,100.0,Indian–Burma Plate Boundary,1897.0,7.5,Tripura Thrust Zone,Medium,Chittagong
Noakhali,2163313,Chittagong,2017,6,2,1,1,0,0,0,0,22.82,91.1,Tripura Fold Belt,90.0,Indian–Burma Plate Boundary,1897.0,7.5,Tripura Thrust Zone,Medium,Chittagong
Noakhali,4516259,Chittagong,2017,5,4,1,1,0,0,0,0,22.82,91.1,Tripura Fold Belt,90.0,Indian–Burma Plate Boundary,1897.0,7.5,Tripura Thrust Zone,Medium,Chittagong
Rangamati,2589877,Chittagong,2017,6,4,3,0,0,0,0,0,22.65,92.17,Indo‑Burma Fold Belt,50.0,Indian–Burma Plate Boundary,1762.0,7.0,Tripura Fold Belt,High,Chittagong
Rangamati,4451701,Chittagong,2017,6,4,3,0,0,0,0,0,22.65,92.17,Indo‑Burma Fold Belt,50.0,Indian–Burma Plate Boundary,1762.0,7.0,Tripura Fold Belt,High,Chittagong
Dhaka,1276289,Dhaka,2017,3,2,1,0,0,0,0,0,23.8103,90.4125,Madhupur Fault Zone,100.0,Indian–Burma Plate Boundary,1885.0,7.2,Madhupur Fault,Medium,Dhaka
Dhaka,11875167,Dhaka,2017,1,0,0,0,0,0,0,0,23.8103,90.4125,Madhupur Fault Zone,100.0,Indian–Burma Plate Boundary,1885.0,7.2,Madhupur Fault,Medium,Dhaka
Faridpur,1495792,Dhaka,2017,3,3,0,0,0,0,0,0,23.607,89.8429,Foredeep Basin,160.0,Indian–Burma Plate Boundary,1885.0,6.0,Foredeep Basin,Low,Dhaka
Faridpur,5958369,Dhaka,2017,3,1,0,0,0,0,0,0,23.607,89.8429,Foredeep Basin,160.0,Indian–Burma Plate Boundary,1885.0,6.0,Foredeep Basin,Low,Dhaka
Gazipur,2143034,Dhaka,2017,1,0,0,0,0,0,0,0,24.0,90.4167,Madhupur Fault Zone,95.0,Indian–Burma Plate Boundary,1885.0,7.2,Madhupur Fault,Medium,Dhaka
Gazipur,8425124,Dhaka,2017,3,1,1,0,0,0,0,0,24.0,90.4167,Madhupur Fault Zone,95.0,Indian–Burma Plate Boundary,1885.0,7.2,Madhupur Fault,Medium,Dhaka
Gopalganj,2111497,Dhaka,2017,1,0,0,0,0,0,0,0,23.02,89.83,Foredeep Basin,170.0,Indian–Burma Plate Boundary,1885.0,6.0,Foredeep Basin,Low,Dhaka
Gopalganj,9727499,Dhaka,2017,3,1,1,0,0,0,0,0,23.02,89.83,Foredeep Basin,170.0,Indian–Burma Plate Boundary,1885.0,6.0,Foredeep Basin,Low,Dhaka
Kishoreganj,2993196,Dhaka,2017,2,2,1,0,0,0,0,0,24.44,90.77,Madhupur Fault Zone,100.0,Indian–Burma Plate Boundary,1885.0,7.2,Madhupur Fault,Medium,Dhaka
Madaripur,2922181,Dhaka,2017,0,0,0,0,0,0,0,0,23.17,90.19,Foredeep Basin,150.0,Indian–Burma Plate Boundary,1885.0,6.0,Foredeep Basin,Low,Dhaka
Madaripur,11842977,Dhaka,2017,3,3,0,0,0,0,0,0,23.17,90.19,Foredeep Basin,150.0,Indian–Burma Plate Boundary,1885.0,6.0,Foredeep Basin,Low,Dhaka
Manikganj,1080849,Dhaka,2017,1,1,0,0,0,0,0,0,23.86,90.0,Madhupur Fault Zone,90.0,Indian–Burma Plate Boundary,1885.0,7.2,Madhupur Fault,Medium,Dhaka
Manikganj,9440905,Dhaka,2017,4,4,1,1,0,0,0,0,23.86,90.0,Madhupur Fault Zone,90.0,Indian–Burma Plate Boundary,1885.0,7.2,Madhupur Fault,Medium,Dhaka
Munshiganj,2021641,Dhaka,2017,3,2,2,0,0,0,0,0,23.54,90.53,Foredeep Basin,130.0,Indian–Burma Plate Boundary,1885.0,6.0,Foredeep Basin,Low,Dhaka
Munshiganj,10648959,Dhaka,2017,4,4,2,1,0,0,0,0,23.54,90.53,Foredeep Basin,130.0,Indian–Burma Plate Boundary,1885.0,6.0,Foredeep Basin,Low,Dhaka
Narayanganj,1784863,Dhaka,2017,2,2,0,0,0,0,0,0,23.6226,90.501,Madhupur Fault Zone,110.0,Indian–Burma Plate Boundary,1885.0,7.2,Madhupur Fault,Medium,Dhaka
Narayanganj,9158967,Dhaka,2017,7,3,3,0,0,0,0,0,23.6226,90.501,Madhupur Fault Zone,110.0,Indian–Burma Plate Boundary,1885.0,7.2,Madhupur Fault,Medium,Dhaka
Narsingdi,1889078,Dhaka,2017,5,3,3,1,0,0,0,0,23.9207,90.7188,Madhupur Fault Zone,110.0,Indian–Burma Plate Boundary,1885.0,7.2,Madhupur Fault,Medium,Dhaka
Narsingdi,7416049,Dhaka,2017,12,6,2,2,0,0,0,0,23.9207,90.7188,Madhupur Fault Zone,110.0,Indian–Burma Plate Boundary,1885.0,7.2,Madhupur Fault,Medium,Dhaka
Rajbari,987703,Dhaka,2017,3,2,1,1,0,0,0,0,23.72,89.65,Foredeep Basin,180.0,Indian–Burma Plate Boundary,1885.0,6.0,Foredeep Basin,Low,Dhaka
Rajbari,8836928,Dhaka,2017,4,2,2,0,0,0,0,0,23.72,89.65,Foredeep Basin,180.0,Indian–Burma Plate Boundary,1885.0,6.0,Foredeep Basin,Low,Dhaka
Shariatpur,767430,Dhaka,2017,6,1,1,1,1,0,0,0,23.22,90.35,Foredeep Basin,150.0,Indian–Burma Plate Boundary,1885.0,6.0,Foredeep Basin,Low,Dhaka
Shariatpur,8430037,Dhaka,2017,5,3,2,1,1,0,0,0,23.22,90.35,Foredeep Basin,150.0,Indian–Burma Plate Boundary,1885.0,6.0,Foredeep Basin,Low,Dhaka
Tangail,1000417,Dhaka,2017,5,4,1,1,0,0,0,0,24.25,89.9167,Madhupur Fault Zone,90.0,Indian–Burma Plate Boundary,1885.0,7.2,Madhupur Fault,Medium,Dhaka
Tangail,6174627,Dhaka,2017,10,7,0,0,0,0,0,0,24.25,89.9167,Madhupur Fault Zone,90.0,Indian–Burma Plate Boundary,1885.0,7.2,Madhupur Fault,Medium,Dhaka
Bagerhat,1255409,Khulna,2017,3,2,0,0,0,0,0,0,22.65,89.7667,Stable Platform Zone,230.0,Indian–Burma Plate Boundary,1950.0,6.0,Bogra Fault,Low,Khulna
Bagerhat,1272629,Khulna,2017,3,3,0,0,0,0,0,0,22.65,89.7667,Stable Platform Zone,230.0,Indian–Burma Plate Boundary,1950.0,6.0,Bogra Fault,Low,Khulna
Chuadanga,827934,Khulna,2017,2,2,0,0,0,0,0,0,23.63,88.83,Stable Platform Zone,180.0,Indian–Burma Plate Boundary,1950.0,6.0,Stable Platform,Low,Khulna
Chuadanga,1256844,Khulna,2017,1,1,1,0,0,0,0,0,23.63,88.83,Stable Platform Zone,180.0,Indian–Burma Plate Boundary,1950.0,6.0,Stable Platform,Low,Khulna
Jessore,2410119,Khulna,2017,3,2,1,0,0,0,0,0,23.1707,89.2124,Stable Platform Zone,210.0,Indian–Burma Plate Boundary,1950.0,6.0,Stable Platform,Low,Khulna
Jessore,1450843,Khulna,2017,1,1,0,0,0,0,0,0,23.1707,89.2124,Stable Platform Zone,210.0,Indian–Burma Plate Boundary,1950.0,6.0,Stable Platform,Low,Khulna
Jhenaidah,1898706,Khulna,2017,3,1,1,0,0,0,0,0,23.55,89.15,Stable Platform Zone,200.0,Indian–Burma Plate Boundary,1950.0,6.0,Stable Platform,Low,Khulna
Jhenaidah,1262176,Khulna,2017,5,3,3,2,1,0,0,0,23.55,89.15,Stable Platform Zone,200.0,Indian–Burma Plate Boundary,1950.0,6.0,Stable Platform,Low,Khulna
Khulna,2009731,Khulna,2017,2,0,0,0,0,0,0,0,22.8167,89.55,Stable Platform Zone,220.0,Indian–Burma Plate Boundary,1950.0,6.0,Bogra Fault,Low,Khulna
Khulna,981362,Khulna,2017,2,1,0,0,0,0,0,0,22.8167,89.55,Stable Platform Zone,220.0,Indian–Burma Plate Boundary,1950.0,6.0,Bogra Fault,Low,Khulna
Kushtia,841985,Khulna,2017,4,2,0,0,0,0,0,0,23.9,89.12,Stable Platform Zone,170.0,Indian–Burma Plate Boundary,1950.0,6.0,Stable Platform,Low,Khulna
Kushtia,956257,Khulna,2017,5,2,2,1,0,0,0,0,23.9,89.12,Stable Platform Zone,170.0,Indian–Burma Plate Boundary,1950.0,6.0,Stable Platform,Low,Khulna
Magura,2737204,Khulna,2017,1,0,0,0,0,0,0,0,23.49,89.42,Stable Platform Zone,200.0,Indian–Burma Plate Boundary,1950.0,6.0,Stable Platform,Low,Khulna
Magura,771653,Khulna,2017,2,2,0,0,0,0,0,0,23.49,89.42,Stable Platform Zone,200.0,Indian–Burma Plate Boundary,1950.0,6.0,Stable Platform,Low,Khulna
Meherpur,2276230,Khulna,2017,5,4,0,0,0,0,0,0,23.77,88.63,Stable Platform Zone,200.0,Indian–Burma Plate Boundary,1950.0,6.0,Stable Platform,Low,Khulna
Meherpur,1408612,Khulna,2017,4,4,2,1,0,0,0,0,23.77,88.63,Stable Platform Zone,200.0,Indian–Burma Plate Boundary,1950.0,6.0,Stable Platform,Low,Khulna
Narail,674781,Khulna,2017,3,1,0,0,0,0,0,0,23.18,89.5,Stable Platform Zone,190.0,Indian–Burma Plate Boundary,1950.0,6.0,Stable Platform,Low,Khulna
Narail,1729904,Khulna,2017,6,4,2,0,0,0,0,0,23.18,89.5,Stable Platform Zone,190.0,Indian–Burma Plate Boundary,1950.0,6.0,Stable Platform,Low,Khulna
Satkhira,2888207,Khulna,2017,1,1,0,0,0,0,0,0,22.7234,89.0751,Stable Platform Zone,250.0,Indian–Burma Plate Boundary,1950.0,6.0,Stable Platform,Low,Khulna
Satkhira,1323873,Khulna,2017,4,4,1,0,0,0,0,0,22.7234,89.0751,Stable Platform Zone,250.0,Indian–Burma Plate Boundary,1950.0,6.0,Stable Platform,Low,Khulna
Jamalpur,2320533,Mymensingh,2017,1,1,1,0,0,0,0,0,24.923,89.9501,Madhupur Fault Zone,100.0,Indian–Burma Plate Boundary,1897.0,7.5,Madhupur Fault,Medium,Mymensingh
Mymensingh,2503381,Mymensingh,2017,2,0,0,0,0,0,0,0,24.7434,90.3984,Madhupur Fault Zone,80.0,Indian–Burma Plate Boundary,1897.0,7.5,Madhupur Fault,Medium,Mymensingh
Mymensingh,869118,Mymensingh,2017,3,2,0,0,0,0,0,0,24.7434,90.3984,Madhupur Fault Zone,80.0,Indian–Burma Plate Boundary,1897.0,7.5,Madhupur Fault,Medium,Mymensingh
Sherpur,2215547,Mymensingh,2017,2,2,2,0,0,0,0,0,25.0188,90.0175,Madhupur Fault Zone,95.0,Indian–Burma Plate Boundary,1897.0,7.5,Madhupur Fault,Medium,Mymensingh
Bogra,761317,Rajshahi,2017,1,0,0,0,0,0,0,0,24.849,89.3677,Stable Platform Zone,140.0,Indian–Burma Plate Boundary,1950.0,6.0,Bogra Fault,Low,Rajshahi
Bogra,997877,Rajshahi,2017,2,1,1,0,0,0,0,0,24.849,89.3677,Stable Platform Zone,140.0,Indian–Burma Plate Boundary,1950.0,6.0,Bogra Fault,Low,Rajshahi
Joypurhat,731427,Rajshahi,2017,6,4,1,1,0,0,0,0,25.1,89.02,Stable Platform Zone,160.0,Indian–Burma Plate Boundary,1950.0,6.0,Stable Platform,Low,Rajshahi
Joypurhat,641311,Rajshahi,2017,4,2,2,1,0,0,0,0,25.1,89.02,Stable Platform Zone,160.0,Indian–Burma Plate Boundary,1950.0,6.0,Stable Platform,Low,Rajshahi
Naogaon,1854889,Rajshahi,2017,3,3,1,1,0,0,0,0,24.81,88.94,Stable Platform Zone,190.0,Indian–Burma Plate Boundary,1950.0,6.0,Bogra Fault,Low,Rajshahi
Naogaon,505542,Rajshahi,2017,3,2,0,0,0,0,0,0,24.81,88.94,Stable Platform Zone,190.0,Indian–Burma Plate Boundary,1950.0,6.0,Bogra Fault,Low,Rajshahi
Natore,880958,Rajshahi,2017,4,2,2,2,0,0,0,0,24.42,89.0,Stable Platform Zone,190.0,Indian–Burma Plate Boundary,1950.0,6.0,Bogra Fault,Low,Rajshahi
Natore,864053,Rajshahi,2017,2,1,1,1,0,0,0,0,24.42,89.0,Stable Platform Zone,190.0,Indian–Burma Plate Boundary,1950.0,6.0,Bogra Fault,Low,Rajshahi
Pabna,408391,Rajshahi,2017,4,4,0,0,0,0,0,0,24.0064,89.2493,Stable Platform Zone,160.0,Indian–Burma Plate Boundary,1950.0,6.0,Stable Platform,Low,Rajshahi
Pabna,1087082,Rajshahi,2017,4,2,1,1,0,0,0,0,24.0064,89.2493,Stable Platform Zone,160.0,Indian–Burma Plate Boundary,1950.0,6.0,Stable Platform,Low,Rajshahi
Rajshahi,574761,Rajshahi,2017,2,1,0,0,0,0,0,0,24.3745,88.6042,Stable Platform Zone,200.0,Indian–Burma Plate Boundary,1950.0,6.0,Bogra Fault,Low,Rajshahi
Rajshahi,406117,Rajshahi,2017,3,3,1,0,0,0,0,0,24.3745,88.6042,Stable Platform Zone,200.0,Indian–Burma Plate Boundary,1950.0,6.0,Bogra Fault,Low,Rajshahi
Sirajganj,1669649,Rajshahi,2017,3,3,1,0,0,0,0,0,24.45,89.71,Stable Platform Zone,150.0,Indian–Burma Plate Boundary,1950.0,6.0,Stable Platform,Low,Rajshahi
Sirajganj,1008176,Rajshahi,2017,1,0,0,0,0,0,0,0,24.45,89.71,Stable Platform Zone,150.0,Indian–Burma Plate Boundary,1950.0,6.0,Stable Platform,Low,Rajshahi
Dinajpur,2760288,Rangpur,2017,6,4,3,1,0,0,0,0,25.625,88.65,Stable Platform Zone,120.0,Indian–Burma Plate Boundary,1950.0,6.5,Himalayan Frontal Zone,Medium,Rangpur
Dinajpur,763430,Rangpur,2017,7,3,1,1,0,0,0,0,25.625,88.65,Stable Platform Zone,120.0,Indian–Burma Plate Boundary,1950.0,6.5,Himalayan Frontal Zone,Medium,Rangpur
Gaibandha,427640,Rangpur,2017,5,4,3,1,0,0,0,0,25.33,89.55,Stable Platform Zone,130.0,Indian–Eurasian Plate Boundary,1950.0,6.5,Bogra Fault,Medium,Rangpur
Gaibandha,383783,Rangpur,2017,6,4,2,1,0,0,0,0,25.33,89.55,Stable Platform Zone,130.0,Indian–Eurasian Plate Boundary,1950.0,6.5,Bogra Fault,Medium,Rangpur
Kurigram,992893,Rangpur,2017,1,0,0,0,0,0,0,0,25.81,89.65,Himalayan Frontal Zone,110.0,Indian–Eurasian Plate Boundary,1950.0,8.6,Assam Fault Belt,High,Rangpur
Kurigram,230576,Rangpur,2017,6,3,1,1,0,0,0,0,25.81,89.65,Himalayan Frontal Zone,110.0,Indian–Eurasian Plate Boundary,1950.0,8.6,Assam Fault Belt,High,Rangpur
Lalmonirhat,2225647,Rangpur,2017,5,3,1,0,0,0,0,0,25.92,89.45,Himalayan Frontal Zone,100.0,Indian–Eurasian Plate Boundary,1950.0,8.6,Assam Fault Belt,High,Rangpur
Lalmonirhat,838126,Rangpur,2017,4,2,1,0,0,0,0,0,25.92,89.45,Himalayan Frontal Zone,100.0,Indian–Eurasian Plate Boundary,1950.0,8.6,Assam Fault Belt,High,Rangpur
Nilphamari,1501140,Rangpur,2017,2,1,0,0,0,0,0,0,25.95,88.85,Himalayan Frontal Zone,110.0,Indian–Eurasian Plate Boundary,1950.0,8.6,Assam Fault Belt,High,Rangpur
Nilphamari,132540,Rangpur,2017,4,2,2,0,0,0,0,0,25.95,88.85,Himalayan Frontal Zone,110.0,Indian–Eurasian Plate Boundary,1950.0,8.6,Assam Fault Belt,High,Rangpur
Panchagarh,2465537,Rangpur,2017,5,3,1,0,0,0,0,0,26.33,88.56,Himalayan Frontal Zone,90.0,Indian–Eurasian Plate Boundary,1950.0,8.6,Assam Fault Belt,High,Rangpur
Panchagarh,409893,Rangpur,2017,4,4,2,2,2,0,0,0,26.33,88.56,Himalayan Frontal Zone,90.0,Indian–Eurasian Plate Boundary,1950.0,8.6,Assam Fault Belt,High,Rangpur
Rangpur,804802,Rangpur,2017,2,2,1,0,0,0,0,0,25.7449,89.2756,Stable Platform Zone,130.0,Indian–Burma Plate Boundary,1950.0,6.5,Himalayan Frontal Zone,Medium,Rangpur
Rangpur,670173,Rangpur,2017,4,2,2,1,0,0,0,0,25.7449,89.2756,Stable Platform Zone,130.0,Indian–Burma Plate Boundary,1950.0,6.5,Himalayan Frontal Zone,Medium,Rangpur
Thakurgaon,1030921,Rangpur,2017,7,4,1,1,0,0,0,0,26.02,88.46,Himalayan Frontal Zone,100.0,Indian–Eurasian Plate Boundary,1950.0,8.6,Assam Fault Belt,High,Rangpur
Thakurgaon,422198,Rangpur,2017,4,4,1,0,0,0,0,0,26.02,88.46,Himalayan Frontal Zone,100.0,Indian–Eurasian Plate Boundary,1950.0,8.6,Assam Fault Belt,High,Rangpur
Habiganj,2055310,Sylhet,2017,10,6,3,2,1,0,0,0,24.38,91.42,Tripura Fold Belt,80.0,Indian–Burma Plate Boundary,1918.0,7.0,Tripura Thrust Zone,Medium,Sylhet
Habiganj,344086,Sylhet,2017,8,3,2,2,2,0,0,0,24.38,91.42,Tripura Fold Belt,80.0,Indian–Burma Plate Boundary,1918.0,7.0,Tripura Thrust Zone,Medium,Sylhet
Moulvibazar,561340,Sylhet,2017,9,6,2,0,0,0,0,0,24.48,91.77,Dauki Fault Zone,35.0,Indian–Burma Plate Boundary,1918.0,7.5,Dauki Fault,High,Sylhet
Moulvibazar,592281,Sylhet,2017,11,5,2,0,0,0,0,0,24.48,91.77,Dauki Fault Zone,35.0,Indian–Burma Plate Boundary,1918.0,7.5,Dauki Fault,High,Sylhet
Sunamganj,2380860,Sylhet,2017,7,3,3,0,0,0,0,0,25.07,91.4,Dauki Fault Zone,45.0,Indian–Burma Plate Boundary,1918.0,7.5,Dauki Fault,High,Sylhet
Sunamganj,851791,Sylhet,2017,13,10,4,4,0,0,0,0,25.07,91.4,Dauki Fault Zone,45.0,Indian–Burma Plate Boundary,1918.0,7.5,Dauki Fault,High,Sylhet
Sylhet,844099,Sylhet,2017,13,11,3,2,1,0,0,0,24.899,91.872,Dauki Fault Zone,30.0,Indian–Burma Plate Boundary,1918.0,7.5,Dauki Fault,High,Sylhet
Sylhet,552747,Sylhet,2017,7,3,1,1,0,0,0,0,24.899,91.872,Dauki Fault Zone,30.0,Indian–Burma Plate Boundary,1918.0,7.5,Dauki Fault,High,Sylhet
Barguna,2143488,Barisal,2018,1,1,0,0,0,0,0,0,22.15,90.13,Foredeep Basin,210.0,Indian–Burma Plate Boundary,1950.0,5.5,Foredeep Basin,Low,Barishal
Barguna,791715,Barisal,2018,2,2,0,0,0,0,0,0,22.15,90.13,Foredeep Basin,210.0,Indian–Burma Plate Boundary,1950.0,5.5,Foredeep Basin,Low,Barishal
Barishal,1809020,Barisal,2018,1,1,0,0,0,0,0,0,22.7,90.37,Foredeep Basin,180.0,Indian–Burma Plate Boundary,1950.0,5.5,Foredeep Basin,Low,Barishal
Barishal,473579,Barisal,2018,2,1,0,0,0,0,0,0,22.7,90.37,Foredeep Basin,180.0,Indian–Burma Plate Boundary,1950.0,5.5,Foredeep Basin,Low,Barishal
Bhola,2278892,Barisal,2018,3,2,0,0,0,0,0,0,22.69,90.65,Foredeep Basin,190.0,Indian–Burma Plate Boundary,1950.0,5.5,Foredeep Basin,Low,Barishal
Bhola,598876,Barisal,2018,2,1,1,0,0,0,0,0,22.69,90.65,Foredeep Basin,190.0,Indian–Burma Plate Boundary,1950.0,5.5,Foredeep Basin,Low,Barishal
Patuakhali,1941869,Barisal,2018,4,2,1,0,0,0,0,0,22.35,90.3,Foredeep Basin,200.0,Indian–Burma Plate Boundary,1950.0,5.5,Foredeep Basin,Low,Barishal
Patuakhali,224354,Barisal,2018,2,0,0,0,0,0,0,0,22.35,90.3,Foredeep Basin,200.0,Indian–Burma Plate Boundary,1950.0,5.5,Foredeep Basin,Low,Barishal
Pirojpur,1340100,Barisal,2018,0,0,0,0,0,0,0,0,22.58,89.98,Foredeep Basin,180.0,Indian–Burma Plate Boundary,1950.0,5.5,Foredeep Basin,Low,Barishal
Pirojpur,592499,Barisal,2018,1,0,0,0,0,0,0,0,22.58,89.98,Foredeep Basin,180.0,Indian–Burma Plate Boundary,1950.0,5.5,Foredeep Basin,Low,Barishal
Bandarban,1290594,Chittagong,2018,5,3,3,1,0,0,0,0,22.194,92.218,Indo‑Burma Fold Belt,25.0,Indian–Burma Plate Boundary,1762.0,8.0,Chittagong Hill Tracts Fold Belt,High,Chittagong
Bandarban,2075558,Chittagong,2018,9,5,2,0,0,0,0,0,22.194,92.218,Indo‑Burma Fold Belt,25.0,Indian–Burma Plate Boundary,1762.0,8.0,Chittagong Hill Tracts Fold Belt,High,Chittagong
Brahmanbaria,2684694,Chittagong,2018,9,4,1,1,0,0,0,0,23.96,91.11,Tripura Fold Belt,85.0,Indian–Burma Plate Boundary,1897.0,7.5,Tripura Thrust Zone,Medium,Chittagong
Brahmanbaria,3772720,Chittagong,2018,9,7,3,1,0,0,0,0,23.96,91.11,Tripura Fold Belt,85.0,Indian–Burma Plate Boundary,1897.0,7.5,Tripura Thrust Zone,Medium,Chittagong
Chandpur,2207437,Chittagong,2018,5,3,0,0,0,0,0,0,23.23,90.65,Foredeep Basin,150.0,Indian–Burma Plate Boundary,1897.0,6.5,Surma Basin,Low,Chittagong
Chandpur,3319226,Chittagong,2018,5,4,1,1,0,0,0,0,23.23,90.65,Foredeep Basin,150.0,Indian–Burma Plate Boundary,1897.0,6.5,Surma Basin,Low,Chittagong
Chittagong,1836492,Chittagong,2018,6,4,1,1,0,0,0,0,22.3419,91.8155,Indo‑Burma Subduction Zone,25.0,Indian–Burma Plate Boundary,1762.0,8.5,Arakan–Burma Subduction,High,Chittagong
Chittagong,5497958,Chittagong,2018,7,3,1,1,1,0,0,0,22.3419,91.8155,Indo‑Burma Subduction Zone,25.0,Indian–Burma Plate Boundary,1762.0,8.5,Arakan–Burma Subduction,High,Chittagong
Comilla,444302,Chittagong,2018,5,4,1,1,1,0,0,0,23.45,91.1999,Tripura Fold Belt,80.0,Indian–Burma Plate Boundary,1897.0,7.5,Tripura Thrust Zone,Medium,Chittagong
Comilla,3941545,Chittagong,2018,11,6,2,0,0,0,0,0,23.45,91.1999,Tripura Fold Belt,80.0,Indian–Burma Plate Boundary,1897.0,7.5,Tripura Thrust Zone,Medium,Chittagong
Cox's Bazar,2098594,Chittagong,2018,8,4,4,2,0,0,0,0,21.4272,92.0058,Indo‑Burma Subduction Zone,15.0,Indian–Burma Plate Boundary,1762.0,8.5,Arakan Subduction,High,Chittagong
Cox's Bazar,5529000,Chittagong,2018,14,6,6,1,0,0,0,0,21.4272,92.0058,Indo‑Burma Subduction Zone,15.0,Indian–Burma Plate Boundary,1762.0,8.5,Arakan Subduction,High,Chittagong
Feni,1781966,Chittagong,2018,9,4,1,0,0,0,0,0,23.02,91.4,Tripura Fold Belt,90.0,Indian–Burma Plate Boundary,1897.0,7.5,Tripura Thrust Zone,Medium,Chittagong
Feni,3252322,Chittagong,2018,8,6,2,2,1,1,0,0,23.02,91.4,Tripura Fold Belt,90.0,Indian–Burma Plate Boundary,1897.0,7.5,Tripura Thrust Zone,Medium,Chittagong
Lakshmipur,2119024,Chittagong,2018,7,4,3,2,0,0,0,0,22.95,90.83,Tripura Fold Belt,100.0,Indian–Burma Plate Boundary,1897.0,7.5,Tripura Thrust Zone,Medium,Chittagong
Lakshmipur,2647545,Chittagong,2018,12,4,4,3,0,0,0,0,22.95,90.83,Tripura Fold Belt,100.0,Indian–Burma Plate Boundary,1897.0,7.5,Tripura Thrust Zone,Medium,Chittagong
Noakhali,2148393,Chittagong,2018,7,6,1,0,0,0,0,0,22.82,91.1,Tripura Fold Belt,90.0,Indian–Burma Plate Boundary,1897.0,7.5,Tripura Thrust Zone,Medium,Chittagong
Noakhali,2274930,Chittagong,2018,2,2,2,0,0,0,0,0,22.82,91.1,Tripura Fold Belt,90.0,Indian–Burma Plate Boundary,1897.0,7.5,Tripura Thrust Zone,Medium,Chittagong
Rangamati,682152,Chittagong,2018,9,7,5,3,1,0,0,0,22.65,92.17,Indo‑Burma Fold Belt,50.0,Indian–Burma Plate Boundary,1762.0,7.0,Tripura Fold Belt,High,Chittagong
Rangamati,2307054,Chittagong,2018,3,2,1,0,0,0,0,0,22.65,92.17,Indo‑Burma Fold Belt,50.0,Indian–Burma Plate Boundary,1762.0,7.0,Tripura Fold Belt,High,Chittagong
Dhaka,1255528,Dhaka,2018,2,1,0,0,0,0,0,0,23.8103,90.4125,Madhupur Fault Zone,100.0,Indian–Burma Plate Boundary,1885.0,7.2,Madhupur Fault,Medium,Dhaka
Dhaka,11232700,Dhaka,2018,1,0,0,0,0,0,0,0,23.8103,90.4125,Madhupur Fault Zone,100.0,Indian–Burma Plate Boundary,1885.0,7.2,Madhupur Fault,Medium,Dhaka
Faridpur,740276,Dhaka,2018,4,3,1,1,0,0,0,0,23.607,89.8429,Foredeep Basin,160.0,Indian–Burma Plate Boundary,1885.0,6.0,Foredeep Basin,Low,Dhaka
Faridpur,6418386,Dhaka,2018,9,7,5,1,0,0,0,0,23.607,89.8429,Foredeep Basin,160.0,Indian–Burma Plate Boundary,1885.0,6.0,Foredeep Basin,Low,Dhaka
Gazipur,1474231,Dhaka,2018,2,2,1,0,0,0,0,0,24.0,90.4167,Madhupur Fault Zone,95.0,Indian–Burma Plate Boundary,1885.0,7.2,Madhupur Fault,Medium,Dhaka
Gazipur,6890777,Dhaka,2018,3,2,0,0,0,0,0,0,24.0,90.4167,Madhupur Fault Zone,95.0,Indian–Burma Plate Boundary,1885.0,7.2,Madhupur Fault,Medium,Dhaka
Gopalganj,2536333,Dhaka,2018,2,1,1,0,0,0,0,0,23.02,89.83,Foredeep Basin,170.0,Indian–Burma Plate Boundary,1885.0,6.0,Foredeep Basin,Low,Dhaka
Gopalganj,9184908,Dhaka,2018,3,1,0,0,0,0,0,0,23.02,89.83,Foredeep Basin,170.0,Indian–Burma Plate Boundary,1885.0,6.0,Foredeep Basin,Low,Dhaka
Kishoreganj,433788,Dhaka,2018,3,2,0,0,0,0,0,0,24.44,90.77,Madhupur Fault Zone,100.0,Indian–Burma Plate Boundary,1885.0,7.2,Madhupur Fault,Medium,Dhaka
Madaripur,2464006,Dhaka,2018,2,1,0,0,0,0,0,0,23.17,90.19,Foredeep Basin,150.0,Indian–Burma Plate Boundary,1885.0,6.0,Foredeep Basin,Low,Dhaka
Madaripur,7872632,Dhaka,2018,1,1,0,0,0,0,0,0,23.17,90.19,Foredeep Basin,150.0,Indian–Burma Plate Boundary,1885.0,6.0,Foredeep Basin,Low,Dhaka
Manikganj,2150638,Dhaka,2018,5,1,0,0,0,0,0,0,23.86,90.0,Madhupur Fault Zone,90.0,Indian–Burma Plate Boundary,1885.0,7.2,Madhupur Fault,Medium,Dhaka
Manikganj,7533740,Dhaka,2018,2,0,0,0,0,0,0,0,23.86,90.0,Madhupur Fault Zone,90.0,Indian–Burma Plate Boundary,1885.0,7.2,Madhupur Fault,Medium,Dhaka
Munshiganj,2597893,Dhaka,2018,4,4,2,2,0,0,0,0,23.54,90.53,Foredeep Basin,130.0,Indian–Burma Plate Boundary,1885.0,6.0,Foredeep Basin,Low,Dhaka
Munshiganj,9062244,Dhaka,2018,4,2,1,1,0,0,0,0,23.54,90.53,Foredeep Basin,130.0,Indian–Burma Plate Boundary,1885.0,6.0,Foredeep Basin,Low,Dhaka
Narayanganj,2821703,Dhaka,2018,2,1,0,0,0,0,0,0,23.6226,90.501,Madhupur Fault Zone,110.0,Indian–Burma Plate Boundary,1885.0,7.2,Madhupur Fault,Medium,Dhaka
Narayanganj,10290997,Dhaka,2018,1,1,0,0,0,0,0,0,23.6226,90.501,Madhupur Fault Zone,110.0,Indian–Burma Plate Boundary,1885.0,7.2,Madhupur Fault,Medium,Dhaka
Narsingdi,2728900,Dhaka,2018,1,1,0,0,0,0,0,0,23.9207,90.7188,Madhupur Fault Zone,110.0,Indian–Burma Plate Boundary,1885.0,7.2,Madhupur Fault,Medium,Dhaka
Narsingdi,6618042,Dhaka,2018,4,3,1,1,1,0,0,0,23.9207,90.7188,Madhupur Fault Zone,110.0,Indian–Burma Plate Boundary,1885.0,7.2,Madhupur Fault,Medium,Dhaka
Rajbari,1632833,Dhaka,2018,3,3,2,0,0,0,0,0,23.72,89.65,Foredeep Basin,180.0,Indian–Burma Plate Boundary,1885.0,6.0,Foredeep Basin,Low,Dhaka
Rajbari,5963303,Dhaka,2018,6,4,1,1,0,0,0,0,23.72,89.65,Foredeep Basin,180.0,Indian–Burma Plate Boundary,1885.0,6.0,Foredeep Basin,Low,Dhaka
Shariatpur,2867160,Dhaka,2018,3,3,1,0,0,0,0,0,23.22,90.35,Foredeep Basin,150.0,Indian–Burma Plate Boundary,1885.0,6.0,Foredeep Basin,Low,Dhaka
Shariatpur,8995108,Dhaka,2018,2,1,0,0,0,0,0,0,23.22,90.35,Foredeep Basin,150.0,Indian–Burma Plate Boundary,1885.0,6.0,Foredeep Basin,Low,Dhaka
Tangail,1089994,Dhaka,2018,4,0,0,0,0,0,0,0,24.25,89.9167,Madhupur Fault Zone,90.0,Indian–Burma Plate Boundary,1885.0,7.2,Madhupur Fault,Medium,Dhaka
Tangail,6919126,Dhaka,2018,4,2,2,0,0,0,0,0,24.25,89.9167,Madhupur Fault Zone,90.0,Indian–Burma Plate Boundary,1885.0,7.2,Madhupur Fault,Medium,Dhaka
Bagerhat,1550922,Khulna,2018,3,0,0,0,0,0,0,0,22.65,89.7667,Stable Platform Zone,230.0,Indian–Burma Plate Boundary,1950.0,6.0,Bogra Fault,Low,Khulna
Bagerhat,1204827,Khulna,2018,6,4,3,0,0,0,0,0,22.65,89.7667,Stable Platform Zone,230.0,Indian–Burma Plate Boundary,1950.0,6.0,Bogra Fault,Low,Khulna
Chuadanga,2605032,Khulna,2018,8,5,2,2,0,0,0,0,23.63,88.83,Stable Platform Zone,180.0,Indian–Burma Plate Boundary,1950.0,6.0,Stable Platform,Low,Khulna
Chuadanga,1204109,Khulna,2018,2,0,0,0,0,0,0,0,23.63,88.83,Stable Platform Zone,180.0,Indian–Burma Plate Boundary,1950.0,6.0,Stable Platform,Low,Khulna
Jessore,529602,Khulna,2018,2,1,1,1,0,0,0,0,23.1707,89.2124,Stable Platform Zone,210.0,Indian–Burma Plate Boundary,1950.0,6.0,Stable Platform,Low,Khulna
Jessore,1457118,Khulna,2018,2,1,0,0,0,0,0,0,23.1707,89.2124,Stable Platform Zone,210.0,Indian–Burma Plate Boundary,1950.0,6.0,Stable Platform,Low,Khulna
Jhenaidah,1591659,Khulna,2018,1,1,0,0,0,0,0,0,23.55,89.15,Stable Platform Zone,200.0,Indian–Burma Plate Boundary,1950.0,6.0,Stable Platform,Low,Khulna
Jhenaidah,1454349,Khulna,2018,1,1,0,0,0,0,0,0,23.55,89.15,Stable Platform Zone,200.0,Indian–Burma Plate Boundary,1950.0,6.0,Stable Platform,Low,Khulna
Khulna,1231025,Khulna,2018,1,0,0,0,0,0,0,0,22.8167,89.55,Stable Platform Zone,220.0,Indian–Burma Plate Boundary,1950.0,6.0,Bogra Fault,Low,Khulna
Khulna,1623845,Khulna,2018,1,0,0,0,0,0,0,0,22.8167,89.55,Stable Platform Zone,220.0,Indian–Burma Plate Boundary,1950.0,6.0,Bogra Fault,Low,Khulna
Kushtia,1658622,Khulna,2018,5,4,2,0,0,0,0,0,23.9,89.12,Stable Platform Zone,170.0,Indian–Burma Plate Boundary,1950.0,6.0,Stable Platform,Low,Khulna
Kushtia,809389,Khulna,2018,3,1,0,0,0,0,0,0,23.9,89.12,Stable Platform Zone,170.0,Indian–Burma Plate Boundary,1950.0,6.0,Stable Platform,Low,Khulna
Magura,2602822,Khulna,2018,1,1,1,0,0,0,0,0,23.49,89.42,Stable Platform Zone,200.0,Indian–Burma Plate Boundary,1950.0,6.0,Stable Platform,Low,Khulna
Magura,1020587,Khulna,2018,2,1,1,0,0,0,0,0,23.49,89.42,Stable Platform Zone,200.0,Indian–Burma Plate Boundary,1950.0,6.0,Stable Platform,Low,Khulna
Meherpur,2019498,Khulna,2018,4,2,2,1,0,0,0,0,23.77,88.63,Stable Platform Zone,200.0,Indian–Burma Plate Boundary,1950.0,6.0,Stable Platform,Low,Khulna
Meherpur,1130532,Khulna,2018,3,2,2,2,0,0,0,0,23.77,88.63,Stable Platform Zone,200.0,Indian–Burma Plate Boundary,1950.0,6.0,Stable Platform,Low,Khulna
Narail,2314485,Khulna,2018,2,1,0,0,0,0,0,0,23.18,89.5,Stable Platform Zone,190.0,Indian–Burma Plate Boundary,1950.0,6.0,Stable Platform,Low,Khulna
Narail,1559128,Khulna,2018,0,0,0,0,0,0,0,0,23.18,89.5,Stable Platform Zone,190.0,Indian–Burma Plate Boundary,1950.0,6.0,Stable Platform,Low,Khulna
Satkhira,601342,Khulna,2018,3,1,0,0,0,0,0,0,22.7234,89.0751,Stable Platform Zone,250.0,Indian–Burma Plate Boundary,1950.0,6.0,Stable Platform,Low,Khulna
Satkhira,737180,Khulna,2018,5,1,0,0,0,0,0,0,22.7234,89.0751,Stable Platform Zone,250.0,Indian–Burma Plate Boundary,1950.0,6.0,Stable Platform,Low,Khulna
Jamalpur,1316192,Mymensingh,2018,3,3,0,0,0,0,0,0,24.923,89.9501,Madhupur Fault Zone,100.0,Indian–Burma Plate Boundary,1897.0,7.5,Madhupur Fault,Medium,Mymensingh
Mymensingh,1047269,Mymensingh,2018,5,4,1,0,0,0,0,0,24.7434,90.3984,Madhupur Fault Zone,80.0,Indian–Burma Plate Boundary,1897.0,7.5,Madhupur Fault,Medium,Mymensingh
Mymensingh,619949,Mymensingh,2018,6,4,0,0,0,0,0,0,24.7434,90.3984,Madhupur Fault Zone,80.0,Indian–Burma Plate Boundary,1897.0,7.5,Madhupur Fault,Medium,Mymensingh
Sherpur,2825405,Mymensingh,2018,2,2,1,1,0,0,0,0,25.0188,90.0175,Madhupur Fault Zone,95.0,Indian–Burma Plate Boundary,1897.0,7.5,Madhupur Fault,Medium,Mymensingh
Bogra,1915310,Rajshahi,2018,3,1,0,0,0,0,0,0,24.849,89.3677,Stable Platform Zone,140.0,Indian–Burma Plate Boundary,1950.0,6.0,Bogra Fault,Low,Rajshahi
Bogra,825783,Rajshahi,2018,6,3,3,1,0,0,0,0,24.849,89.3677,Stable Platform Zone,140.0,Indian–Burma Plate Boundary,1950.0,6.0,Bogra Fault,Low,Rajshahi
Joypurhat,1465948,Rajshahi,2018,0,0,0,0,0,0,0,0,25.1,89.02,Stable Platform Zone,160.0,Indian–Burma Plate Boundary,1950.0,6.0,Stable Platform,Low,Rajshahi
Joypurhat,944755,Rajshahi,2018,2,1,0,0,0,0,0,0,25.1,89.02,Stable Platform Zone,160.0,Indian–Burma Plate Boundary,1950.0,6.0,Stable Platform,Low,Rajshahi
Naogaon,1995381,Rajshahi,2018,3,2,1,1,0,0,0,0,24.81,88.94,Stable Platform Zone,190.0,Indian–Burma Plate Boundary,1950.0,6.0,Bogra Fault,Low,Rajshahi
Naogaon,422068,Rajshahi,2018,6,4,1,1,0,0,0,0,24.81,88.94,Stable Platform Zone,190.0,Indian–Burma Plate Boundary,1950.0,6.0,Bogra Fault,Low,Rajshahi
Natore,817462,Rajshahi,2018,4,1,1,1,0,0,0,0,24.42,89.0,Stable Platform Zone,190.0,Indian–Burma Plate Boundary,1950.0,6.0,Bogra Fault,Low,Rajshahi
Natore,1172027,Rajshahi,2018,1,0,0,0,0,0,0,0,24.42,89.0,Stable Platform Zone,190.0,Indian–Burma Plate Boundary,1950.0,6.0,Bogra Fault,Low,Rajshahi
Pabna,692596,Rajshahi,2018,4,3,0,0,0,0,0,0,24.0064,89.2493,Stable Platform Zone,160.0,Indian–Burma Plate Boundary,1950.0,6.0,Stable Platform,Low,Rajshahi
Pabna,726632,Rajshahi,2018,2,1,1,0,0,0,0,0,24.0064,89.2493,Stable Platform Zone,160.0,Indian–Burma Plate Boundary,1950.0,6.0,Stable Platform,Low,Rajshahi
Rajshahi,791656,Rajshahi,2018,1,1,0,0,0,0,0,0,24.3745,88.6042,Stable Platform Zone,200.0,Indian–Burma Plate Boundary,1950.0,6.0,Bogra Fault,Low,Rajshahi
Rajshahi,963906,Rajshahi,2018,5,4,1,0,0,0,0,0,24.3745,88.6042,Stable Platform Zone,200.0,Indian–Burma Plate Boundary,1950.0,6.0,Bogra Fault,Low,Rajshahi
Sirajganj,707618,Rajshahi,2018,4,0,0,0,0,0,0,0,24.45,89.71,Stable Platform Zone,150.0,Indian–Burma Plate Boundary,1950.0,6.0,Stable Platform,Low,Rajshahi
Sirajganj,1162679,Rajshahi,2018,2,1,1,0,0,0,0,0,24.45,89.71,Stable Platform Zone,150.0,Indian–Burma Plate Boundary,1950.0,6.0,Stable Platform,Low,Rajshahi
Dinajpur,443768,Rangpur,2018,4,3,1,0,0,0,0,0,25.625,88.65,Stable Platform Zone,120.0,Indian–Burma Plate Boundary,1950.0,6.5,Himalayan Frontal Zone,Medium,Rangpur
Dinajpur,339693,Rangpur,2018,4,2,1,1,0,0,0,0,25.625,88.65,Stable Platform Zone,120.0,Indian–Burma Plate Boundary,1950.0,6.5,Himalayan Frontal Zone,Medium,Rangpur
Gaibandha,1261785,Rangpur,2018,3,2,1,0,0,0,0,0,25.33,89.55,Stable Platform Zone,130.0,Indian–Eurasian Plate Boundary,1950.0,6.5,Bogra Fault,Medium,Rangpur
Gaibandha,365154,Rangpur,2018,5,3,1,1,0,0,0,0,25.33,89.55,Stable Platform Zone,130.0,Indian–Eurasian Plate Boundary,1950.0,6.5,Bogra Fault,Medium,Rangpur
Kurigram,2641885,Rangpur,2018,2,2,1,0,0,0,0,0,25.81,89.65,Himalayan Frontal Zone,110.0,Indian–Eurasian Plate Boundary,1950.0,8.6,Assam Fault Belt,High,Rangpur
Kurigram,826835,Rangpur,2018,3,0,0,0,0,0,0,0,25.81,89.65,Himalayan Frontal Zone,110.0,Indian–Eurasian Plate Boundary,1950.0,8.6,Assam Fault Belt,High,Rangpur
Lalmonirhat,2584257,Rangpur,2018,0,0,0,0,0,0,0,0,25.92,89.45,Himalayan Frontal Zone,100.0,Indian–Eurasian Plate Boundary,1950.0,8.6,Assam Fault Belt,High,Rangpur
Lalmonirhat,765135,Rangpur,2018,6,5,2,0,0,0,0,0,25.92,89.45,Himalayan Frontal Zone,100.0,Indian–Eurasian Plate Boundary,1950.0,8.6,Assam Fault Belt,High,Rangpur
Nilphamari,1295104,Rangpur,2018,4,2,1,0,0,0,0,0,25.95,88.85,Himalayan Frontal Zone,110.0,Indian–Eurasian Plate Boundary,1950.0,8.6,Assam Fault Belt,High,Rangpur
Nilphamari,812078,Rangpur,2018,2,2,0,0,0,0,0,0,25.95,88.85,Himalayan Frontal Zone,110.0,Indian–Eurasian Plate Boundary,1950.0,8.6,Assam Fault Belt,High,Rangpur
Panchagarh,2141088,Rangpur,2018,5,3,2,0,0,0,0,0,26.33,88.56,Himalayan Frontal Zone,90.0,Indian–Eurasian Plate Boundary,1950.0,8.6,Assam Fault Belt,High,Rangpur
Panchagarh,366596,Rangpur,2018,5,4,2,0,0,0,0,0,26.33,88.56,Himalayan Frontal Zone,90.0,Indian–Eurasian Plate Boundary,1950.0,8.6,Assam Fault Belt,High,Rangpur
Rangpur,703933,Rangpur,2018,4,3,0,0,0,0,0,0,25.7449,89.2756,Stable Platform Zone,130.0,Indian–Burma Plate Boundary,1950.0,6.5,Himalayan Frontal Zone,Medium,Rangpur
Rangpur,508791,Rangpur,2018,7,3,1,1,0,0,0,0,25.7449,89.2756,Stable Platform Zone,130.0,Indian–Burma Plate Boundary,1950.0,6.5,Himalayan Frontal Zone,Medium,Rangpur
Thakurgaon,1401858,Rangpur,2018,4,1,1,0,0,0,0,0,26.02,88.46,Himalayan Frontal Zone,100.0,Indian–Eurasian Plate Boundary,1950.0,8.6,Assam Fault Belt,High,Rangpur
Thakurgaon,232453,Rangpur,2018,5,3,3,0,0,0,0,0,26.02,88.46,Himalayan Frontal Zone,100.0,Indian–Eurasian Plate Boundary,1950.0,8.6,Assam Fault Belt,High,Rangpur
Habiganj,1890386,Sylhet,2018,8,5,5,0,0,0,0,0,24.38,91.42,Tripura Fold Belt,80.0,Indian–Burma Plate Boundary,1918.0,7.0,Tripura Thrust Zone,Medium,Sylhet
Habiganj,678022,Sylhet,2018,9,5,5,0,0,0,0,0,24.38,91.42,Tripura Fold Belt,80.0,Indian–Burma Plate Boundary,1918.0,7.0,Tripura Thrust Zone,Medium,Sylhet
Moulvibazar,1974430,Sylhet,2018,15,11,8,3,2,0,0,0,24.48,91.77,Dauki Fault Zone,35.0,Indian–Burma Plate Boundary,1918.0,7.5,Dauki Fault,High,Sylhet
Moulvibazar,785288,Sylhet,2018,9,5,1,1,0,0,0,0,24.48,91.77,Dauki Fault Zone,35.0,Indian–Burma Plate Boundary,1918.0,7.5,Dauki Fault,High,Sylhet
Sunamganj,2576847,Sylhet,2018,6,2,2,0,0,0,0,0,25.07,91.4,Dauki Fault Zone,45.0,Indian–Burma Plate Boundary,1918.0,7.5,Dauki Fault,High,Sylhet
Sunamganj,379460,Sylhet,2018,20,11,5,1,1,0,0,0,25.07,91.4,Dauki Fault Zone,45.0,Indian–Burma Plate Boundary,1918.0,7.5,Dauki Fault,High,Sylhet
Sylhet,981955,Sylhet,2018,11,8,2,2,0,0,0,0,24.899,91.872,Dauki Fault Zone,30.0,Indian–Burma Plate Boundary,1918.0,7.5,Dauki Fault,High,Sylhet
Sylhet,473624,Sylhet,2018,14,13,5,1,0,0,0,0,24.899,91.872,Dauki Fault Zone,30.0,Indian–Burma Plate Boundary,1918.0,7.5,Dauki Fault,High,Sylhet
Barguna,631010,Barisal,2019,0,0,0,0,0,0,0,0,22.15,90.13,Foredeep Basin,210.0,Indian–Burma Plate Boundary,1950.0,5.5,Foredeep Basin,Low,Barishal
Barguna,837699,Barisal,2019,2,1,0,0,0,0,0,0,22.15,90.13,Foredeep Basin,210.0,Indian–Burma Plate Boundary,1950.0,5.5,Foredeep Basin,Low,Barishal
Barishal,550407,Barisal,2019,1,1,0,0,0,0,0,0,22.7,90.37,Foredeep Basin,180.0,Indian–Burma Plate Boundary,1950.0,5.5,Foredeep Basin,Low,Barishal
Barishal,271429,Barisal,2019,1,1,0,0,0,0,0,0,22.7,90.37,Foredeep Basin,180.0,Indian–Burma Plate Boundary,1950.0,5.5,Foredeep Basin,Low,Barishal
Bhola,1176533,Barisal,2019,2,2,1,0,0,0,0,0,22.69,90.65,Foredeep Basin,190.0,Indian–Burma Plate Boundary,1950.0,5.5,Foredeep Basin,Low,Barishal
Bhola,293735,Barisal,2019,1,0,0,0,0,0,0,0,22.69,90.65,Foredeep Basin,190.0,Indian–Burma Plate Boundary,1950.0,5.5,Foredeep Basin,Low,Barishal
Patuakhali,2150264,Barisal,2019,3,2,0,0,0,0,0,0,22.35,90.3,Foredeep Basin,200.0,Indian–Burma Plate Boundary,1950.0,5.5,Foredeep Basin,Low,Barishal
Patuakhali,387840,Barisal,2019,3,3,0,0,0,0,0,0,22.35,90.3,Foredeep Basin,200.0,Indian–Burma Plate Boundary,1950.0,5.5,Foredeep Basin,Low,Barishal
Pirojpur,684105,Barisal,2019,0,0,0,0,0,0,0,0,22.58,89.98,Foredeep Basin,180.0,Indian–Burma Plate Boundary,1950.0,5.5,Foredeep Basin,Low,Barishal
Pirojpur,996354,Barisal,2019,3,2,0,0,0,0,0,0,22.58,89.98,Foredeep Basin,180.0,Indian–Burma Plate Boundary,1950.0,5.5,Foredeep Basin,Low,Barishal
Bandarban,753970,Chittagong,2019,7,4,3,2,0,0,0,0,22.194,92.218,Indo‑Burma Fold Belt,25.0,Indian–Burma Plate Boundary,1762.0,8.0,Chittagong Hill Tracts Fold Belt,High,Chittagong
Bandarban,5729332,Chittagong,2019,4,4,3,1,1,0,0,0,22.194,92.218,Indo‑Burma Fold Belt,25.0,Indian–Burma Plate Boundary,1762.0,8.0,Chittagong Hill Tracts Fold Belt,High,Chittagong
Brahmanbaria,1383406,Chittagong,2019,4,1,0,0,0,0,0,0,23.96,91.11,Tripura Fold Belt,85.0,Indian–Burma Plate Boundary,1897.0,7.5,Tripura Thrust Zone,Medium,Chittagong
Brahmanbaria,2279971,Chittagong,2019,6,3,2,0,0,0,0,0,23.96,91.11,Tripura Fold Belt,85.0,Indian–Burma Plate Boundary,1897.0,7.5,Tripura Thrust Zone,Medium,Chittagong
Chandpur,2347870,Chittagong,2019,4,2,1,0,0,0,0,0,23.23,90.65,Foredeep Basin,150.0,Indian–Burma Plate Boundary,1897.0,6.5,Surma Basin,Low,Chittagong
Chandpur,2790275,Chittagong,2019,9,3,3,3,0,0,0,0,23.23,90.65,Foredeep Basin,150.0,Indian–Burma Plate Boundary,1897.0,6.5,Surma Basin,Low,Chittagong
Chittagong,405717,Chittagong,2019,5,2,1,0,0,0,0,0,22.3419,91.8155,Indo‑Burma Subduction Zone,25.0,Indian–Burma Plate Boundary,1762.0,8.5,Arakan–Burma Subduction,High,Chittagong
Chittagong,2219022,Chittagong,2019,5,5,0,0,0,0,0,0,22.3419,91.8155,Indo‑Burma Subduction Zone,25.0,Indian–Burma Plate Boundary,1762.0,8.5,Arakan–Burma Subduction,High,Chittagong
Comilla,1892328,Chittagong,2019,6,4,3,1,0,0,0,0,23.45,91.1999,Tripura Fold Belt,80.0,Indian–Burma Plate Boundary,1897.0,7.5,Tripura Thrust Zone,Medium,Chittagong
Comilla,3653053,Chittagong,2019,5,4,3,2,1,0,0,0,23.45,91.1999,Tripura Fold Belt,80.0,Indian–Burma Plate Boundary,1897.0,7.5,Tripura Thrust Zone,Medium,Chittagong
Cox's Bazar,2108645,Chittagong,2019,4,2,2,0,0,0,0,0,21.4272,92.0058,Indo‑Burma Subduction Zone,15.0,Indian–Burma Plate Boundary,1762.0,8.5,Arakan Subduction,High,Chittagong
Cox's Bazar,3491128,Chittagong,2019,9,5,3,3,0,0,0,0,21.4272,92.0058,Indo‑Burma Subduction Zone,15.0,Indian–Burma Plate Boundary,1762.0,8.5,Arakan Subduction,High,Chittagong
Feni,723163,Chittagong,2019,6,3,3,0,0,0,0,0,23.02,91.4,Tripura Fold Belt,90.0,Indian–Burma Plate Boundary,1897.0,7.5,Tripura Thrust Zone,Medium,Chittagong
Feni,4915310,Chittagong,2019,12,7,4,2,1,0,0,0,23.02,91.4,Tripura Fold Belt,90.0,Indian–Burma Plate Boundary,1897.0,7.5,Tripura Thrust Zone,Medium,Chittagong
Lakshmipur,1436860,Chittagong,2019,4,2,1,1,0,0,0,0,22.95,90.83,Tripura Fold Belt,100.0,Indian–Burma Plate Boundary,1897.0,7.5,Tripura Thrust Zone,Medium,Chittagong
Lakshmipur,5593518,Chittagong,2019,6,5,3,0,0,0,0,0,22.95,90.83,Tripura Fold Belt,100.0,Indian–Burma Plate Boundary,1897.0,7.5,Tripura Thrust Zone,Medium,Chittagong
Noakhali,2776282,Chittagong,2019,9,4,1,1,0,0,0,0,22.82,91.1,Tripura Fold Belt,90.0,Indian–Burma Plate Boundary,1897.0,7.5,Tripura Thrust Zone,Medium,Chittagong
Noakhali,5979728,Chittagong,2019,10,6,0,0,0,0,0,0,22.82,91.1,Tripura Fold Belt,90.0,Indian–Burma Plate Boundary,1897.0,7.5,Tripura Thrust Zone,Medium,Chittagong
Rangamati,1635896,Chittagong,2019,4,3,0,0,0,0,0,0,22.65,92.17,Indo‑Burma Fold Belt,50.0,Indian–Burma Plate Boundary,1762.0,7.0,Tripura Fold Belt,High,Chittagong
Rangamati,2700565,Chittagong,2019,7,6,1,0,0,0,0,0,22.65,92.17,Indo‑Burma Fold Belt,50.0,Indian–Burma Plate Boundary,1762.0,7.0,Tripura Fold Belt,High,Chittagong
Dhaka,750648,Dhaka,2019,1,0,0,0,0,0,0,0,23.8103,90.4125,Madhupur Fault Zone,100.0,Indian–Burma Plate Boundary,1885.0,7.2,Madhupur Fault,Medium,Dhaka
Dhaka,9684953,Dhaka,2019,2,0,0,0,0,0,0,0,23.8103,90.4125,Madhupur Fault Zone,100.0,Indian–Burma Plate Boundary,1885.0,7.2,Madhupur Fault,Medium,Dhaka
Faridpur,2382535,Dhaka,2019,6,4,2,1,1,0,0,0,23.607,89.8429,Foredeep Basin,160.0,Indian–Burma Plate Boundary,1885.0,6.0,Foredeep Basin,Low,Dhaka
Faridpur,5327446,Dhaka,2019,2,1,0,0,0,0,0,0,23.607,89.8429,Foredeep Basin,160.0,Indian–Burma Plate Boundary,1885.0,6.0,Foredeep Basin,Low,Dhaka
Gazipur,1288441,Dhaka,2019,2,2,1,0,0,0,0,0,24.0,90.4167,Madhupur Fault Zone,95.0,Indian–Burma Plate Boundary,1885.0,7.2,Madhupur Fault,Medium,Dhaka
Gazipur,8169252,Dhaka,2019,3,2,1,1,0,0,0,0,24.0,90.4167,Madhupur Fault Zone,95.0,Indian–Burma Plate Boundary,1885.0,7.2,Madhupur Fault,Medium,Dhaka
Gopalganj,2758958,Dhaka,2019,2,1,1,0,0,0,0,0,23.02,89.83,Foredeep Basin,170.0,Indian–Burma Plate Boundary,1885.0,6.0,Foredeep Basin,Low,Dhaka
Gopalganj,7871068,Dhaka,2019,6,5,0,0,0,0,0,0,23.02,89.83,Foredeep Basin,170.0,Indian–Burma Plate Boundary,1885.0,6.0,Foredeep Basin,Low,Dhaka
Kishoreganj,1707464,Dhaka,2019,3,3,1,0,0,0,0,0,24.44,90.77,Madhupur Fault Zone,100.0,Indian–Burma Plate Boundary,1885.0,7.2,Madhupur Fault,Medium,Dhaka
Madaripur,1556325,Dhaka,2019,3,2,2,0,0,0,0,0,23.17,90.19,Foredeep Basin,150.0,Indian–Burma Plate Boundary,1885.0,6.0,Foredeep Basin,Low,Dhaka
Madaripur,11323596,Dhaka,2019,3,2,1,0,0,0,0,0,23.17,90.19,Foredeep Basin,150.0,Indian–Burma Plate Boundary,1885.0,6.0,Foredeep Basin,Low,Dhaka
Manikganj,2624233,Dhaka,2019,0,0,0,0,0,0,0,0,23.86,90.0,Madhupur Fault Zone,90.0,Indian–Burma Plate Boundary,1885.0,7.2,Madhupur Fault,Medium,Dhaka
Manikganj,10765868,Dhaka,2019,1,1,1,0,0,0,0,0,23.86,90.0,Madhupur Fault Zone,90.0,Indian–Burma Plate Boundary,1885.0,7.2,Madhupur Fault,Medium,Dhaka
Munshiganj,2354080,Dhaka,2019,3,2,1,0,0,0,0,0,23.54,90.53,Foredeep Basin,130.0,Indian–Burma Plate Boundary,1885.0,6.0,Foredeep Basin,Low,Dhaka
Munshiganj,11393005,Dhaka,2019,3,0,0,0,0,0,0,0,23.54,90.53,Foredeep Basin,130.0,Indian–Burma Plate Boundary,1885.0,6.0,Foredeep Basin,Low,Dhaka
Narayanganj,1012820,Dhaka,2019,4,2,2,0,0,0,0,0,23.6226,90.501,Madhupur Fault Zone,110.0,Indian–Burma Plate Boundary,1885.0,7.2,Madhupur Fault,Medium,Dhaka
Narayanganj,11693329,Dhaka,2019,8,6,2,0,0,0,0,0,23.6226,90.501,Madhupur Fault Zone,110.0,Indian–Burma Plate Boundary,1885.0,7.2,Madhupur Fault,Medium,Dhaka
Narsingdi,1713961,Dhaka,2019,1,0,0,0,0,0,0,0,23.9207,90.7188,Madhupur Fault Zone,110.0,Indian–Burma Plate Boundary,1885.0,7.2,Madhupur Fault,Medium,Dhaka
Narsingdi,5850995,Dhaka,2019,2,2,0,0,0,0,0,0,23.9207,90.7188,Madhupur Fault Zone,110.0,Indian–Burma Plate Boundary,1885.0,7.2,Madhupur Fault,Medium,Dhaka
Rajbari,2521404,Dhaka,2019,4,2,1,1,0,0,0,0,23.72,89.65,Foredeep Basin,180.0,Indian–Burma Plate Boundary,1885.0,6.0,Foredeep Basin,Low,Dhaka
Rajbari,5197207,Dhaka,2019,4,1,1,0,0,0,0,0,23.72,89.65,Foredeep Basin,180.0,Indian–Burma Plate Boundary,1885.0,6.0,Foredeep Basin,Low,Dhaka
Shariatpur,547178,Dhaka,2019,3,0,0,0,0,0,0,0,23.22,90.35,Foredeep Basin,150.0,Indian–Burma Plate Boundary,1885.0,6.0,Foredeep Basin,Low,Dhaka
Shariatpur,6479532,Dhaka,2019,4,3,2,1,0,0,0,0,23.22,90.35,Foredeep Basin,150.0,Indian–Burma Plate Boundary,1885.0,6.0,Foredeep Basin,Low,Dhaka
Tangail,2253557,Dhaka,2019,2,2,0,0,0,0,0,0,24.25,89.9167,Madhupur Fault Zone,90.0,Indian–Burma Plate Boundary,1885.0,7.2,Madhupur Fault,Medium,Dhaka
Tangail,8581150,Dhaka,2019,3,2,1,1,0,0,0,0,24.25,89.9167,Madhupur Fault Zone,90.0,Indian–Burma Plate Boundary,1885.0,7.2,Madhupur Fault,Medium,Dhaka
Bagerhat,1965513,Khulna,2019,1,0,0,0,0,0,0,0,22.65,89.7667,Stable Platform Zone,230.0,Indian–Burma Plate Boundary,1950.0,6.0,Bogra Fault,Low,Khulna
Bagerhat,1000417,Khulna,2019,7,6,0,0,0,0,0,0,22.65,89.7667,Stable Platform Zone,230.0,Indian–Burma Plate Boundary,1950.0,6.0,Bogra Fault,Low,Khulna
Chuadanga,2989245,Khulna,2019,2,0,0,0,0,0,0,0,23.63,88.83,Stable Platform Zone,180.0,Indian–Burma Plate Boundary,1950.0,6.0,Stable Platform,Low,Khulna
Chuadanga,1696409,Khulna,2019,1,0,0,0,0,0,0,0,23.63,88.83,Stable Platform Zone,180.0,Indian–Burma Plate Boundary,1950.0,6.0,Stable Platform,Low,Khulna
Jessore,1809300,Khulna,2019,1,0,0,0,0,0,0,0,23.1707,89.2124,Stable Platform Zone,210.0,Indian–Burma Plate Boundary,1950.0,6.0,Stable Platform,Low,Khulna
Jessore,884336,Khulna,2019,7,4,2,0,0,0,0,0,23.1707,89.2124,Stable Platform Zone,210.0,Indian–Burma Plate Boundary,1950.0,6.0,Stable Platform,Low,Khulna
Jhenaidah,2742354,Khulna,2019,4,1,1,1,0,0,0,0,23.55,89.15,Stable Platform Zone,200.0,Indian–Burma Plate Boundary,1950.0,6.0,Stable Platform,Low,Khulna
Jhenaidah,1574083,Khulna,2019,4,4,1,0,0,0,0,0,23.55,89.15,Stable Platform Zone,200.0,Indian–Burma Plate Boundary,1950.0,6.0,Stable Platform,Low,Khulna
Khulna,2477818,Khulna,2019,1,1,0,0,0,0,0,0,22.8167,89.55,Stable Platform Zone,220.0,Indian–Burma Plate Boundary,1950.0,6.0,Bogra Fault,Low,Khulna
Khulna,1663295,Khulna,2019,3,0,0,0,0,0,0,0,22.8167,89.55,Stable Platform Zone,220.0,Indian–Burma Plate Boundary,1950.0,6.0,Bogra Fault,Low,Khulna
Kushtia,541017,Khulna,2019,1,0,0,0,0,0,0,0,23.9,89.12,Stable Platform Zone,170.0,Indian–Burma Plate Boundary,1950.0,6.0,Stable Platform,Low,Khulna
Kushtia,1538598,Khulna,2019,5,3,1,1,0,0,0,0,23.9,89.12,Stable Platform Zone,170.0,Indian–Burma Plate Boundary,1950.0,6.0,Stable Platform,Low,Khulna
Magura,2414006,Khulna,2019,5,4,2,0,0,0,0,0,23.49,89.42,Stable Platform Zone,200.0,Indian–Burma Plate Boundary,1950.0,6.0,Stable Platform,Low,Khulna
Magura,811364,Khulna,2019,2,0,0,0,0,0,0,0,23.49,89.42,Stable Platform Zone,200.0,Indian–Burma Plate Boundary,1950.0,6.0,Stable Platform,Low,Khulna
Meherpur,1850620,Khulna,2019,2,0,0,0,0,0,0,0,23.77,88.63,Stable Platform Zone,200.0,Indian–Burma Plate Boundary,1950.0,6.0,Stable Platform,Low,Khulna
Meherpur,744831,Khulna,2019,3,1,0,0,0,0,0,0,23.77,88.63,Stable Platform Zone,200.0,Indian–Burma Plate Boundary,1950.0,6.0,Stable Platform,Low,Khulna
Narail,1868126,Khulna,2019,1,1,1,0,0,0,0,0,23.18,89.5,Stable Platform Zone,190.0,Indian–Burma Plate Boundary,1950.0,6.0,Stable Platform,Low,Khulna
Narail,1291131,Khulna,2019,7,4,2,1,1,0,0,0,23.18,89.5,Stable Platform Zone,190.0,Indian–Burma Plate Boundary,1950.0,6.0,Stable Platform,Low,Khulna
Satkhira,966732,Khulna,2019,2,2,1,0,0,0,0,0,22.7234,89.0751,Stable Platform Zone,250.0,Indian–Burma Plate Boundary,1950.0,6.0,Stable Platform,Low,Khulna
Satkhira,1329096,Khulna,2019,3,2,2,0,0,0,0,0,22.7234,89.0751,Stable Platform Zone,250.0,Indian–Burma Plate Boundary,1950.0,6.0,Stable Platform,Low,Khulna
Jamalpur,481967,Mymensingh,2019,4,2,1,1,0,0,0,0,24.923,89.9501,Madhupur Fault Zone,100.0,Indian–Burma Plate Boundary,1897.0,7.5,Madhupur Fault,Medium,Mymensingh
Mymensingh,605259,Mymensingh,2019,3,1,1,1,0,0,0,0,24.7434,90.3984,Madhupur Fault Zone,80.0,Indian–Burma Plate Boundary,1897.0,7.5,Madhupur Fault,Medium,Mymensingh
Mymensingh,187269,Mymensingh,2019,4,4,2,0,0,0,0,0,24.7434,90.3984,Madhupur Fault Zone,80.0,Indian–Burma Plate Boundary,1897.0,7.5,Madhupur Fault,Medium,Mymensingh
Sherpur,1694313,Mymensingh,2019,2,2,1,0,0,0,0,0,25.0188,90.0175,Madhupur Fault Zone,95.0,Indian–Burma Plate Boundary,1897.0,7.5,Madhupur Fault,Medium,Mymensingh
Bogra,805189,Rajshahi,2019,2,2,1,1,0,0,0,0,24.849,89.3677,Stable Platform Zone,140.0,Indian–Burma Plate Boundary,1950.0,6.0,Bogra Fault,Low,Rajshahi
Bogra,914317,Rajshahi,2019,3,2,0,0,0,0,0,0,24.849,89.3677,Stable Platform Zone,140.0,Indian–Burma Plate Boundary,1950.0,6.0,Bogra Fault,Low,Rajshahi
Joypurhat,2951093,Rajshahi,2019,1,0,0,0,0,0,0,0,25.1,89.02,Stable Platform Zone,160.0,Indian–Burma Plate Boundary,1950.0,6.0,Stable Platform,Low,Rajshahi
Joypurhat,832323,Rajshahi,2019,6,3,2,1,0,0,0,0,25.1,89.02,Stable Platform Zone,160.0,Indian–Burma Plate Boundary,1950.0,6.0,Stable Platform,Low,Rajshahi
Naogaon,2417901,Rajshahi,2019,1,0,0,0,0,0,0,0,24.81,88.94,Stable Platform Zone,190.0,Indian–Burma Plate Boundary,1950.0,6.0,Bogra Fault,Low,Rajshahi
Naogaon,861462,Rajshahi,2019,2,1,0,0,0,0,0,0,24.81,88.94,Stable Platform Zone,190.0,Indian–Burma Plate Boundary,1950.0,6.0,Bogra Fault,Low,Rajshahi
Natore,2469763,Rajshahi,2019,3,2,1,0,0,0,0,0,24.42,89.0,Stable Platform Zone,190.0,Indian–Burma Plate Boundary,1950.0,6.0,Bogra Fault,Low,Rajshahi
Natore,1061687,Rajshahi,2019,4,3,2,2,0,0,0,0,24.42,89.0,Stable Platform Zone,190.0,Indian–Burma Plate Boundary,1950.0,6.0,Bogra Fault,Low,Rajshahi
Pabna,1537026,Rajshahi,2019,4,4,2,0,0,0,0,0,24.0064,89.2493,Stable Platform Zone,160.0,Indian–Burma Plate Boundary,1950.0,6.0,Stable Platform,Low,Rajshahi
Pabna,761442,Rajshahi,2019,6,4,3,0,0,0,0,0,24.0064,89.2493,Stable Platform Zone,160.0,Indian–Burma Plate Boundary,1950.0,6.0,Stable Platform,Low,Rajshahi
Rajshahi,2500050,Rajshahi,2019,1,1,1,0,0,0,0,0,24.3745,88.6042,Stable Platform Zone,200.0,Indian–Burma Plate Boundary,1950.0,6.0,Bogra Fault,Low,Rajshahi
Rajshahi,766450,Rajshahi,2019,3,1,1,0,0,0,0,0,24.3745,88.6042,Stable Platform Zone,200.0,Indian–Burma Plate Boundary,1950.0,6.0,Bogra Fault,Low,Rajshahi
Sirajganj,1047437,Rajshahi,2019,3,2,0,0,0,0,0,0,24.45,89.71,Stable Platform Zone,150.0,Indian–Burma Plate Boundary,1950.0,6.0,Stable Platform,Low,Rajshahi
Sirajganj,1147676,Rajshahi,2019,1,1,0,0,0,0,0,0,24.45,89.71,Stable Platform Zone,150.0,Indian–Burma Plate Boundary,1950.0,6.0,Stable Platform,Low,Rajshahi
Dinajpur,454465,Rangpur,2019,3,1,1,0,0,0,0,0,25.625,88.65,Stable Platform Zone,120.0,Indian–Burma Plate Boundary,1950.0,6.5,Himalayan Frontal Zone,Medium,Rangpur
Dinajpur,939735,Rangpur,2019,5,3,1,1,0,0,0,0,25.625,88.65,Stable Platform Zone,120.0,Indian–Burma Plate Boundary,1950.0,6.5,Himalayan Frontal Zone,Medium,Rangpur
Gaibandha,2296281,Rangpur,2019,2,1,0,0,0,0,0,0,25.33,89.55,Stable Platform Zone,130.0,Indian–Eurasian Plate Boundary,1950.0,6.5,Bogra Fault,Medium,Rangpur
Gaibandha,139606,Rangpur,2019,4,1,1,1,0,0,0,0,25.33,89.55,Stable Platform Zone,130.0,Indian–Eurasian Plate Boundary,1950.0,6.5,Bogra Fault,Medium,Rangpur
Kurigram,2447660,Rangpur,2019,6,3,1,1,0,0,0,0,25.81,89.65,Himalayan Frontal Zone,110.0,Indian–Eurasian Plate Boundary,1950.0,8.6,Assam Fault Belt,High,Rangpur
Kurigram,589509,Rangpur,2019,2,0,0,0,0,0,0,0,25.81,89.65,Himalayan Frontal Zone,110.0,Indian–Eurasian Plate Boundary,1950.0,8.6,Assam Fault Belt,High,Rangpur
Lalmonirhat,1587695,Rangpur,2019,11,8,2,2,0,0,0,0,25.92,89.45,Himalayan Frontal Zone,100.0,Indian–Eurasian Plate Boundary,1950.0,8.6,Assam Fault Belt,High,Rangpur
Lalmonirhat,896813,Rangpur,2019,3,1,1,1,0,0,0,0,25.92,89.45,Himalayan Frontal Zone,100.0,Indian–Eurasian Plate Boundary,1950.0,8.6,Assam Fault Belt,High,Rangpur
Nilphamari,2583848,Rangpur,2019,3,1,1,1,0,0,0,0,25.95,88.85,Himalayan Frontal Zone,110.0,Indian–Eurasian Plate Boundary,1950.0,8.6,Assam Fault Belt,High,Rangpur
Nilphamari,343520,Rangpur,2019,4,2,2,2,0,0,0,0,25.95,88.85,Himalayan Frontal Zone,110.0,Indian–Eurasian Plate Boundary,1950.0,8.6,Assam Fault Belt,High,Rangpur
Panchagarh,2401006,Rangpur,2019,3,1,1,1,0,0,0,0,26.33,88.56,Himalayan Frontal Zone,90.0,Indian–Eurasian Plate Boundary,1950.0,8.6,Assam Fault Belt,High,Rangpur
Panchagarh,555866,Rangpur,2019,6,6,3,0,0,0,0,0,26.33,88.56,Himalayan Frontal Zone,90.0,Indian–Eurasian Plate Boundary,1950.0,8.6,Assam Fault Belt,High,Rangpur
Rangpur,515491,Rangpur,2019,2,2,0,0,0,0,0,0,25.7449,89.2756,Stable Platform Zone,130.0,Indian–Burma Plate Boundary,1950.0,6.5,Himalayan Frontal Zone,Medium,Rangpur
Rangpur,828353,Rangpur,2019,7,4,2,2,0,0,0,0,25.7449,89.2756,Stable Platform Zone,130.0,Indian–Burma Plate Boundary,1950.0,6.5,Himalayan Frontal Zone,Medium,Rangpur
Thakurgaon,1890302,Rangpur,2019,6,2,2,1,0,0,0,0,26.02,88.46,Himalayan Frontal Zone,100.0,Indian–Eurasian Plate Boundary,1950.0,8.6,Assam Fault Belt,High,Rangpur
Thakurgaon,300743,Rangpur,2019,3,0,0,0,0,0,0,0,26.02,88.46,Himalayan Frontal Zone,100.0,Indian–Eurasian Plate Boundary,1950.0,8.6,Assam Fault Belt,High,Rangpur
Habiganj,2289752,Sylhet,2019,9,6,1,0,0,0,0,0,24.38,91.42,Tripura Fold Belt,80.0,Indian–Burma Plate Boundary,1918.0,7.0,Tripura Thrust Zone,Medium,Sylhet
Habiganj,289777,Sylhet,2019,10,5,4,1,0,0,0,0,24.38,91.42,Tripura Fold Belt,80.0,Indian–Burma Plate Boundary,1918.0,7.0,Tripura Thrust Zone,Medium,Sylhet
Moulvibazar,2681236,Sylhet,2019,10,5,5,1,0,0,0,0,24.48,91.77,Dauki Fault Zone,35.0,Indian–Burma Plate Boundary,1918.0,7.5,Dauki Fault,High,Sylhet
Moulvibazar,782327,Sylhet,2019,8,6,2,2,1,0,0,0,24.48,91.77,Dauki Fault Zone,35.0,Indian–Burma Plate Boundary,1918.0,7.5,Dauki Fault,High,Sylhet
Sunamganj,677289,Sylhet,2019,10,7,5,2,1,0,0,0,25.07,91.4,Dauki Fault Zone,45.0,Indian–Burma Plate Boundary,1918.0,7.5,Dauki Fault,High,Sylhet
Sunamganj,280158,Sylhet,2019,12,6,2,2,0,0,0,0,25.07,91.4,Dauki Fault Zone,45.0,Indian–Burma Plate Boundary,1918.0,7.5,Dauki Fault,High,Sylhet
Sylhet,617582,Sylhet,2019,7,3,3,1,0,0,0,0,24.899,91.872,Dauki Fault Zone,30.0,Indian–Burma Plate Boundary,1918.0,7.5,Dauki Fault,High,Sylhet
Sylhet,475295,Sylhet,2019,12,8,4,2,0,0,0,0,24.899,91.872,Dauki Fault Zone,30.0,Indian–Burma Plate Boundary,1918.0,7.5,Dauki Fault,High,Sylhet
Barguna,2910307,Barisal,2020,4,4,2,0,0,0,0,0,22.15,90.13,Foredeep Basin,210.0,Indian–Burma Plate Boundary,1950.0,5.5,Foredeep Basin,Low,Barishal
Barguna,603476,Barisal,2020,3,1,1,0,0,0,0,0,22.15,90.13,Foredeep Basin,210.0,Indian–Burma Plate Boundary,1950.0,5.5,Foredeep Basin,Low,Barishal
Barishal,2077497,Barisal,2020,1,1,0,0,0,0,0,0,22.7,90.37,Foredeep Basin,180.0,Indian–Burma Plate Boundary,1950.0,5.5,Foredeep Basin,Low,Barishal
Barishal,792977,Barisal,2020,2,1,1,0,0,0,0,0,22.7,90.37,Foredeep Basin,180.0,Indian–Burma Plate Boundary,1950.0,5.5,Foredeep Basin,Low,Barishal
Bhola,2914299,Barisal,2020,2,1,0,0,0,0,0,0,22.69,90.65,Foredeep Basin,190.0,Indian–Burma Plate Boundary,1950.0,5.5,Foredeep Basin,Low,Barishal
Bhola,136721,Barisal,2020,2,2,1,0,0,0,0,0,22.69,90.65,Foredeep Basin,190.0,Indian–Burma Plate Boundary,1950.0,5.5,Foredeep Basin,Low,Barishal
Patuakhali,1750501,Barisal,2020,1,0,0,0,0,0,0,0,22.35,90.3,Foredeep Basin,200.0,Indian–Burma Plate Boundary,1950.0,5.5,Foredeep Basin,Low,Barishal
Patuakhali,745005,Barisal,2020,5,1,1,1,0,0,0,0,22.35,90.3,Foredeep Basin,200.0,Indian–Burma Plate Boundary,1950.0,5.5,Foredeep Basin,Low,Barishal
Pirojpur,624435,Barisal,2020,2,2,1,0,0,0,0,0,22.58,89.98,Foredeep Basin,180.0,Indian–Burma Plate Boundary,1950.0,5.5,Foredeep Basin,Low,Barishal
Pirojpur,794018,Barisal,2020,4,1,1,0,0,0,0,0,22.58,89.98,Foredeep Basin,180.0,Indian–Burma Plate Boundary,1950.0,5.5,Foredeep Basin,Low,Barishal
Bandarban,1650793,Chittagong,2020,9,4,2,2,1,0,0,0,22.194,92.218,Indo‑Burma Fold Belt,25.0,Indian–Burma Plate Boundary,1762.0,8.0,Chittagong Hill Tracts Fold Belt,High,Chittagong
Bandarban,4466070,Chittagong,2020,9,6,4,2,1,0,0,0,22.194,92.218,Indo‑Burma Fold Belt,25.0,Indian–Burma Plate Boundary,1762.0,8.0,Chittagong Hill Tracts Fold Belt,High,Chittagong
Brahmanbaria,2186928,Chittagong,2020,5,1,1,1,0,0,0,0,23.96,91.11,Tripura Fold Belt,85.0,Indian–Burma Plate Boundary,1897.0,7.5,Tripura Thrust Zone,Medium,Chittagong
Brahmanbaria,3990066,Chittagong,2020,7,4,1,0,0,0,0,0,23.96,91.11,Tripura Fold Belt,85.0,Indian–Burma Plate Boundary,1897.0,7.5,Tripura Thrust Zone,Medium,Chittagong
Chandpur,850932,Chittagong,2020,5,5,0,0,0,0,0,0,23.23,90.65,Foredeep Basin,150.0,Indian–Burma Plate Boundary,1897.0,6.5,Surma Basin,Low,Chittagong
Chandpur,5723478,Chittagong,2020,7,6,2,1,0,0,0,0,23.23,90.65,Foredeep Basin,150.0,Indian–Burma Plate Boundary,1897.0,6.5,Surma Basin,Low,Chittagong
Chittagong,2768314,Chittagong,2020,4,1,1,1,0,0,0,0,22.3419,91.8155,Indo‑Burma Subduction Zone,25.0,Indian–Burma Plate Boundary,1762.0,8.5,Arakan–Burma Subduction,High,Chittagong
Chittagong,4003586,Chittagong,2020,8,7,3,1,0,0,0,0,22.3419,91.8155,Indo‑Burma Subduction Zone,25.0,Indian–Burma Plate Boundary,1762.0,8.5,Arakan–Burma Subduction,High,Chittagong
Comilla,1109526,Chittagong,2020,4,2,1,1,0,0,0,0,23.45,91.1999,Tripura Fold Belt,80.0,Indian–Burma Plate Boundary,1897.0,7.5,Tripura Thrust Zone,Medium,Chittagong
Comilla,2115067,Chittagong,2020,12,7,6,4,1,0,0,0,23.45,91.1999,Tripura Fold Belt,80.0,Indian–Burma Plate Boundary,1897.0,7.5,Tripura Thrust Zone,Medium,Chittagong
Cox's Bazar,1986868,Chittagong,2020,5,3,2,0,0,0,0,0,21.4272,92.0058,Indo‑Burma Subduction Zone,15.0,Indian–Burma Plate Boundary,1762.0,8.5,Arakan Subduction,High,Chittagong
Cox's Bazar,5087519,Chittagong,2020,10,5,5,0,0,0,0,0,21.4272,92.0058,Indo‑Burma Subduction Zone,15.0,Indian–Burma Plate Boundary,1762.0,8.5,Arakan Subduction,High,Chittagong
Feni,2482657,Chittagong,2020,8,5,1,1,0,0,0,0,23.02,91.4,Tripura Fold Belt,90.0,Indian–Burma Plate Boundary,1897.0,7.5,Tripura Thrust Zone,Medium,Chittagong
Feni,5152078,Chittagong,2020,7,4,2,1,0,0,0,0,23.02,91.4,Tripura Fold Belt,90.0,Indian–Burma Plate Boundary,1897.0,7.5,Tripura Thrust Zone,Medium,Chittagong
Lakshmipur,1763695,Chittagong,2020,2,2,0,0,0,0,0,0,22.95,90.83,Tripura Fold Belt,100.0,Indian–Burma Plate Boundary,1897.0,7.5,Tripura Thrust Zone,Medium,Chittagong
Lakshmipur,4768124,Chittagong,2020,10,5,5,1,0,0,0,0,22.95,90.83,Tripura Fold Belt,100.0,Indian–Burma Plate Boundary,1897.0,7.5,Tripura Thrust Zone,Medium,Chittagong
Noakhali,1461522,Chittagong,2020,8,4,3,1,0,0,0,0,22.82,91.1,Tripura Fold Belt,90.0,Indian–Burma Plate Boundary,1897.0,7.5,Tripura Thrust Zone,Medium,Chittagong
Noakhali,4865679,Chittagong,2020,7,5,2,2,1,0,0,0,22.82,91.1,Tripura Fold Belt,90.0,Indian–Burma Plate Boundary,1897.0,7.5,Tripura Thrust Zone,Medium,Chittagong
Rangamati,797291,Chittagong,2020,5,5,4,0,0,0,0,0,22.65,92.17,Indo‑Burma Fold Belt,50.0,Indian–Burma Plate Boundary,1762.0,7.0,Tripura Fold Belt,High,Chittagong
Rangamati,4972117,Chittagong,2020,10,7,5,1,1,0,0,0,22.65,92.17,Indo‑Burma Fold Belt,50.0,Indian–Burma Plate Boundary,1762.0,7.0,Tripura Fold Belt,High,Chittagong
Dhaka,819120,Dhaka,2020,2,0,0,0,0,0,0,0,23.8103,90.4125,Madhupur Fault Zone,100.0,Indian–Burma Plate Boundary,1885.0,7.2,Madhupur Fault,Medium,Dhaka
Dhaka,8539991,Dhaka,2020,2,2,1,1,0,0,0,0,23.8103,90.4125,Madhupur Fault Zone,100.0,Indian–Burma Plate Boundary,1885.0,7.2,Madhupur Fault,Medium,Dhaka
Faridpur,1753809,Dhaka,2020,2,0,0,0,0,0,0,0,23.607,89.8429,Foredeep Basin,160.0,Indian–Burma Plate Boundary,1885.0,6.0,Foredeep Basin,Low,Dhaka
Faridpur,9470711,Dhaka,2020,3,2,1,0,0,0,0,0,23.607,89.8429,Foredeep Basin,160.0,Indian–Burma Plate Boundary,1885.0,6.0,Foredeep Basin,Low,Dhaka
Gazipur,1042705,Dhaka,2020,5,0,0,0,0,0,0,0,24.0,90.4167,Madhupur Fault Zone,95.0,Indian–Burma Plate Boundary,1885.0,7.2,Madhupur Fault,Medium,Dhaka
Gazipur,7825064,Dhaka,2020,6,5,2,0,0,0,0,0,24.0,90.4167,Madhupur Fault Zone,95.0,Indian–Burma Plate Boundary,1885.0,7.2,Madhupur Fault,Medium,Dhaka
Gopalganj,2922711,Dhaka,2020,3,2,1,0,0,0,0,0,23.02,89.83,Foredeep Basin,170.0,Indian–Burma Plate Boundary,1885.0,6.0,Foredeep Basin,Low,Dhaka
Gopalganj,11476388,Dhaka,2020,3,2,0,0,0,0,0,0,23.02,89.83,Foredeep Basin,170.0,Indian–Burma Plate Boundary,1885.0,6.0,Foredeep Basin,Low,Dhaka
Kishoreganj,1053610,Dhaka,2020,3,1,1,0,0,0,0,0,24.44,90.77,Madhupur Fault Zone,100.0,Indian–Burma Plate Boundary,1885.0,7.2,Madhupur Fault,Medium,Dhaka
Madaripur,2454471,Dhaka,2020,4,4,1,0,0,0,0,0,23.17,90.19,Foredeep Basin,150.0,Indian–Burma Plate Boundary,1885.0,6.0,Foredeep Basin,Low,Dhaka
Madaripur,11889770,Dhaka,2020,4,3,3,0,0,0,0,0,23.17,90.19,Foredeep Basin,150.0,Indian–Burma Plate Boundary,1885.0,6.0,Foredeep Basin,Low,Dhaka
Manikganj,1759167,Dhaka,2020,1,0,0,0,0,0,0,0,23.86,90.0,Madhupur Fault Zone,90.0,Indian–Burma Plate Boundary,1885.0,7.2,Madhupur Fault,Medium,Dhaka
Manikganj,8259926,Dhaka,2020,2,1,0,0,0,0,0,0,23.86,90.0,Madhupur Fault Zone,90.0,Indian–Burma Plate Boundary,1885.0,7.2,Madhupur Fault,Medium,Dhaka
Munshiganj,792793,Dhaka,2020,3,2,2,0,0,0,0,0,23.54,90.53,Foredeep Basin,130.0,Indian–Burma Plate Boundary,1885.0,6.0,Foredeep Basin,Low,Dhaka
Munshiganj,10156317,Dhaka,2020,6,3,2,0,0,0,0,0,23.54,90.53,Foredeep Basin,130.0,Indian–Burma Plate Boundary,1885.0,6.0,Foredeep Basin,Low,Dhaka
Narayanganj,890839,Dhaka,2020,4,3,1,0,0,0,0,0,23.6226,90.501,Madhupur Fault Zone,110.0,Indian–Burma Plate Boundary,1885.0,7.2,Madhupur Fault,Medium,Dhaka
Narayanganj,6782607,Dhaka,2020,3,3,0,0,0,0,0,0,23.6226,90.501,Madhupur Fault Zone,110.0,Indian–Burma Plate Boundary,1885.0,7.2,Madhupur Fault,Medium,Dhaka
Narsingdi,2267351,Dhaka,2020,2,1,1,1,0,0,0,0,23.9207,90.7188,Madhupur Fault Zone,110.0,Indian–Burma Plate Boundary,1885.0,7.2,Madhupur Fault,Medium,Dhaka
Narsingdi,10211684,Dhaka,2020,4,4,0,0,0,0,0,0,23.9207,90.7188,Madhupur Fault Zone,110.0,Indian–Burma Plate Boundary,1885.0,7.2,Madhupur Fault,Medium,Dhaka
Rajbari,996032,Dhaka,2020,1,1,0,0,0,0,0,0,23.72,89.65,Foredeep Basin,180.0,Indian–Burma Plate Boundary,1885.0,6.0,Foredeep Basin,Low,Dhaka
Rajbari,5223756,Dhaka,2020,5,3,2,1,0,0,0,0,23.72,89.65,Foredeep Basin,180.0,Indian–Burma Plate Boundary,1885.0,6.0,Foredeep Basin,Low,Dhaka
Shariatpur,758827,Dhaka,2020,3,1,0,0,0,0,0,0,23.22,90.35,Foredeep Basin,150.0,Indian–Burma Plate Boundary,1885.0,6.0,Foredeep Basin,Low,Dhaka
Shariatpur,6013093,Dhaka,2020,5,3,0,0,0,0,0,0,23.22,90.35,Foredeep Basin,150.0,Indian–Burma Plate Boundary,1885.0,6.0,Foredeep Basin,Low,Dhaka
Tangail,1581420,Dhaka,2020,4,3,0,0,0,0,0,0,24.25,89.9167,Madhupur Fault Zone,90.0,Indian–Burma Plate Boundary,1885.0,7.2,Madhupur Fault,Medium,Dhaka
Tangail,10191513,Dhaka,2020,2,2,0,0,0,0,0,0,24.25,89.9167,Madhupur Fault Zone,90.0,Indian–Burma Plate Boundary,1885.0,7.2,Madhupur Fault,Medium,Dhaka
Bagerhat,1686106,Khulna,2020,2,1,0,0,0,0,0,0,22.65,89.7667,Stable Platform Zone,230.0,Indian–Burma Plate Boundary,1950.0,6.0,Bogra Fault,Low,Khulna
Bagerhat,769629,Khulna,2020,2,2,2,0,0,0,0,0,22.65,89.7667,Stable Platform Zone,230.0,Indian–Burma Plate Boundary,1950.0,6.0,Bogra Fault,Low,Khulna
Chuadanga,1074236,Khulna,2020,3,1,0,0,0,0,0,0,23.63,88.83,Stable Platform Zone,180.0,Indian–Burma Plate Boundary,1950.0,6.0,Stable Platform,Low,Khulna
Chuadanga,1548048,Khulna,2020,4,3,2,0,0,0,0,0,23.63,88.83,Stable Platform Zone,180.0,Indian–Burma Plate Boundary,1950.0,6.0,Stable Platform,Low,Khulna
Jessore,2117366,Khulna,2020,5,4,2,2,0,0,0,0,23.1707,89.2124,Stable Platform Zone,210.0,Indian–Burma Plate Boundary,1950.0,6.0,Stable Platform,Low,Khulna
Jessore,670776,Khulna,2020,5,2,2,0,0,0,0,0,23.1707,89.2124,Stable Platform Zone,210.0,Indian–Burma Plate Boundary,1950.0,6.0,Stable Platform,Low,Khulna
Jhenaidah,2658579,Khulna,2020,3,2,1,0,0,0,0,0,23.55,89.15,Stable Platform Zone,200.0,Indian–Burma Plate Boundary,1950.0,6.0,Stable Platform,Low,Khulna
Jhenaidah,1542359,Khulna,2020,2,1,0,0,0,0,0,0,23.55,89.15,Stable Platform Zone,200.0,Indian–Burma Plate Boundary,1950.0,6.0,Stable Platform,Low,Khulna
Khulna,496325,Khulna,2020,3,2,2,0,0,0,0,0,22.8167,89.55,Stable Platform Zone,220.0,Indian–Burma Plate Boundary,1950.0,6.0,Bogra Fault,Low,Khulna
Khulna,765286,Khulna,2020,5,3,2,0,0,0,0,0,22.8167,89.55,Stable Platform Zone,220.0,Indian–Burma Plate Boundary,1950.0,6.0,Bogra Fault,Low,Khulna
Kushtia,2890706,Khulna,2020,2,1,0,0,0,0,0,0,23.9,89.12,Stable Platform Zone,170.0,Indian–Burma Plate Boundary,1950.0,6.0,Stable Platform,Low,Khulna
Kushtia,1688560,Khulna,2020,1,1,0,0,0,0,0,0,23.9,89.12,Stable Platform Zone,170.0,Indian–Burma Plate Boundary,1950.0,6.0,Stable Platform,Low,Khulna
Magura,2158622,Khulna,2020,2,2,0,0,0,0,0,0,23.49,89.42,Stable Platform Zone,200.0,Indian–Burma Plate Boundary,1950.0,6.0,Stable Platform,Low,Khulna
Magura,1442531,Khulna,2020,7,4,1,0,0,0,0,0,23.49,89.42,Stable Platform Zone,200.0,Indian–Burma Plate Boundary,1950.0,6.0,Stable Platform,Low,Khulna
Meherpur,499549,Khulna,2020,2,2,0,0,0,0,0,0,23.77,88.63,Stable Platform Zone,200.0,Indian–Burma Plate Boundary,1950.0,6.0,Stable Platform,Low,Khulna
Meherpur,1752896,Khulna,2020,5,3,1,1,1,0,0,0,23.77,88.63,Stable Platform Zone,200.0,Indian–Burma Plate Boundary,1950.0,6.0,Stable Platform,Low,Khulna
Narail,2510986,Khulna,2020,1,1,0,0,0,0,0,0,23.18,89.5,Stable Platform Zone,190.0,Indian–Burma Plate Boundary,1950.0,6.0,Stable Platform,Low,Khulna
Narail,1554633,Khulna,2020,5,2,1,1,0,0,0,0,23.18,89.5,Stable Platform Zone,190.0,Indian–Burma Plate Boundary,1950.0,6.0,Stable Platform,Low,Khulna
Satkhira,976786,Khulna,2020,6,4,2,0,0,0,0,0,22.7234,89.0751,Stable Platform Zone,250.0,Indian–Burma Plate Boundary,1950.0,6.0,Stable Platform,Low,Khulna
Satkhira,1610491,Khulna,2020,6,4,3,0,0,0,0,0,22.7234,89.0751,Stable Platform Zone,250.0,Indian–Burma Plate Boundary,1950.0,6.0,Stable Platform,Low,Khulna
Jamalpur,2715904,Mymensingh,2020,3,3,1,1,0,0,0,0,24.923,89.9501,Madhupur Fault Zone,100.0,Indian–Burma Plate Boundary,1897.0,7.5,Madhupur Fault,Medium,Mymensingh
Mymensingh,868034,Mymensingh,2020,2,2,1,0,0,0,0,0,24.7434,90.3984,Madhupur Fault Zone,80.0,Indian–Burma Plate Boundary,1897.0,7.5,Madhupur Fault,Medium,Mymensingh
Mymensingh,619780,Mymensingh,2020,1,1,0,0,0,0,0,0,24.7434,90.3984,Madhupur Fault Zone,80.0,Indian–Burma Plate Boundary,1897.0,7.5,Madhupur Fault,Medium,Mymensingh
Sherpur,2487951,Mymensingh,2020,5,5,2,1,0,0,0,0,25.0188,90.0175,Madhupur Fault Zone,95.0,Indian–Burma Plate Boundary,1897.0,7.5,Madhupur Fault,Medium,Mymensingh
Bogra,866529,Rajshahi,2020,1,1,0,0,0,0,0,0,24.849,89.3677,Stable Platform Zone,140.0,Indian–Burma Plate Boundary,1950.0,6.0,Bogra Fault,Low,Rajshahi
Bogra,1058772,Rajshahi,2020,4,3,0,0,0,0,0,0,24.849,89.3677,Stable Platform Zone,140.0,Indian–Burma Plate Boundary,1950.0,6.0,Bogra Fault,Low,Rajshahi
Joypurhat,2060621,Rajshahi,2020,4,3,1,0,0,0,0,0,25.1,89.02,Stable Platform Zone,160.0,Indian–Burma Plate Boundary,1950.0,6.0,Stable Platform,Low,Rajshahi
Joypurhat,508394,Rajshahi,2020,4,2,2,0,0,0,0,0,25.1,89.02,Stable Platform Zone,160.0,Indian–Burma Plate Boundary,1950.0,6.0,Stable Platform,Low,Rajshahi
Naogaon,2648180,Rajshahi,2020,2,2,0,0,0,0,0,0,24.81,88.94,Stable Platform Zone,190.0,Indian–Burma Plate Boundary,1950.0,6.0,Bogra Fault,Low,Rajshahi
Naogaon,648002,Rajshahi,2020,3,3,1,1,0,0,0,0,24.81,88.94,Stable Platform Zone,190.0,Indian–Burma Plate Boundary,1950.0,6.0,Bogra Fault,Low,Rajshahi
Natore,666095,Rajshahi,2020,1,1,0,0,0,0,0,0,24.42,89.0,Stable Platform Zone,190.0,Indian–Burma Plate Boundary,1950.0,6.0,Bogra Fault,Low,Rajshahi
Natore,1077476,Rajshahi,2020,4,3,3,1,0,0,0,0,24.42,89.0,Stable Platform Zone,190.0,Indian–Burma Plate Boundary,1950.0,6.0,Bogra Fault,Low,Rajshahi
Pabna,2269831,Rajshahi,2020,2,1,1,0,0,0,0,0,24.0064,89.2493,Stable Platform Zone,160.0,Indian–Burma Plate Boundary,1950.0,6.0,Stable Platform,Low,Rajshahi
Pabna,555734,Rajshahi,2020,2,1,0,0,0,0,0,0,24.0064,89.2493,Stable Platform Zone,160.0,Indian–Burma Plate Boundary,1950.0,6.0,Stable Platform,Low,Rajshahi
Rajshahi,2220488,Rajshahi,2020,2,1,1,1,0,0,0,0,24.3745,88.6042,Stable Platform Zone,200.0,Indian–Burma Plate Boundary,1950.0,6.0,Bogra Fault,Low,Rajshahi
Rajshahi,844121,Rajshahi,2020,2,2,0,0,0,0,0,0,24.3745,88.6042,Stable Platform Zone,200.0,Indian–Burma Plate Boundary,1950.0,6.0,Bogra Fault,Low,Rajshahi
Sirajganj,558462,Rajshahi,2020,2,0,0,0,0,0,0,0,24.45,89.71,Stable Platform Zone,150.0,Indian–Burma Plate Boundary,1950.0,6.0,Stable Platform,Low,Rajshahi
Sirajganj,928752,Rajshahi,2020,1,0,0,0,0,0,0,0,24.45,89.71,Stable Platform Zone,150.0,Indian–Burma Plate Boundary,1950.0,6.0,Stable Platform,Low,Rajshahi
Dinajpur,1128767,Rangpur,2020,1,1,0,0,0,0,0,0,25.625,88.65,Stable Platform Zone,120.0,Indian–Burma Plate Boundary,1950.0,6.5,Himalayan Frontal Zone,Medium,Rangpur
Dinajpur,813666,Rangpur,2020,3,2,0,0,0,0,0,0,25.625,88.65,Stable Platform Zone,120.0,Indian–Burma Plate Boundary,1950.0,6.5,Himalayan Frontal Zone,Medium,Rangpur
Gaibandha,2571718,Rangpur,2020,3,1,1,1,0,0,0,0,25.33,89.55,Stable Platform Zone,130.0,Indian–Eurasian Plate Boundary,1950.0,6.5,Bogra Fault,Medium,Rangpur
Gaibandha,992787,Rangpur,2020,4,1,1,0,0,0,0,0,25.33,89.55,Stable Platform Zone,130.0,Indian–Eurasian Plate Boundary,1950.0,6.5,Bogra Fault,Medium,Rangpur
Kurigram,2697710,Rangpur,2020,6,2,2,0,0,0,0,0,25.81,89.65,Himalayan Frontal Zone,110.0,Indian–Eurasian Plate Boundary,1950.0,8.6,Assam Fault Belt,High,Rangpur
Kurigram,839008,Rangpur,2020,7,3,0,0,0,0,0,0,25.81,89.65,Himalayan Frontal Zone,110.0,Indian–Eurasian Plate Boundary,1950.0,8.6,Assam Fault Belt,High,Rangpur
Lalmonirhat,1088471,Rangpur,2020,4,1,0,0,0,0,0,0,25.92,89.45,Himalayan Frontal Zone,100.0,Indian–Eurasian Plate Boundary,1950.0,8.6,Assam Fault Belt,High,Rangpur
Lalmonirhat,881486,Rangpur,2020,8,7,1,1,1,0,0,0,25.92,89.45,Himalayan Frontal Zone,100.0,Indian–Eurasian Plate Boundary,1950.0,8.6,Assam Fault Belt,High,Rangpur
Nilphamari,2391815,Rangpur,2020,5,5,2,0,0,0,0,0,25.95,88.85,Himalayan Frontal Zone,110.0,Indian–Eurasian Plate Boundary,1950.0,8.6,Assam Fault Belt,High,Rangpur
Nilphamari,589232,Rangpur,2020,7,5,2,0,0,0,0,0,25.95,88.85,Himalayan Frontal Zone,110.0,Indian–Eurasian Plate Boundary,1950.0,8.6,Assam Fault Belt,High,Rangpur
Panchagarh,2393257,Rangpur,2020,4,1,1,1,0,0,0,0,26.33,88.56,Himalayan Frontal Zone,90.0,Indian–Eurasian Plate Boundary,1950.0,8.6,Assam Fault Belt,High,Rangpur
Panchagarh,365857,Rangpur,2020,3,2,0,0,0,0,0,0,26.33,88.56,Himalayan Frontal Zone,90.0,Indian–Eurasian Plate Boundary,1950.0,8.6,Assam Fault Belt,High,Rangpur
Rangpur,989659,Rangpur,2020,3,1,1,0,0,0,0,0,25.7449,89.2756,Stable Platform Zone,130.0,Indian–Burma Plate Boundary,1950.0,6.5,Himalayan Frontal Zone,Medium,Rangpur
Rangpur,795523,Rangpur,2020,5,3,0,0,0,0,0,0,25.7449,89.2756,Stable Platform Zone,130.0,Indian–Burma Plate Boundary,1950.0,6.5,Himalayan Frontal Zone,Medium,Rangpur
Thakurgaon,2760673,Rangpur,2020,1,1,1,0,0,0,0,0,26.02,88.46,Himalayan Frontal Zone,100.0,Indian–Eurasian Plate Boundary,1950.0,8.6,Assam Fault Belt,High,Rangpur
Thakurgaon,488753,Rangpur,2020,5,1,1,1,0,0,0,0,26.02,88.46,Himalayan Frontal Zone,100.0,Indian–Eurasian Plate Boundary,1950.0,8.6,Assam Fault Belt,High,Rangpur
Habiganj,1569958,Sylhet,2020,15,13,6,4,0,0,0,0,24.38,91.42,Tripura Fold Belt,80.0,Indian–Burma Plate Boundary,1918.0,7.0,Tripura Thrust Zone,Medium,Sylhet
Habiganj,290141,Sylhet,2020,11,8,3,1,1,0,0,0,24.38,91.42,Tripura Fold Belt,80.0,Indian–Burma Plate Boundary,1918.0,7.0,Tripura Thrust Zone,Medium,Sylhet
Moulvibazar,742053,Sylhet,2020,7,5,3,1,0,0,0,0,24.48,91.77,Dauki Fault Zone,35.0,Indian–Burma Plate Boundary,1918.0,7.5,Dauki Fault,High,Sylhet
Moulvibazar,270577,Sylhet,2020,6,5,0,0,0,0,0,0,24.48,91.77,Dauki Fault Zone,35.0,Indian–Burma Plate Boundary,1918.0,7.5,Dauki Fault,High,Sylhet
Sunamganj,2949813,Sylhet,2020,10,8,3,1,0,0,0,0,25.07,91.4,Dauki Fault Zone,45.0,Indian–Burma Plate Boundary,1918.0,7.5,Dauki Fault,High,Sylhet
Sunamganj,662164,Sylhet,2020,6,3,2,0,0,0,0,0,25.07,91.4,Dauki Fault Zone,45.0,Indian–Burma Plate Boundary,1918.0,7.5,Dauki Fault,High,Sylhet
Sylhet,505444,Sylhet,2020,12,8,2,0,0,0,0,0,24.899,91.872,Dauki Fault Zone,30.0,Indian–Burma Plate Boundary,1918.0,7.5,Dauki Fault,High,Sylhet
Sylhet,604848,Sylhet,2020,11,7,3,0,0,0,0,0,24.899,91.872,Dauki Fault Zone,30.0,Indian–Burma Plate Boundary,1918.0,7.5,Dauki Fault,High,Sylhet
Barguna,773087,Barisal,2021,1,0,0,0,0,0,0,0,22.15,90.13,Foredeep Basin,210.0,Indian–Burma Plate Boundary,1950.0,5.5,Foredeep Basin,Low,Barishal
Barguna,173612,Barisal,2021,0,0,0,0,0,0,0,0,22.15,90.13,Foredeep Basin,210.0,Indian–Burma Plate Boundary,1950.0,5.5,Foredeep Basin,Low,Barishal
Barishal,1150439,Barisal,2021,2,0,0,0,0,0,0,0,22.7,90.37,Foredeep Basin,180.0,Indian–Burma Plate Boundary,1950.0,5.5,Foredeep Basin,Low,Barishal
Barishal,712374,Barisal,2021,5,2,1,0,0,0,0,0,22.7,90.37,Foredeep Basin,180.0,Indian–Burma Plate Boundary,1950.0,5.5,Foredeep Basin,Low,Barishal
Bhola,453864,Barisal,2021,2,2,0,0,0,0,0,0,22.69,90.65,Foredeep Basin,190.0,Indian–Burma Plate Boundary,1950.0,5.5,Foredeep Basin,Low,Barishal
Bhola,587437,Barisal,2021,3,1,1,0,0,0,0,0,22.69,90.65,Foredeep Basin,190.0,Indian–Burma Plate Boundary,1950.0,5.5,Foredeep Basin,Low,Barishal
Patuakhali,2639363,Barisal,2021,2,2,1,1,0,0,0,0,22.35,90.3,Foredeep Basin,200.0,Indian–Burma Plate Boundary,1950.0,5.5,Foredeep Basin,Low,Barishal
Patuakhali,236835,Barisal,2021,1,1,0,0,0,0,0,0,22.35,90.3,Foredeep Basin,200.0,Indian–Burma Plate Boundary,1950.0,5.5,Foredeep Basin,Low,Barishal
Pirojpur,2318069,Barisal,2021,1,1,0,0,0,0,0,0,22.58,89.98,Foredeep Basin,180.0,Indian–Burma Plate Boundary,1950.0,5.5,Foredeep Basin,Low,Barishal
Pirojpur,920738,Barisal,2021,1,0,0,0,0,0,0,0,22.58,89.98,Foredeep Basin,180.0,Indian–Burma Plate Boundary,1950.0,5.5,Foredeep Basin,Low,Barishal
Bandarban,532024,Chittagong,2021,7,4,3,2,0,0,0,0,22.194,92.218,Indo‑Burma Fold Belt,25.0,Indian–Burma Plate Boundary,1762.0,8.0,Chittagong Hill Tracts Fold Belt,High,Chittagong
Bandarban,3956414,Chittagong,2021,8,6,2,0,0,0,0,0,22.194,92.218,Indo‑Burma Fold Belt,25.0,Indian–Burma Plate Boundary,1762.0,8.0,Chittagong Hill Tracts Fold Belt,High,Chittagong
Brahmanbaria,1018983,Chittagong,2021,8,3,2,2,0,0,0,0,23.96,91.11,Tripura Fold Belt,85.0,Indian–Burma Plate Boundary,1897.0,7.5,Tripura Thrust Zone,Medium,Chittagong
Brahmanbaria,3691125,Chittagong,2021,6,2,1,0,0,0,0,0,23.96,91.11,Tripura Fold Belt,85.0,Indian–Burma Plate Boundary,1897.0,7.5,Tripura Thrust Zone,Medium,Chittagong
Chandpur,2791149,Chittagong,2021,6,3,1,1,1,0,0,0,23.23,90.65,Foredeep Basin,150.0,Indian–Burma Plate Boundary,1897.0,6.5,Surma Basin,Low,Chittagong
Chandpur,4855236,Chittagong,2021,3,1,1,0,0,0,0,0,23.23,90.65,Foredeep Basin,150.0,Indian–Burma Plate Boundary,1897.0,6.5,Surma Basin,Low,Chittagong
Chittagong,2948320,Chittagong,2021,6,3,1,1,1,0,0,0,22.3419,91.8155,Indo‑Burma Subduction Zone,25.0,Indian–Burma Plate Boundary,1762.0,8.5,Arakan–Burma Subduction,High,Chittagong
Chittagong,3126383,Chittagong,2021,7,5,1,1,0,0,0,0,22.3419,91.8155,Indo‑Burma Subduction Zone,25.0,Indian–Burma Plate Boundary,1762.0,8.5,Arakan–Burma Subduction,High,Chittagong
Comilla,2518532,Chittagong,2021,3,1,1,0,0,0,0,0,23.45,91.1999,Tripura Fold Belt,80.0,Indian–Burma Plate Boundary,1897.0,7.5,Tripura Thrust Zone,Medium,Chittagong
Comilla,2427596,Chittagong,2021,5,2,2,1,0,0,0,0,23.45,91.1999,Tripura Fold Belt,80.0,Indian–Burma Plate Boundary,1897.0,7.5,Tripura Thrust Zone,Medium,Chittagong
Cox's Bazar,1305083,Chittagong,2021,4,2,1,1,0,0,0,0,21.4272,92.0058,Indo‑Burma Subduction Zone,15.0,Indian–Burma Plate Boundary,1762.0,8.5,Arakan Subduction,High,Chittagong
Cox's Bazar,2828858,Chittagong,2021,8,8,5,3,0,0,0,0,21.4272,92.0058,Indo‑Burma Subduction Zone,15.0,Indian–Burma Plate Boundary,1762.0,8.5,Arakan Subduction,High,Chittagong
Feni,596673,Chittagong,2021,6,4,2,2,0,0,0,0,23.02,91.4,Tripura Fold Belt,90.0,Indian–Burma Plate Boundary,1897.0,7.5,Tripura Thrust Zone,Medium,Chittagong
Feni,2282653,Chittagong,2021,13,6,1,1,0,0,0,0,23.02,91.4,Tripura Fold Belt,90.0,Indian–Burma Plate Boundary,1897.0,7.5,Tripura Thrust Zone,Medium,Chittagong
Lakshmipur,1995441,Chittagong,2021,8,6,5,2,0,0,0,0,22.95,90.83,Tripura Fold Belt,100.0,Indian–Burma Plate Boundary,1897.0,7.5,Tripura Thrust Zone,Medium,Chittagong
Lakshmipur,3390093,Chittagong,2021,6,2,1,1,0,0,0,0,22.95,90.83,Tripura Fold Belt,100.0,Indian–Burma Plate Boundary,1897.0,7.5,Tripura Thrust Zone,Medium,Chittagong
Noakhali,648152,Chittagong,2021,11,7,2,2,0,0,0,0,22.82,91.1,Tripura Fold Belt,90.0,Indian–Burma Plate Boundary,1897.0,7.5,Tripura Thrust Zone,Medium,Chittagong
Noakhali,4020161,Chittagong,2021,4,2,2,0,0,0,0,0,22.82,91.1,Tripura Fold Belt,90.0,Indian–Burma Plate Boundary,1897.0,7.5,Tripura Thrust Zone,Medium,Chittagong
Rangamati,578940,Chittagong,2021,7,7,3,3,1,0,0,0,22.65,92.17,Indo‑Burma Fold Belt,50.0,Indian–Burma Plate Boundary,1762.0,7.0,Tripura Fold Belt,High,Chittagong
Rangamati,4231881,Chittagong,2021,8,5,3,1,0,0,0,0,22.65,92.17,Indo‑Burma Fold Belt,50.0,Indian–Burma Plate Boundary,1762.0,7.0,Tripura Fold Belt,High,Chittagong
Dhaka,1621253,Dhaka,2021,1,0,0,0,0,0,0,0,23.8103,90.4125,Madhupur Fault Zone,100.0,Indian–Burma Plate Boundary,1885.0,7.2,Madhupur Fault,Medium,Dhaka
Dhaka,10001327,Dhaka,2021,1,0,0,0,0,0,0,0,23.8103,90.4125,Madhupur Fault Zone,100.0,Indian–Burma Plate Boundary,1885.0,7.2,Madhupur Fault,Medium,Dhaka
Faridpur,1899793,Dhaka,2021,2,2,1,0,0,0,0,0,23.607,89.8429,Foredeep Basin,160.0,Indian–Burma Plate Boundary,1885.0,6.0,Foredeep Basin,Low,Dhaka
Faridpur,9325746,Dhaka,2021,4,2,1,1,0,0,0,0,23.607,89.8429,Foredeep Basin,160.0,Indian–Burma Plate Boundary,1885.0,6.0,Foredeep Basin,Low,Dhaka
Gazipur,1263817,Dhaka,2021,3,3,1,0,0,0,0,0,24.0,90.4167,Madhupur Fault Zone,95.0,Indian–Burma Plate Boundary,1885.0,7.2,Madhupur Fault,Medium,Dhaka
Gazipur,6430392,Dhaka,2021,2,1,1,0,0,0,0,0,24.0,90.4167,Madhupur Fault Zone,95.0,Indian–Burma Plate Boundary,1885.0,7.2,Madhupur Fault,Medium,Dhaka
Gopalganj,416235,Dhaka,2021,1,0,0,0,0,0,0,0,23.02,89.83,Foredeep Basin,170.0,Indian–Burma Plate Boundary,1885.0,6.0,Foredeep Basin,Low,Dhaka
Gopalganj,8631614,Dhaka,2021,3,3,1,0,0,0,0,0,23.02,89.83,Foredeep Basin,170.0,Indian–Burma Plate Boundary,1885.0,6.0,Foredeep Basin,Low,Dhaka
Kishoreganj,2604627,Dhaka,2021,4,2,1,0,0,0,0,0,24.44,90.77,Madhupur Fault Zone,100.0,Indian–Burma Plate Boundary,1885.0,7.2,Madhupur Fault,Medium,Dhaka
Madaripur,2921965,Dhaka,2021,0,0,0,0,0,0,0,0,23.17,90.19,Foredeep Basin,150.0,Indian–Burma Plate Boundary,1885.0,6.0,Foredeep Basin,Low,Dhaka
Madaripur,7518708,Dhaka,2021,3,3,1,0,0,0,0,0,23.17,90.19,Foredeep Basin,150.0,Indian–Burma Plate Boundary,1885.0,6.0,Foredeep Basin,Low,Dhaka
Manikganj,1272980,Dhaka,2021,3,2,0,0,0,0,0,0,23.86,90.0,Madhupur Fault Zone,90.0,Indian–Burma Plate Boundary,1885.0,7.2,Madhupur Fault,Medium,Dhaka
Manikganj,9390647,Dhaka,2021,3,2,1,1,0,0,0,0,23.86,90.0,Madhupur Fault Zone,90.0,Indian–Burma Plate Boundary,1885.0,7.2,Madhupur Fault,Medium,Dhaka
Munshiganj,660193,Dhaka,2021,2,1,0,0,0,0,0,0,23.54,90.53,Foredeep Basin,130.0,Indian–Burma Plate Boundary,1885.0,6.0,Foredeep Basin,Low,Dhaka
Munshiganj,7775700,Dhaka,2021,6,2,1,0,0,0,0,0,23.54,90.53,Foredeep Basin,130.0,Indian–Burma Plate Boundary,1885.0,6.0,Foredeep Basin,Low,Dhaka
Narayanganj,1855270,Dhaka,2021,2,1,1,0,0,0,0,0,23.6226,90.501,Madhupur Fault Zone,110.0,Indian–Burma Plate Boundary,1885.0,7.2,Madhupur Fault,Medium,Dhaka
Narayanganj,10326422,Dhaka,2021,5,2,2,0,0,0,0,0,23.6226,90.501,Madhupur Fault Zone,110.0,Indian–Burma Plate Boundary,1885.0,7.2,Madhupur Fault,Medium,Dhaka
Narsingdi,2494748,Dhaka,2021,1,1,0,0,0,0,0,0,23.9207,90.7188,Madhupur Fault Zone,110.0,Indian–Burma Plate Boundary,1885.0,7.2,Madhupur Fault,Medium,Dhaka
Narsingdi,11840110,Dhaka,2021,5,3,3,1,1,0,0,0,23.9207,90.7188,Madhupur Fault Zone,110.0,Indian–Burma Plate Boundary,1885.0,7.2,Madhupur Fault,Medium,Dhaka
Rajbari,957568,Dhaka,2021,5,4,3,0,0,0,0,0,23.72,89.65,Foredeep Basin,180.0,Indian–Burma Plate Boundary,1885.0,6.0,Foredeep Basin,Low,Dhaka
Rajbari,7869207,Dhaka,2021,5,1,0,0,0,0,0,0,23.72,89.65,Foredeep Basin,180.0,Indian–Burma Plate Boundary,1885.0,6.0,Foredeep Basin,Low,Dhaka
Shariatpur,1669020,Dhaka,2021,2,2,0,0,0,0,0,0,23.22,90.35,Foredeep Basin,150.0,Indian–Burma Plate Boundary,1885.0,6.0,Foredeep Basin,Low,Dhaka
Shariatpur,6714945,Dhaka,2021,2,2,1,0,0,0,0,0,23.22,90.35,Foredeep Basin,150.0,Indian–Burma Plate Boundary,1885.0,6.0,Foredeep Basin,Low,Dhaka
Tangail,2229165,Dhaka,2021,7,6,3,1,0,0,0,0,24.25,89.9167,Madhupur Fault Zone,90.0,Indian–Burma Plate Boundary,1885.0,7.2,Madhupur Fault,Medium,Dhaka
Tangail,7942439,Dhaka,2021,3,3,0,0,0,0,0,0,24.25,89.9167,Madhupur Fault Zone,90.0,Indian–Burma Plate Boundary,1885.0,7.2,Madhupur Fault,Medium,Dhaka
Bagerhat,488747,Khulna,2021,2,0,0,0,0,0,0,0,22.65,89.7667,Stable Platform Zone,230.0,Indian–Burma Plate Boundary,1950.0,6.0,Bogra Fault,Low,Khulna
Bagerhat,910759,Khulna,2021,4,4,1,0,0,0,0,0,22.65,89.7667,Stable Platform Zone,230.0,Indian–Burma Plate Boundary,1950.0,6.0,Bogra Fault,Low,Khulna
Chuadanga,2135751,Khulna,2021,3,3,0,0,0,0,0,0,23.63,88.83,Stable Platform Zone,180.0,Indian–Burma Plate Boundary,1950.0,6.0,Stable Platform,Low,Khulna
Chuadanga,613103,Khulna,2021,2,1,0,0,0,0,0,0,23.63,88.83,Stable Platform Zone,180.0,Indian–Burma Plate Boundary,1950.0,6.0,Stable Platform,Low,Khulna
Jessore,2705695,Khulna,2021,1,1,0,0,0,0,0,0,23.1707,89.2124,Stable Platform Zone,210.0,Indian–Burma Plate Boundary,1950.0,6.0,Stable Platform,Low,Khulna
Jessore,687815,Khulna,2021,2,2,1,0,0,0,0,0,23.1707,89.2124,Stable Platform Zone,210.0,Indian–Burma Plate Boundary,1950.0,6.0,Stable Platform,Low,Khulna
Jhenaidah,636069,Khulna,2021,2,2,0,0,0,0,0,0,23.55,89.15,Stable Platform Zone,200.0,Indian–Burma Plate Boundary,1950.0,6.0,Stable Platform,Low,Khulna
Jhenaidah,1424676,Khulna,2021,2,2,0,0,0,0,0,0,23.55,89.15,Stable Platform Zone,200.0,Indian–Burma Plate Boundary,1950.0,6.0,Stable Platform,Low,Khulna
Khulna,818386,Khulna,2021,1,0,0,0,0,0,0,0,22.8167,89.55,Stable Platform Zone,220.0,Indian–Burma Plate Boundary,1950.0,6.0,Bogra Fault,Low,Khulna
Khulna,1089334,Khulna,2021,2,1,1,1,0,0,0,0,22.8167,89.55,Stable Platform Zone,220.0,Indian–Burma Plate Boundary,1950.0,6.0,Bogra Fault,Low,Khulna
Kushtia,1475113,Khulna,2021,3,2,1,1,0,0,0,0,23.9,89.12,Stable Platform Zone,170.0,Indian–Burma Plate Boundary,1950.0,6.0,Stable Platform,Low,Khulna
Kushtia,1758780,Khulna,2021,1,0,0,0,0,0,0,0,23.9,89.12,Stable Platform Zone,170.0,Indian–Burma Plate Boundary,1950.0,6.0,Stable Platform,Low,Khulna
Magura,2681313,Khulna,2021,2,1,1,0,0,0,0,0,23.49,89.42,Stable Platform Zone,200.0,Indian–Burma Plate Boundary,1950.0,6.0,Stable Platform,Low,Khulna
Magura,766667,Khulna,2021,6,3,3,2,2,0,0,0,23.49,89.42,Stable Platform Zone,200.0,Indian–Burma Plate Boundary,1950.0,6.0,Stable Platform,Low,Khulna
Meherpur,1684244,Khulna,2021,6,5,1,0,0,0,0,0,23.77,88.63,Stable Platform Zone,200.0,Indian–Burma Plate Boundary,1950.0,6.0,Stable Platform,Low,Khulna
Meherpur,984264,Khulna,2021,4,3,1,0,0,0,0,0,23.77,88.63,Stable Platform Zone,200.0,Indian–Burma Plate Boundary,1950.0,6.0,Stable Platform,Low,Khulna
Narail,2623987,Khulna,2021,3,1,1,1,0,0,0,0,23.18,89.5,Stable Platform Zone,190.0,Indian–Burma Plate Boundary,1950.0,6.0,Stable Platform,Low,Khulna
Narail,608878,Khulna,2021,4,1,0,0,0,0,0,0,23.18,89.5,Stable Platform Zone,190.0,Indian–Burma Plate Boundary,1950.0,6.0,Stable Platform,Low,Khulna
Satkhira,2198993,Khulna,2021,2,1,1,1,0,0,0,0,22.7234,89.0751,Stable Platform Zone,250.0,Indian–Burma Plate Boundary,1950.0,6.0,Stable Platform,Low,Khulna
Satkhira,1580411,Khulna,2021,4,0,0,0,0,0,0,0,22.7234,89.0751,Stable Platform Zone,250.0,Indian–Burma Plate Boundary,1950.0,6.0,Stable Platform,Low,Khulna
Jamalpur,2736934,Mymensingh,2021,3,2,1,0,0,0,0,0,24.923,89.9501,Madhupur Fault Zone,100.0,Indian–Burma Plate Boundary,1897.0,7.5,Madhupur Fault,Medium,Mymensingh
Mymensingh,1080994,Mymensingh,2021,2,2,1,0,0,0,0,0,24.7434,90.3984,Madhupur Fault Zone,80.0,Indian–Burma Plate Boundary,1897.0,7.5,Madhupur Fault,Medium,Mymensingh
Mymensingh,156033,Mymensingh,2021,2,1,1,1,0,0,0,0,24.7434,90.3984,Madhupur Fault Zone,80.0,Indian–Burma Plate Boundary,1897.0,7.5,Madhupur Fault,Medium,Mymensingh
Sherpur,1866513,Mymensingh,2021,4,2,2,1,0,0,0,0,25.0188,90.0175,Madhupur Fault Zone,95.0,Indian–Burma Plate Boundary,1897.0,7.5,Madhupur Fault,Medium,Mymensingh
Bogra,487648,Rajshahi,2021,2,1,1,0,0,0,0,0,24.849,89.3677,Stable Platform Zone,140.0,Indian–Burma Plate Boundary,1950.0,6.0,Bogra Fault,Low,Rajshahi
Bogra,776611,Rajshahi,2021,2,1,1,0,0,0,0,0,24.849,89.3677,Stable Platform Zone,140.0,Indian–Burma Plate Boundary,1950.0,6.0,Bogra Fault,Low,Rajshahi
Joypurhat,2701074,Rajshahi,2021,2,2,2,1,0,0,0,0,25.1,89.02,Stable Platform Zone,160.0,Indian–Burma Plate Boundary,1950.0,6.0,Stable Platform,Low,Rajshahi
Joypurhat,569084,Rajshahi,2021,3,3,0,0,0,0,0,0,25.1,89.02,Stable Platform Zone,160.0,Indian–Burma Plate Boundary,1950.0,6.0,Stable Platform,Low,Rajshahi
Naogaon,1510776,Rajshahi,2021,4,2,2,2,0,0,0,0,24.81,88.94,Stable Platform Zone,190.0,Indian–Burma Plate Boundary,1950.0,6.0,Bogra Fault,Low,Rajshahi
Naogaon,1191310,Rajshahi,2021,2,2,0,0,0,0,0,0,24.81,88.94,Stable Platform Zone,190.0,Indian–Burma Plate Boundary,1950.0,6.0,Bogra Fault,Low,Rajshahi
Natore,2230877,Rajshahi,2021,6,4,2,1,1,0,0,0,24.42,89.0,Stable Platform Zone,190.0,Indian–Burma Plate Boundary,1950.0,6.0,Bogra Fault,Low,Rajshahi
Natore,686594,Rajshahi,2021,5,4,0,0,0,0,0,0,24.42,89.0,Stable Platform Zone,190.0,Indian–Burma Plate Boundary,1950.0,6.0,Bogra Fault,Low,Rajshahi
Pabna,2429857,Rajshahi,2021,1,1,0,0,0,0,0,0,24.0064,89.2493,Stable Platform Zone,160.0,Indian–Burma Plate Boundary,1950.0,6.0,Stable Platform,Low,Rajshahi
Pabna,781001,Rajshahi,2021,3,2,2,0,0,0,0,0,24.0064,89.2493,Stable Platform Zone,160.0,Indian–Burma Plate Boundary,1950.0,6.0,Stable Platform,Low,Rajshahi
Rajshahi,1116865,Rajshahi,2021,3,3,1,1,0,0,0,0,24.3745,88.6042,Stable Platform Zone,200.0,Indian–Burma Plate Boundary,1950.0,6.0,Bogra Fault,Low,Rajshahi
Rajshahi,682706,Rajshahi,2021,6,5,2,2,0,0,0,0,24.3745,88.6042,Stable Platform Zone,200.0,Indian–Burma Plate Boundary,1950.0,6.0,Bogra Fault,Low,Rajshahi
Sirajganj,948922,Rajshahi,2021,4,2,2,0,0,0,0,0,24.45,89.71,Stable Platform Zone,150.0,Indian–Burma Plate Boundary,1950.0,6.0,Stable Platform,Low,Rajshahi
Sirajganj,1113639,Rajshahi,2021,3,2,1,0,0,0,0,0,24.45,89.71,Stable Platform Zone,150.0,Indian–Burma Plate Boundary,1950.0,6.0,Stable Platform,Low,Rajshahi
Dinajpur,524864,Rangpur,2021,4,3,2,1,0,0,0,0,25.625,88.65,Stable Platform Zone,120.0,Indian–Burma Plate Boundary,1950.0,6.5,Himalayan Frontal Zone,Medium,Rangpur
Dinajpur,490958,Rangpur,2021,5,2,2,2,0,0,0,0,25.625,88.65,Stable Platform Zone,120.0,Indian–Burma Plate Boundary,1950.0,6.5,Himalayan Frontal Zone,Medium,Rangpur
Gaibandha,2063751,Rangpur,2021,2,2,0,0,0,0,0,0,25.33,89.55,Stable Platform Zone,130.0,Indian–Eurasian Plate Boundary,1950.0,6.5,Bogra Fault,Medium,Rangpur
Gaibandha,535561,Rangpur,2021,7,4,0,0,0,0,0,0,25.33,89.55,Stable Platform Zone,130.0,Indian–Eurasian Plate Boundary,1950.0,6.5,Bogra Fault,Medium,Rangpur
Kurigram,1376653,Rangpur,2021,0,0,0,0,0,0,0,0,25.81,89.65,Himalayan Frontal Zone,110.0,Indian–Eurasian Plate Boundary,1950.0,8.6,Assam Fault Belt,High,Rangpur
Kurigram,680459,Rangpur,2021,5,4,1,1,0,0,0,0,25.81,89.65,Himalayan Frontal Zone,110.0,Indian–Eurasian Plate Boundary,1950.0,8.6,Assam Fault Belt,High,Rangpur
Lalmonirhat,892109,Rangpur,2021,5,3,2,0,0,0,0,0,25.92,89.45,Himalayan Frontal Zone,100.0,Indian–Eurasian Plate Boundary,1950.0,8.6,Assam Fault Belt,High,Rangpur
Lalmonirhat,650878,Rangpur,2021,7,4,2,2,0,0,0,0,25.92,89.45,Himalayan Frontal Zone,100.0,Indian–Eurasian Plate Boundary,1950.0,8.6,Assam Fault Belt,High,Rangpur
Nilphamari,2480543,Rangpur,2021,4,1,1,1,1,1,0,0,25.95,88.85,Himalayan Frontal Zone,110.0,Indian–Eurasian Plate Boundary,1950.0,8.6,Assam Fault Belt,High,Rangpur
Nilphamari,130672,Rangpur,2021,4,1,1,0,0,0,0,0,25.95,88.85,Himalayan Frontal Zone,110.0,Indian–Eurasian Plate Boundary,1950.0,8.6,Assam Fault Belt,High,Rangpur
Panchagarh,907202,Rangpur,2021,0,0,0,0,0,0,0,0,26.33,88.56,Himalayan Frontal Zone,90.0,Indian–Eurasian Plate Boundary,1950.0,8.6,Assam Fault Belt,High,Rangpur
Panchagarh,660551,Rangpur,2021,6,5,3,1,1,0,0,0,26.33,88.56,Himalayan Frontal Zone,90.0,Indian–Eurasian Plate Boundary,1950.0,8.6,Assam Fault Belt,High,Rangpur
Rangpur,2832934,Rangpur,2021,5,2,1,0,0,0,0,0,25.7449,89.2756,Stable Platform Zone,130.0,Indian–Burma Plate Boundary,1950.0,6.5,Himalayan Frontal Zone,Medium,Rangpur
Rangpur,628774,Rangpur,2021,3,1,1,1,0,0,0,0,25.7449,89.2756,Stable Platform Zone,130.0,Indian–Burma Plate Boundary,1950.0,6.5,Himalayan Frontal Zone,Medium,Rangpur
Thakurgaon,2106190,Rangpur,2021,3,2,0,0,0,0,0,0,26.02,88.46,Himalayan Frontal Zone,100.0,Indian–Eurasian Plate Boundary,1950.0,8.6,Assam Fault Belt,High,Rangpur
Thakurgaon,533296,Rangpur,2021,5,2,1,1,1,0,0,0,26.02,88.46,Himalayan Frontal Zone,100.0,Indian–Eurasian Plate Boundary,1950.0,8.6,Assam Fault Belt,High,Rangpur
Habiganj,2484265,Sylhet,2021,6,3,3,0,0,0,0,0,24.38,91.42,Tripura Fold Belt,80.0,Indian–Burma Plate Boundary,1918.0,7.0,Tripura Thrust Zone,Medium,Sylhet
Habiganj,294559,Sylhet,2021,7,4,3,1,0,0,0,0,24.38,91.42,Tripura Fold Belt,80.0,Indian–Burma Plate Boundary,1918.0,7.0,Tripura Thrust Zone,Medium,Sylhet
Moulvibazar,2267461,Sylhet,2021,9,8,3,3,0,0,0,0,24.48,91.77,Dauki Fault Zone,35.0,Indian–Burma Plate Boundary,1918.0,7.5,Dauki Fault,High,Sylhet
Moulvibazar,509545,Sylhet,2021,14,7,5,0,0,0,0,0,24.48,91.77,Dauki Fault Zone,35.0,Indian–Burma Plate Boundary,1918.0,7.5,Dauki Fault,High,Sylhet
Sunamganj,1417940,Sylhet,2021,11,7,3,1,1,0,0,0,25.07,91.4,Dauki Fault Zone,45.0,Indian–Burma Plate Boundary,1918.0,7.5,Dauki Fault,High,Sylhet
Sunamganj,568287,Sylhet,2021,9,2,2,1,0,0,0,0,25.07,91.4,Dauki Fault Zone,45.0,Indian–Burma Plate Boundary,1918.0,7.5,Dauki Fault,High,Sylhet
Sylhet,828324,Sylhet,2021,10,9,3,2,0,0,0,0,24.899,91.872,Dauki Fault Zone,30.0,Indian–Burma Plate Boundary,1918.0,7.5,Dauki Fault,High,Sylhet
Sylhet,795015,Sylhet,2021,7,2,2,0,0,0,0,0,24.899,91.872,Dauki Fault Zone,30.0,Indian–Burma Plate Boundary,1918.0,7.5,Dauki Fault,High,Sylhet
Barguna,1122093,Barisal,2022,2,1,1,1,0,0,0,0,22.15,90.13,Foredeep Basin,210.0,Indian–Burma Plate Boundary,1950.0,5.5,Foredeep Basin,Low,Barishal
Barguna,853977,Barisal,2022,2,1,0,0,0,0,0,0,22.15,90.13,Foredeep Basin,210.0,Indian–Burma Plate Boundary,1950.0,5.5,Foredeep Basin,Low,Barishal
Barishal,2857947,Barisal,2022,1,1,0,0,0,0,0,0,22.7,90.37,Foredeep Basin,180.0,Indian–Burma Plate Boundary,1950.0,5.5,Foredeep Basin,Low,Barishal
Barishal,738802,Barisal,2022,3,2,2,0,0,0,0,0,22.7,90.37,Foredeep Basin,180.0,Indian–Burma Plate Boundary,1950.0,5.5,Foredeep Basin,Low,Barishal
Bhola,2406021,Barisal,2022,1,1,1,0,0,0,0,0,22.69,90.65,Foredeep Basin,190.0,Indian–Burma Plate Boundary,1950.0,5.5,Foredeep Basin,Low,Barishal
Bhola,218273,Barisal,2022,4,4,1,0,0,0,0,0,22.69,90.65,Foredeep Basin,190.0,Indian–Burma Plate Boundary,1950.0,5.5,Foredeep Basin,Low,Barishal
Patuakhali,2679307,Barisal,2022,3,3,0,0,0,0,0,0,22.35,90.3,Foredeep Basin,200.0,Indian–Burma Plate Boundary,1950.0,5.5,Foredeep Basin,Low,Barishal
Patuakhali,231065,Barisal,2022,1,0,0,0,0,0,0,0,22.35,90.3,Foredeep Basin,200.0,Indian–Burma Plate Boundary,1950.0,5.5,Foredeep Basin,Low,Barishal
Pirojpur,1598292,Barisal,2022,4,3,1,0,0,0,0,0,22.58,89.98,Foredeep Basin,180.0,Indian–Burma Plate Boundary,1950.0,5.5,Foredeep Basin,Low,Barishal
Pirojpur,581785,Barisal,2022,4,3,0,0,0,0,0,0,22.58,89.98,Foredeep Basin,180.0,Indian–Burma Plate Boundary,1950.0,5.5,Foredeep Basin,Low,Barishal
Bandarban,1359326,Chittagong,2022,11,6,4,4,0,0,0,0,22.194,92.218,Indo‑Burma Fold Belt,25.0,Indian–Burma Plate Boundary,1762.0,8.0,Chittagong Hill Tracts Fold Belt,High,Chittagong
Bandarban,4560109,Chittagong,2022,7,4,4,2,0,0,0,0,22.194,92.218,Indo‑Burma Fold Belt,25.0,Indian–Burma Plate Boundary,1762.0,8.0,Chittagong Hill Tracts Fold Belt,High,Chittagong
Brahmanbaria,1464734,Chittagong,2022,6,5,4,0,0,0,0,0,23.96,91.11,Tripura Fold Belt,85.0,Indian–Burma Plate Boundary,1897.0,7.5,Tripura Thrust Zone,Medium,Chittagong
Brahmanbaria,5731960,Chittagong,2022,9,5,5,2,0,0,0,0,23.96,91.11,Tripura Fold Belt,85.0,Indian–Burma Plate Boundary,1897.0,7.5,Tripura Thrust Zone,Medium,Chittagong
Chandpur,1950383,Chittagong,2022,1,0,0,0,0,0,0,0,23.23,90.65,Foredeep Basin,150.0,Indian–Burma Plate Boundary,1897.0,6.5,Surma Basin,Low,Chittagong
Chandpur,2047546,Chittagong,2022,10,6,6,1,0,0,0,0,23.23,90.65,Foredeep Basin,150.0,Indian–Burma Plate Boundary,1897.0,6.5,Surma Basin,Low,Chittagong
Chittagong,1658951,Chittagong,2022,6,4,2,1,1,0,0,0,22.3419,91.8155,Indo‑Burma Subduction Zone,25.0,Indian–Burma Plate Boundary,1762.0,8.5,Arakan–Burma Subduction,High,Chittagong
Chittagong,5704520,Chittagong,2022,10,8,5,3,0,0,0,0,22.3419,91.8155,Indo‑Burma Subduction Zone,25.0,Indian–Burma Plate Boundary,1762.0,8.5,Arakan–Burma Subduction,High,Chittagong
Comilla,1092622,Chittagong,2022,7,5,2,1,0,0,0,0,23.45,91.1999,Tripura Fold Belt,80.0,Indian–Burma Plate Boundary,1897.0,7.5,Tripura Thrust Zone,Medium,Chittagong
Comilla,4170879,Chittagong,2022,6,2,0,0,0,0,0,0,23.45,91.1999,Tripura Fold Belt,80.0,Indian–Burma Plate Boundary,1897.0,7.5,Tripura Thrust Zone,Medium,Chittagong
Cox's Bazar,449383,Chittagong,2022,4,3,0,0,0,0,0,0,21.4272,92.0058,Indo‑Burma Subduction Zone,15.0,Indian–Burma Plate Boundary,1762.0,8.5,Arakan Subduction,High,Chittagong
Cox's Bazar,2462323,Chittagong,2022,7,6,1,0,0,0,0,0,21.4272,92.0058,Indo‑Burma Subduction Zone,15.0,Indian–Burma Plate Boundary,1762.0,8.5,Arakan Subduction,High,Chittagong
Feni,2676359,Chittagong,2022,7,5,2,1,1,0,0,0,23.02,91.4,Tripura Fold Belt,90.0,Indian–Burma Plate Boundary,1897.0,7.5,Tripura Thrust Zone,Medium,Chittagong
Feni,3772177,Chittagong,2022,10,6,2,2,2,0,0,0,23.02,91.4,Tripura Fold Belt,90.0,Indian–Burma Plate Boundary,1897.0,7.5,Tripura Thrust Zone,Medium,Chittagong
Lakshmipur,1895552,Chittagong,2022,7,3,2,1,0,0,0,0,22.95,90.83,Tripura Fold Belt,100.0,Indian–Burma Plate Boundary,1897.0,7.5,Tripura Thrust Zone,Medium,Chittagong
Lakshmipur,2025653,Chittagong,2022,7,4,3,1,0,0,0,0,22.95,90.83,Tripura Fold Belt,100.0,Indian–Burma Plate Boundary,1897.0,7.5,Tripura Thrust Zone,Medium,Chittagong
Noakhali,1383883,Chittagong,2022,9,7,0,0,0,0,0,0,22.82,91.1,Tripura Fold Belt,90.0,Indian–Burma Plate Boundary,1897.0,7.5,Tripura Thrust Zone,Medium,Chittagong
Noakhali,5105142,Chittagong,2022,11,6,4,1,0,0,0,0,22.82,91.1,Tripura Fold Belt,90.0,Indian–Burma Plate Boundary,1897.0,7.5,Tripura Thrust Zone,Medium,Chittagong
Rangamati,2651411,Chittagong,2022,5,2,0,0,0,0,0,0,22.65,92.17,Indo‑Burma Fold Belt,50.0,Indian–Burma Plate Boundary,1762.0,7.0,Tripura Fold Belt,High,Chittagong
Rangamati,5521936,Chittagong,2022,5,3,1,0,0,0,0,0,22.65,92.17,Indo‑Burma Fold Belt,50.0,Indian–Burma Plate Boundary,1762.0,7.0,Tripura Fold Belt,High,Chittagong
Dhaka,1436365,Dhaka,2022,0,0,0,0,0,0,0,0,23.8103,90.4125,Madhupur Fault Zone,100.0,Indian–Burma Plate Boundary,1885.0,7.2,Madhupur Fault,Medium,Dhaka
Dhaka,7882696,Dhaka,2022,2,1,0,0,0,0,0,0,23.8103,90.4125,Madhupur Fault Zone,100.0,Indian–Burma Plate Boundary,1885.0,7.2,Madhupur Fault,Medium,Dhaka
Faridpur,2190138,Dhaka,2022,4,3,1,1,0,0,0,0,23.607,89.8429,Foredeep Basin,160.0,Indian–Burma Plate Boundary,1885.0,6.0,Foredeep Basin,Low,Dhaka
Faridpur,11012102,Dhaka,2022,1,1,0,0,0,0,0,0,23.607,89.8429,Foredeep Basin,160.0,Indian–Burma Plate Boundary,1885.0,6.0,Foredeep Basin,Low,Dhaka
Gazipur,2781996,Dhaka,2022,3,1,0,0,0,0,0,0,24.0,90.4167,Madhupur Fault Zone,95.0,Indian–Burma Plate Boundary,1885.0,7.2,Madhupur Fault,Medium,Dhaka
Gazipur,5343893,Dhaka,2022,2,1,1,1,1,0,0,0,24.0,90.4167,Madhupur Fault Zone,95.0,Indian–Burma Plate Boundary,1885.0,7.2,Madhupur Fault,Medium,Dhaka
Gopalganj,2874961,Dhaka,2022,4,1,0,0,0,0,0,0,23.02,89.83,Foredeep Basin,170.0,Indian–Burma Plate Boundary,1885.0,6.0,Foredeep Basin,Low,Dhaka
Gopalganj,11470065,Dhaka,2022,3,2,0,0,0,0,0,0,23.02,89.83,Foredeep Basin,170.0,Indian–Burma Plate Boundary,1885.0,6.0,Foredeep Basin,Low,Dhaka
Kishoreganj,1526067,Dhaka,2022,1,1,1,0,0,0,0,0,24.44,90.77,Madhupur Fault Zone,100.0,Indian–Burma Plate Boundary,1885.0,7.2,Madhupur Fault,Medium,Dhaka
Madaripur,2127458,Dhaka,2022,4,2,1,1,0,0,0,0,23.17,90.19,Foredeep Basin,150.0,Indian–Burma Plate Boundary,1885.0,6.0,Foredeep Basin,Low,Dhaka
Madaripur,10780055,Dhaka,2022,2,1,1,1,1,0,0,0,23.17,90.19,Foredeep Basin,150.0,Indian–Burma Plate Boundary,1885.0,6.0,Foredeep Basin,Low,Dhaka
Manikganj,2251970,Dhaka,2022,2,2,0,0,0,0,0,0,23.86,90.0,Madhupur Fault Zone,90.0,Indian–Burma Plate Boundary,1885.0,7.2,Madhupur Fault,Medium,Dhaka
Manikganj,7025628,Dhaka,2022,2,2,1,0,0,0,0,0,23.86,90.0,Madhupur Fault Zone,90.0,Indian–Burma Plate Boundary,1885.0,7.2,Madhupur Fault,Medium,Dhaka
Munshiganj,904697,Dhaka,2022,2,2,0,0,0,0,0,0,23.54,90.53,Foredeep Basin,130.0,Indian–Burma Plate Boundary,1885.0,6.0,Foredeep Basin,Low,Dhaka
Munshiganj,5514602,Dhaka,2022,3,1,1,0,0,0,0,0,23.54,90.53,Foredeep Basin,130.0,Indian–Burma Plate Boundary,1885.0,6.0,Foredeep Basin,Low,Dhaka
Narayanganj,2670506,Dhaka,2022,1,0,0,0,0,0,0,0,23.6226,90.501,Madhupur Fault Zone,110.0,Indian–Burma Plate Boundary,1885.0,7.2,Madhupur Fault,Medium,Dhaka
Narayanganj,6759936,Dhaka,2022,3,2,0,0,0,0,0,0,23.6226,90.501,Madhupur Fault Zone,110.0,Indian–Burma Plate Boundary,1885.0,7.2,Madhupur Fault,Medium,Dhaka
Narsingdi,1281878,Dhaka,2022,3,2,0,0,0,0,0,0,23.9207,90.7188,Madhupur Fault Zone,110.0,Indian–Burma Plate Boundary,1885.0,7.2,Madhupur Fault,Medium,Dhaka
Narsingdi,8070259,Dhaka,2022,3,3,1,0,0,0,0,0,23.9207,90.7188,Madhupur Fault Zone,110.0,Indian–Burma Plate Boundary,1885.0,7.2,Madhupur Fault,Medium,Dhaka
Rajbari,1714065,Dhaka,2022,3,2,0,0,0,0,0,0,23.72,89.65,Foredeep Basin,180.0,Indian–Burma Plate Boundary,1885.0,6.0,Foredeep Basin,Low,Dhaka
Rajbari,9933698,Dhaka,2022,7,4,4,0,0,0,0,0,23.72,89.65,Foredeep Basin,180.0,Indian–Burma Plate Boundary,1885.0,6.0,Foredeep Basin,Low,Dhaka
Shariatpur,1782880,Dhaka,2022,4,3,3,0,0,0,0,0,23.22,90.35,Foredeep Basin,150.0,Indian–Burma Plate Boundary,1885.0,6.0,Foredeep Basin,Low,Dhaka
Shariatpur,5353797,Dhaka,2022,2,2,0,0,0,0,0,0,23.22,90.35,Foredeep Basin,150.0,Indian–Burma Plate Boundary,1885.0,6.0,Foredeep Basin,Low,Dhaka
Tangail,650673,Dhaka,2022,2,1,0,0,0,0,0,0,24.25,89.9167,Madhupur Fault Zone,90.0,Indian–Burma Plate Boundary,1885.0,7.2,Madhupur Fault,Medium,Dhaka
Tangail,6321658,Dhaka,2022,1,1,1,0,0,0,0,0,24.25,89.9167,Madhupur Fault Zone,90.0,Indian–Burma Plate Boundary,1885.0,7.2,Madhupur Fault,Medium,Dhaka
Bagerhat,1456589,Khulna,2022,5,2,2,1,0,0,0,0,22.65,89.7667,Stable Platform Zone,230.0,Indian–Burma Plate Boundary,1950.0,6.0,Bogra Fault,Low,Khulna
Bagerhat,963271,Khulna,2022,1,1,0,0,0,0,0,0,22.65,89.7667,Stable Platform Zone,230.0,Indian–Burma Plate Boundary,1950.0,6.0,Bogra Fault,Low,Khulna
Chuadanga,2318479,Khulna,2022,5,2,2,0,0,0,0,0,23.63,88.83,Stable Platform Zone,180.0,Indian–Burma Plate Boundary,1950.0,6.0,Stable Platform,Low,Khulna
Chuadanga,1339733,Khulna,2022,2,1,0,0,0,0,0,0,23.63,88.83,Stable Platform Zone,180.0,Indian–Burma Plate Boundary,1950.0,6.0,Stable Platform,Low,Khulna
Jessore,1417543,Khulna,2022,6,1,1,1,0,0,0,0,23.1707,89.2124,Stable Platform Zone,210.0,Indian–Burma Plate Boundary,1950.0,6.0,Stable Platform,Low,Khulna
Jessore,724385,Khulna,2022,2,1,0,0,0,0,0,0,23.1707,89.2124,Stable Platform Zone,210.0,Indian–Burma Plate Boundary,1950.0,6.0,Stable Platform,Low,Khulna
Jhenaidah,2058997,Khulna,2022,4,2,2,1,0,0,0,0,23.55,89.15,Stable Platform Zone,200.0,Indian–Burma Plate Boundary,1950.0,6.0,Stable Platform,Low,Khulna
Jhenaidah,1666700,Khulna,2022,3,2,2,2,0,0,0,0,23.55,89.15,Stable Platform Zone,200.0,Indian–Burma Plate Boundary,1950.0,6.0,Stable Platform,Low,Khulna
Khulna,1215484,Khulna,2022,2,2,1,0,0,0,0,0,22.8167,89.55,Stable Platform Zone,220.0,Indian–Burma Plate Boundary,1950.0,6.0,Bogra Fault,Low,Khulna
Khulna,1170860,Khulna,2022,1,0,0,0,0,0,0,0,22.8167,89.55,Stable Platform Zone,220.0,Indian–Burma Plate Boundary,1950.0,6.0,Bogra Fault,Low,Khulna
Kushtia,1240795,Khulna,2022,4,3,1,0,0,0,0,0,23.9,89.12,Stable Platform Zone,170.0,Indian–Burma Plate Boundary,1950.0,6.0,Stable Platform,Low,Khulna
Kushtia,1076998,Khulna,2022,1,0,0,0,0,0,0,0,23.9,89.12,Stable Platform Zone,170.0,Indian–Burma Plate Boundary,1950.0,6.0,Stable Platform,Low,Khulna
Magura,999221,Khulna,2022,4,2,2,0,0,0,0,0,23.49,89.42,Stable Platform Zone,200.0,Indian–Burma Plate Boundary,1950.0,6.0,Stable Platform,Low,Khulna
Magura,1461819,Khulna,2022,4,2,2,1,0,0,0,0,23.49,89.42,Stable Platform Zone,200.0,Indian–Burma Plate Boundary,1950.0,6.0,Stable Platform,Low,Khulna
Meherpur,1962198,Khulna,2022,4,1,1,1,0,0,0,0,23.77,88.63,Stable Platform Zone,200.0,Indian–Burma Plate Boundary,1950.0,6.0,Stable Platform,Low,Khulna
Meherpur,1082754,Khulna,2022,5,2,2,0,0,0,0,0,23.77,88.63,Stable Platform Zone,200.0,Indian–Burma Plate Boundary,1950.0,6.0,Stable Platform,Low,Khulna
Narail,454172,Khulna,2022,3,2,1,0,0,0,0,0,23.18,89.5,Stable Platform Zone,190.0,Indian–Burma Plate Boundary,1950.0,6.0,Stable Platform,Low,Khulna
Narail,606530,Khulna,2022,3,1,0,0,0,0,0,0,23.18,89.5,Stable Platform Zone,190.0,Indian–Burma Plate Boundary,1950.0,6.0,Stable Platform,Low,Khulna
Satkhira,2704011,Khulna,2022,4,3,1,0,0,0,0,0,22.7234,89.0751,Stable Platform Zone,250.0,Indian–Burma Plate Boundary,1950.0,6.0,Stable Platform,Low,Khulna
Satkhira,799253,Khulna,2022,0,0,0,0,0,0,0,0,22.7234,89.0751,Stable Platform Zone,250.0,Indian–Burma Plate Boundary,1950.0,6.0,Stable Platform,Low,Khulna
Jamalpur,1735115,Mymensingh,2022,3,1,1,0,0,0,0,0,24.923,89.9501,Madhupur Fault Zone,100.0,Indian–Burma Plate Boundary,1897.0,7.5,Madhupur Fault,Medium,Mymensingh
Mymensingh,2497534,Mymensingh,2022,2,2,1,0,0,0,0,0,24.7434,90.3984,Madhupur Fault Zone,80.0,Indian–Burma Plate Boundary,1897.0,7.5,Madhupur Fault,Medium,Mymensingh
Mymensingh,487578,Mymensingh,2022,3,0,0,0,0,0,0,0,24.7434,90.3984,Madhupur Fault Zone,80.0,Indian–Burma Plate Boundary,1897.0,7.5,Madhupur Fault,Medium,Mymensingh
Sherpur,614403,Mymensingh,2022,6,3,2,0,0,0,0,0,25.0188,90.0175,Madhupur Fault Zone,95.0,Indian–Burma Plate Boundary,1897.0,7.5,Madhupur Fault,Medium,Mymensingh
Bogra,1575866,Rajshahi,2022,5,3,2,1,1,0,0,0,24.849,89.3677,Stable Platform Zone,140.0,Indian–Burma Plate Boundary,1950.0,6.0,Bogra Fault,Low,Rajshahi
Bogra,1157348,Rajshahi,2022,3,1,1,0,0,0,0,0,24.849,89.3677,Stable Platform Zone,140.0,Indian–Burma Plate Boundary,1950.0,6.0,Bogra Fault,Low,Rajshahi
Joypurhat,1578986,Rajshahi,2022,4,3,3,1,1,0,0,0,25.1,89.02,Stable Platform Zone,160.0,Indian–Burma Plate Boundary,1950.0,6.0,Stable Platform,Low,Rajshahi
Joypurhat,506062,Rajshahi,2022,2,1,0,0,0,0,0,0,25.1,89.02,Stable Platform Zone,160.0,Indian–Burma Plate Boundary,1950.0,6.0,Stable Platform,Low,Rajshahi
Naogaon,1480846,Rajshahi,2022,3,3,1,0,0,0,0,0,24.81,88.94,Stable Platform Zone,190.0,Indian–Burma Plate Boundary,1950.0,6.0,Bogra Fault,Low,Rajshahi
Naogaon,1071927,Rajshahi,2022,5,4,3,0,0,0,0,0,24.81,88.94,Stable Platform Zone,190.0,Indian–Burma Plate Boundary,1950.0,6.0,Bogra Fault,Low,Rajshahi
Natore,1240463,Rajshahi,2022,1,1,0,0,0,0,0,0,24.42,89.0,Stable Platform Zone,190.0,Indian–Burma Plate Boundary,1950.0,6.0,Bogra Fault,Low,Rajshahi
Natore,536710,Rajshahi,2022,4,3,2,2,0,0,0,0,24.42,89.0,Stable Platform Zone,190.0,Indian–Burma Plate Boundary,1950.0,6.0,Bogra Fault,Low,Rajshahi
Pabna,623039,Rajshahi,2022,5,3,2,0,0,0,0,0,24.0064,89.2493,Stable Platform Zone,160.0,Indian–Burma Plate Boundary,1950.0,6.0,Stable Platform,Low,Rajshahi
Pabna,480972,Rajshahi,2022,3,0,0,0,0,0,0,0,24.0064,89.2493,Stable Platform Zone,160.0,Indian–Burma Plate Boundary,1950.0,6.0,Stable Platform,Low,Rajshahi
Rajshahi,1960615,Rajshahi,2022,8,5,3,0,0,0,0,0,24.3745,88.6042,Stable Platform Zone,200.0,Indian–Burma Plate Boundary,1950.0,6.0,Bogra Fault,Low,Rajshahi
Rajshahi,842665,Rajshahi,2022,4,3,3,1,0,0,0,0,24.3745,88.6042,Stable Platform Zone,200.0,Indian–Burma Plate Boundary,1950.0,6.0,Bogra Fault,Low,Rajshahi
Sirajganj,2773615,Rajshahi,2022,2,1,0,0,0,0,0,0,24.45,89.71,Stable Platform Zone,150.0,Indian–Burma Plate Boundary,1950.0,6.0,Stable Platform,Low,Rajshahi
Sirajganj,701681,Rajshahi,2022,5,5,1,1,0,0,0,0,24.45,89.71,Stable Platform Zone,150.0,Indian–Burma Plate Boundary,1950.0,6.0,Stable Platform,Low,Rajshahi
Dinajpur,938921,Rangpur,2022,5,3,1,1,0,0,0,0,25.625,88.65,Stable Platform Zone,120.0,Indian–Burma Plate Boundary,1950.0,6.5,Himalayan Frontal Zone,Medium,Rangpur
Dinajpur,116659,Rangpur,2022,7,3,3,1,0,0,0,0,25.625,88.65,Stable Platform Zone,120.0,Indian–Burma Plate Boundary,1950.0,6.5,Himalayan Frontal Zone,Medium,Rangpur
Gaibandha,450092,Rangpur,2022,8,3,3,2,2,0,0,0,25.33,89.55,Stable Platform Zone,130.0,Indian–Eurasian Plate Boundary,1950.0,6.5,Bogra Fault,Medium,Rangpur
Gaibandha,769051,Rangpur,2022,7,5,0,0,0,0,0,0,25.33,89.55,Stable Platform Zone,130.0,Indian–Eurasian Plate Boundary,1950.0,6.5,Bogra Fault,Medium,Rangpur
Kurigram,671757,Rangpur,2022,2,1,1,0,0,0,0,0,25.81,89.65,Himalayan Frontal Zone,110.0,Indian–Eurasian Plate Boundary,1950.0,8.6,Assam Fault Belt,High,Rangpur
Kurigram,341024,Rangpur,2022,4,2,1,0,0,0,0,0,25.81,89.65,Himalayan Frontal Zone,110.0,Indian–Eurasian Plate Boundary,1950.0,8.6,Assam Fault Belt,High,Rangpur
Lalmonirhat,2741047,Rangpur,2022,5,3,2,0,0,0,0,0,25.92,89.45,Himalayan Frontal Zone,100.0,Indian–Eurasian Plate Boundary,1950.0,8.6,Assam Fault Belt,High,Rangpur
Lalmonirhat,196907,Rangpur,2022,6,4,1,0,0,0,0,0,25.92,89.45,Himalayan Frontal Zone,100.0,Indian–Eurasian Plate Boundary,1950.0,8.6,Assam Fault Belt,High,Rangpur
Nilphamari,602780,Rangpur,2022,2,2,0,0,0,0,0,0,25.95,88.85,Himalayan Frontal Zone,110.0,Indian–Eurasian Plate Boundary,1950.0,8.6,Assam Fault Belt,High,Rangpur
Nilphamari,657280,Rangpur,2022,1,0,0,0,0,0,0,0,25.95,88.85,Himalayan Frontal Zone,110.0,Indian–Eurasian Plate Boundary,1950.0,8.6,Assam Fault Belt,High,Rangpur
Panchagarh,2352589,Rangpur,2022,2,1,0,0,0,0,0,0,26.33,88.56,Himalayan Frontal Zone,90.0,Indian–Eurasian Plate Boundary,1950.0,8.6,Assam Fault Belt,High,Rangpur
Panchagarh,319087,Rangpur,2022,2,2,2,1,0,0,0,0,26.33,88.56,Himalayan Frontal Zone,90.0,Indian–Eurasian Plate Boundary,1950.0,8.6,Assam Fault Belt,High,Rangpur
Rangpur,695027,Rangpur,2022,2,2,1,0,0,0,0,0,25.7449,89.2756,Stable Platform Zone,130.0,Indian–Burma Plate Boundary,1950.0,6.5,Himalayan Frontal Zone,Medium,Rangpur
Rangpur,949897,Rangpur,2022,3,2,0,0,0,0,0,0,25.7449,89.2756,Stable Platform Zone,130.0,Indian–Burma Plate Boundary,1950.0,6.5,Himalayan Frontal Zone,Medium,Rangpur
Thakurgaon,1254579,Rangpur,2022,4,3,1,0,0,0,0,0,26.02,88.46,Himalayan Frontal Zone,100.0,Indian–Eurasian Plate Boundary,1950.0,8.6,Assam Fault Belt,High,Rangpur
Thakurgaon,308471,Rangpur,2022,5,2,2,0,0,0,0,0,26.02,88.46,Himalayan Frontal Zone,100.0,Indian–Eurasian Plate Boundary,1950.0,8.6,Assam Fault Belt,High,Rangpur
Habiganj,891089,Sylhet,2022,5,3,1,1,0,0,0,0,24.38,91.42,Tripura Fold Belt,80.0,Indian–Burma Plate Boundary,1918.0,7.0,Tripura Thrust Zone,Medium,Sylhet
Habiganj,507919,Sylhet,2022,12,8,2,2,0,0,0,0,24.38,91.42,Tripura Fold Belt,80.0,Indian–Burma Plate Boundary,1918.0,7.0,Tripura Thrust Zone,Medium,Sylhet
Moulvibazar,2325690,Sylhet,2022,10,5,3,0,0,0,0,0,24.48,91.77,Dauki Fault Zone,35.0,Indian–Burma Plate Boundary,1918.0,7.5,Dauki Fault,High,Sylhet
Moulvibazar,801485,Sylhet,2022,13,6,4,1,1,0,0,0,24.48,91.77,Dauki Fault Zone,35.0,Indian–Burma Plate Boundary,1918.0,7.5,Dauki Fault,High,Sylhet
Sunamganj,723144,Sylhet,2022,7,3,1,1,0,0,0,0,25.07,91.4,Dauki Fault Zone,45.0,Indian–Burma Plate Boundary,1918.0,7.5,Dauki Fault,High,Sylhet
Sunamganj,402473,Sylhet,2022,16,7,7,3,2,0,0,0,25.07,91.4,Dauki Fault Zone,45.0,Indian–Burma Plate Boundary,1918.0,7.5,Dauki Fault,High,Sylhet
Sylhet,2716483,Sylhet,2022,2,2,1,1,0,0,0,0,24.899,91.872,Dauki Fault Zone,30.0,Indian–Burma Plate Boundary,1918.0,7.5,Dauki Fault,High,Sylhet
Sylhet,428764,Sylhet,2022,9,8,6,0,0,0,0,0,24.899,91.872,Dauki Fault Zone,30.0,Indian–Burma Plate Boundary,1918.0,7.5,Dauki Fault,High,Sylhet
Barguna,1669417,Barisal,2023,3,3,1,0,0,0,0,0,22.15,90.13,Foredeep Basin,210.0,Indian–Burma Plate Boundary,1950.0,5.5,Foredeep Basin,Low,Barishal
Barguna,224434,Barisal,2023,2,2,0,0,0,0,0,0,22.15,90.13,Foredeep Basin,210.0,Indian–Burma Plate Boundary,1950.0,5.5,Foredeep Basin,Low,Barishal
Barishal,732677,Barisal,2023,1,1,1,0,0,0,0,0,22.7,90.37,Foredeep Basin,180.0,Indian–Burma Plate Boundary,1950.0,5.5,Foredeep Basin,Low,Barishal
Barishal,323205,Barisal,2023,3,2,1,1,0,0,0,0,22.7,90.37,Foredeep Basin,180.0,Indian–Burma Plate Boundary,1950.0,5.5,Foredeep Basin,Low,Barishal
Bhola,2763728,Barisal,2023,0,0,0,0,0,0,0,0,22.69,90.65,Foredeep Basin,190.0,Indian–Burma Plate Boundary,1950.0,5.5,Foredeep Basin,Low,Barishal
Bhola,284148,Barisal,2023,2,1,1,0,0,0,0,0,22.69,90.65,Foredeep Basin,190.0,Indian–Burma Plate Boundary,1950.0,5.5,Foredeep Basin,Low,Barishal
Patuakhali,1743038,Barisal,2023,3,2,1,0,0,0,0,0,22.35,90.3,Foredeep Basin,200.0,Indian–Burma Plate Boundary,1950.0,5.5,Foredeep Basin,Low,Barishal
Patuakhali,471496,Barisal,2023,2,1,1,1,0,0,0,0,22.35,90.3,Foredeep Basin,200.0,Indian–Burma Plate Boundary,1950.0,5.5,Foredeep Basin,Low,Barishal
Pirojpur,2745766,Barisal,2023,0,0,0,0,0,0,0,0,22.58,89.98,Foredeep Basin,180.0,Indian–Burma Plate Boundary,1950.0,5.5,Foredeep Basin,Low,Barishal
Pirojpur,525277,Barisal,2023,0,0,0,0,0,0,0,0,22.58,89.98,Foredeep Basin,180.0,Indian–Burma Plate Boundary,1950.0,5.5,Foredeep Basin,Low,Barishal
Bandarban,2404880,Chittagong,2023,5,3,1,1,0,0,0,0,22.194,92.218,Indo‑Burma Fold Belt,25.0,Indian–Burma Plate Boundary,1762.0,8.0,Chittagong Hill Tracts Fold Belt,High,Chittagong
Bandarban,2179247,Chittagong,2023,8,3,2,0,0,0,0,0,22.194,92.218,Indo‑Burma Fold Belt,25.0,Indian–Burma Plate Boundary,1762.0,8.0,Chittagong Hill Tracts Fold Belt,High,Chittagong
Brahmanbaria,1377835,Chittagong,2023,6,3,0,0,0,0,0,0,23.96,91.11,Tripura Fold Belt,85.0,Indian–Burma Plate Boundary,1897.0,7.5,Tripura Thrust Zone,Medium,Chittagong
Brahmanbaria,3804432,Chittagong,2023,7,6,2,2,1,0,0,0,23.96,91.11,Tripura Fold Belt,85.0,Indian–Burma Plate Boundary,1897.0,7.5,Tripura Thrust Zone,Medium,Chittagong
Chandpur,2590101,Chittagong,2023,9,6,3,0,0,0,0,0,23.23,90.65,Foredeep Basin,150.0,Indian–Burma Plate Boundary,1897.0,6.5,Surma Basin,Low,Chittagong
Chandpur,3082104,Chittagong,2023,11,8,3,0,0,0,0,0,23.23,90.65,Foredeep Basin,150.0,Indian–Burma Plate Boundary,1897.0,6.5,Surma Basin,Low,Chittagong
Chittagong,1880625,Chittagong,2023,5,1,1,0,0,0,0,0,22.3419,91.8155,Indo‑Burma Subduction Zone,25.0,Indian–Burma Plate Boundary,1762.0,8.5,Arakan–Burma Subduction,High,Chittagong
Chittagong,5132417,Chittagong,2023,4,3,2,0,0,0,0,0,22.3419,91.8155,Indo‑Burma Subduction Zone,25.0,Indian–Burma Plate Boundary,1762.0,8.5,Arakan–Burma Subduction,High,Chittagong
Comilla,2636973,Chittagong,2023,5,4,1,1,1,0,0,0,23.45,91.1999,Tripura Fold Belt,80.0,Indian–Burma Plate Boundary,1897.0,7.5,Tripura Thrust Zone,Medium,Chittagong
Comilla,2204160,Chittagong,2023,12,9,8,0,0,0,0,0,23.45,91.1999,Tripura Fold Belt,80.0,Indian–Burma Plate Boundary,1897.0,7.5,Tripura Thrust Zone,Medium,Chittagong
Cox's Bazar,2625257,Chittagong,2023,5,1,0,0,0,0,0,0,21.4272,92.0058,Indo‑Burma Subduction Zone,15.0,Indian–Burma Plate Boundary,1762.0,8.5,Arakan Subduction,High,Chittagong
Cox's Bazar,2524528,Chittagong,2023,6,5,3,3,1,0,0,0,21.4272,92.0058,Indo‑Burma Subduction Zone,15.0,Indian–Burma Plate Boundary,1762.0,8.5,Arakan Subduction,High,Chittagong
Feni,2366557,Chittagong,2023,7,4,0,0,0,0,0,0,23.02,91.4,Tripura Fold Belt,90.0,Indian–Burma Plate Boundary,1897.0,7.5,Tripura Thrust Zone,Medium,Chittagong
Feni,4670873,Chittagong,2023,6,3,2,1,1,0,0,0,23.02,91.4,Tripura Fold Belt,90.0,Indian–Burma Plate Boundary,1897.0,7.5,Tripura Thrust Zone,Medium,Chittagong
Lakshmipur,1194421,Chittagong,2023,6,3,0,0,0,0,0,0,22.95,90.83,Tripura Fold Belt,100.0,Indian–Burma Plate Boundary,1897.0,7.5,Tripura Thrust Zone,Medium,Chittagong
Lakshmipur,2614389,Chittagong,2023,3,2,2,0,0,0,0,0,22.95,90.83,Tripura Fold Belt,100.0,Indian–Burma Plate Boundary,1897.0,7.5,Tripura Thrust Zone,Medium,Chittagong
Noakhali,2889656,Chittagong,2023,7,4,2,1,0,0,0,0,22.82,91.1,Tripura Fold Belt,90.0,Indian–Burma Plate Boundary,1897.0,7.5,Tripura Thrust Zone,Medium,Chittagong
Noakhali,3578200,Chittagong,2023,7,2,1,1,0,0,0,0,22.82,91.1,Tripura Fold Belt,90.0,Indian–Burma Plate Boundary,1897.0,7.5,Tripura Thrust Zone,Medium,Chittagong
Rangamati,667691,Chittagong,2023,6,5,1,1,0,0,0,0,22.65,92.17,Indo‑Burma Fold Belt,50.0,Indian–Burma Plate Boundary,1762.0,7.0,Tripura Fold Belt,High,Chittagong
Rangamati,5926390,Chittagong,2023,7,5,3,2,0,0,0,0,22.65,92.17,Indo‑Burma Fold Belt,50.0,Indian–Burma Plate Boundary,1762.0,7.0,Tripura Fold Belt,High,Chittagong
Dhaka,909013,Dhaka,2023,5,3,2,1,0,0,0,0,23.8103,90.4125,Madhupur Fault Zone,100.0,Indian–Burma Plate Boundary,1885.0,7.2,Madhupur Fault,Medium,Dhaka
Dhaka,7109235,Dhaka,2023,7,6,1,0,0,0,0,0,23.8103,90.4125,Madhupur Fault Zone,100.0,Indian–Burma Plate Boundary,1885.0,7.2,Madhupur Fault,Medium,Dhaka
Faridpur,2586977,Dhaka,2023,4,3,1,1,0,0,0,0,23.607,89.8429,Foredeep Basin,160.0,Indian–Burma Plate Boundary,1885.0,6.0,Foredeep Basin,Low,Dhaka
Faridpur,6758715,Dhaka,2023,4,2,1,0,0,0,0,0,23.607,89.8429,Foredeep Basin,160.0,Indian–Burma Plate Boundary,1885.0,6.0,Foredeep Basin,Low,Dhaka
Gazipur,2773744,Dhaka,2023,4,4,2,0,0,0,0,0,24.0,90.4167,Madhupur Fault Zone,95.0,Indian–Burma Plate Boundary,1885.0,7.2,Madhupur Fault,Medium,Dhaka
Gazipur,9209694,Dhaka,2023,3,1,1,0,0,0,0,0,24.0,90.4167,Madhupur Fault Zone,95.0,Indian–Burma Plate Boundary,1885.0,7.2,Madhupur Fault,Medium,Dhaka
Gopalganj,2940615,Dhaka,2023,7,3,3,1,1,0,0,0,23.02,89.83,Foredeep Basin,170.0,Indian–Burma Plate Boundary,1885.0,6.0,Foredeep Basin,Low,Dhaka
Gopalganj,7868936,Dhaka,2023,2,0,0,0,0,0,0,0,23.02,89.83,Foredeep Basin,170.0,Indian–Burma Plate Boundary,1885.0,6.0,Foredeep Basin,Low,Dhaka
Kishoreganj,1186894,Dhaka,2023,3,2,0,0,0,0,0,0,24.44,90.77,Madhupur Fault Zone,100.0,Indian–Burma Plate Boundary,1885.0,7.2,Madhupur Fault,Medium,Dhaka
Madaripur,897100,Dhaka,2023,3,2,1,0,0,0,0,0,23.17,90.19,Foredeep Basin,150.0,Indian–Burma Plate Boundary,1885.0,6.0,Foredeep Basin,Low,Dhaka
Madaripur,10645310,Dhaka,2023,5,4,1,0,0,0,0,0,23.17,90.19,Foredeep Basin,150.0,Indian–Burma Plate Boundary,1885.0,6.0,Foredeep Basin,Low,Dhaka
Manikganj,1799941,Dhaka,2023,3,3,0,0,0,0,0,0,23.86,90.0,Madhupur Fault Zone,90.0,Indian–Burma Plate Boundary,1885.0,7.2,Madhupur Fault,Medium,Dhaka
Manikganj,7885589,Dhaka,2023,2,0,0,0,0,0,0,0,23.86,90.0,Madhupur Fault Zone,90.0,Indian–Burma Plate Boundary,1885.0,7.2,Madhupur Fault,Medium,Dhaka
Munshiganj,1784909,Dhaka,2023,1,0,0,0,0,0,0,0,23.54,90.53,Foredeep Basin,130.0,Indian–Burma Plate Boundary,1885.0,6.0,Foredeep Basin,Low,Dhaka
Munshiganj,11521014,Dhaka,2023,2,1,0,0,0,0,0,0,23.54,90.53,Foredeep Basin,130.0,Indian–Burma Plate Boundary,1885.0,6.0,Foredeep Basin,Low,Dhaka
Narayanganj,2804570,Dhaka,2023,5,2,2,0,0,0,0,0,23.6226,90.501,Madhupur Fault Zone,110.0,Indian–Burma Plate Boundary,1885.0,7.2,Madhupur Fault,Medium,Dhaka
Narayanganj,5936833,Dhaka,2023,4,3,0,0,0,0,0,0,23.6226,90.501,Madhupur Fault Zone,110.0,Indian–Burma Plate Boundary,1885.0,7.2,Madhupur Fault,Medium,Dhaka
Narsingdi,449148,Dhaka,2023,4,3,1,0,0,0,0,0,23.9207,90.7188,Madhupur Fault Zone,110.0,Indian–Burma Plate Boundary,1885.0,7.2,Madhupur Fault,Medium,Dhaka
Narsingdi,6491855,Dhaka,2023,5,3,3,1,0,0,0,0,23.9207,90.7188,Madhupur Fault Zone,110.0,Indian–Burma Plate Boundary,1885.0,7.2,Madhupur Fault,Medium,Dhaka
Rajbari,1362606,Dhaka,2023,3,2,0,0,0,0,0,0,23.72,89.65,Foredeep Basin,180.0,Indian–Burma Plate Boundary,1885.0,6.0,Foredeep Basin,Low,Dhaka
Rajbari,10708381,Dhaka,2023,5,4,1,1,0,0,0,0,23.72,89.65,Foredeep Basin,180.0,Indian–Burma Plate Boundary,1885.0,6.0,Foredeep Basin,Low,Dhaka
Shariatpur,823514,Dhaka,2023,1,1,1,0,0,0,0,0,23.22,90.35,Foredeep Basin,150.0,Indian–Burma Plate Boundary,1885.0,6.0,Foredeep Basin,Low,Dhaka
Shariatpur,10735134,Dhaka,2023,7,7,2,1,1,0,0,0,23.22,90.35,Foredeep Basin,150.0,Indian–Burma Plate Boundary,1885.0,6.0,Foredeep Basin,Low,Dhaka
Tangail,833491,Dhaka,2023,4,2,0,0,0,0,0,0,24.25,89.9167,Madhupur Fault Zone,90.0,Indian–Burma Plate Boundary,1885.0,7.2,Madhupur Fault,Medium,Dhaka
Tangail,8245888,Dhaka,2023,5,4,0,0,0,0,0,0,24.25,89.9167,Madhupur Fault Zone,90.0,Indian–Burma Plate Boundary,1885.0,7.2,Madhupur Fault,Medium,Dhaka
Bagerhat,618704,Khulna,2023,2,2,0,0,0,0,0,0,22.65,89.7667,Stable Platform Zone,230.0,Indian–Burma Plate Boundary,1950.0,6.0,Bogra Fault,Low,Khulna
Bagerhat,981502,Khulna,2023,2,1,0,0,0,0,0,0,22.65,89.7667,Stable Platform Zone,230.0,Indian–Burma Plate Boundary,1950.0,6.0,Bogra Fault,Low,Khulna
Chuadanga,997418,Khulna,2023,5,3,1,0,0,0,0,0,23.63,88.83,Stable Platform Zone,180.0,Indian–Burma Plate Boundary,1950.0,6.0,Stable Platform,Low,Khulna
Chuadanga,654166,Khulna,2023,5,1,1,1,0,0,0,0,23.63,88.83,Stable Platform Zone,180.0,Indian–Burma Plate Boundary,1950.0,6.0,Stable Platform,Low,Khulna
Jessore,2720494,Khulna,2023,3,3,1,0,0,0,0,0,23.1707,89.2124,Stable Platform Zone,210.0,Indian–Burma Plate Boundary,1950.0,6.0,Stable Platform,Low,Khulna
Jessore,1394276,Khulna,2023,2,0,0,0,0,0,0,0,23.1707,89.2124,Stable Platform Zone,210.0,Indian–Burma Plate Boundary,1950.0,6.0,Stable Platform,Low,Khulna
Jhenaidah,1257896,Khulna,2023,5,4,2,1,1,0,0,0,23.55,89.15,Stable Platform Zone,200.0,Indian–Burma Plate Boundary,1950.0,6.0,Stable Platform,Low,Khulna
Jhenaidah,964462,Khulna,2023,2,2,1,0,0,0,0,0,23.55,89.15,Stable Platform Zone,200.0,Indian–Burma Plate Boundary,1950.0,6.0,Stable Platform,Low,Khulna
Khulna,680423,Khulna,2023,0,0,0,0,0,0,0,0,22.8167,89.55,Stable Platform Zone,220.0,Indian–Burma Plate Boundary,1950.0,6.0,Bogra Fault,Low,Khulna
Khulna,724168,Khulna,2023,3,3,1,1,0,0,0,0,22.8167,89.55,Stable Platform Zone,220.0,Indian–Burma Plate Boundary,1950.0,6.0,Bogra Fault,Low,Khulna
Kushtia,1051479,Khulna,2023,0,0,0,0,0,0,0,0,23.9,89.12,Stable Platform Zone,170.0,Indian–Burma Plate Boundary,1950.0,6.0,Stable Platform,Low,Khulna
Kushtia,1789460,Khulna,2023,5,3,2,1,0,0,0,0,23.9,89.12,Stable Platform Zone,170.0,Indian–Burma Plate Boundary,1950.0,6.0,Stable Platform,Low,Khulna
Magura,1013105,Khulna,2023,4,3,0,0,0,0,0,0,23.49,89.42,Stable Platform Zone,200.0,Indian–Burma Plate Boundary,1950.0,6.0,Stable Platform,Low,Khulna
Magura,1784805,Khulna,2023,1,1,1,0,0,0,0,0,23.49,89.42,Stable Platform Zone,200.0,Indian–Burma Plate Boundary,1950.0,6.0,Stable Platform,Low,Khulna
Meherpur,1386156,Khulna,2023,4,1,1,0,0,0,0,0,23.77,88.63,Stable Platform Zone,200.0,Indian–Burma Plate Boundary,1950.0,6.0,Stable Platform,Low,Khulna
Meherpur,1513445,Khulna,2023,3,3,1,0,0,0,0,0,23.77,88.63,Stable Platform Zone,200.0,Indian–Burma Plate Boundary,1950.0,6.0,Stable Platform,Low,Khulna
Narail,1861228,Khulna,2023,2,1,0,0,0,0,0,0,23.18,89.5,Stable Platform Zone,190.0,Indian–Burma Plate Boundary,1950.0,6.0,Stable Platform,Low,Khulna
Narail,1565521,Khulna,2023,4,2,1,0,0,0,0,0,23.18,89.5,Stable Platform Zone,190.0,Indian–Burma Plate Boundary,1950.0,6.0,Stable Platform,Low,Khulna
Satkhira,1412089,Khulna,2023,0,0,0,0,0,0,0,0,22.7234,89.0751,Stable Platform Zone,250.0,Indian–Burma Plate Boundary,1950.0,6.0,Stable Platform,Low,Khulna
Satkhira,1231725,Khulna,2023,1,0,0,0,0,0,0,0,22.7234,89.0751,Stable Platform Zone,250.0,Indian–Burma Plate Boundary,1950.0,6.0,Stable Platform,Low,Khulna
Jamalpur,412422,Mymensingh,2023,3,3,0,0,0,0,0,0,24.923,89.9501,Madhupur Fault Zone,100.0,Indian–Burma Plate Boundary,1897.0,7.5,Madhupur Fault,Medium,Mymensingh
Mymensingh,725399,Mymensingh,2023,4,2,2,1,0,0,0,0,24.7434,90.3984,Madhupur Fault Zone,80.0,Indian–Burma Plate Boundary,1897.0,7.5,Madhupur Fault,Medium,Mymensingh
Mymensingh,860816,Mymensingh,2023,7,6,3,0,0,0,0,0,24.7434,90.3984,Madhupur Fault Zone,80.0,Indian–Burma Plate Boundary,1897.0,7.5,Madhupur Fault,Medium,Mymensingh
Sherpur,1281432,Mymensingh,2023,4,2,2,0,0,0,0,0,25.0188,90.0175,Madhupur Fault Zone,95.0,Indian–Burma Plate Boundary,1897.0,7.5,Madhupur Fault,Medium,Mymensingh
Bogra,2908988,Rajshahi,2023,4,2,1,0,0,0,0,0,24.849,89.3677,Stable Platform Zone,140.0,Indian–Burma Plate Boundary,1950.0,6.0,Bogra Fault,Low,Rajshahi
Bogra,769242,Rajshahi,2023,8,5,4,1,0,0,0,0,24.849,89.3677,Stable Platform Zone,140.0,Indian–Burma Plate Boundary,1950.0,6.0,Bogra Fault,Low,Rajshahi
Joypurhat,1539195,Rajshahi,2023,1,1,1,0,0,0,0,0,25.1,89.02,Stable Platform Zone,160.0,Indian–Burma Plate Boundary,1950.0,6.0,Stable Platform,Low,Rajshahi
Joypurhat,805949,Rajshahi,2023,5,3,0,0,0,0,0,0,25.1,89.02,Stable Platform Zone,160.0,Indian–Burma Plate Boundary,1950.0,6.0,Stable Platform,Low,Rajshahi
Naogaon,1184315,Rajshahi,2023,3,2,1,1,0,0,0,0,24.81,88.94,Stable Platform Zone,190.0,Indian–Burma Plate Boundary,1950.0,6.0,Bogra Fault,Low,Rajshahi
Naogaon,407133,Rajshahi,2023,3,2,1,0,0,0,0,0,24.81,88.94,Stable Platform Zone,190.0,Indian–Burma Plate Boundary,1950.0,6.0,Bogra Fault,Low,Rajshahi
Natore,2876035,Rajshahi,2023,4,0,0,0,0,0,0,0,24.42,89.0,Stable Platform Zone,190.0,Indian–Burma Plate Boundary,1950.0,6.0,Bogra Fault,Low,Rajshahi
Natore,1171364,Rajshahi,2023,2,1,0,0,0,0,0,0,24.42,89.0,Stable Platform Zone,190.0,Indian–Burma Plate Boundary,1950.0,6.0,Bogra Fault,Low,Rajshahi
Pabna,2417855,Rajshahi,2023,1,0,0,0,0,0,0,0,24.0064,89.2493,Stable Platform Zone,160.0,Indian–Burma Plate Boundary,1950.0,6.0,Stable Platform,Low,Rajshahi
Pabna,491559,Rajshahi,2023,3,3,1,0,0,0,0,0,24.0064,89.2493,Stable Platform Zone,160.0,Indian–Burma Plate Boundary,1950.0,6.0,Stable Platform,Low,Rajshahi
Rajshahi,2963721,Rajshahi,2023,1,0,0,0,0,0,0,0,24.3745,88.6042,Stable Platform Zone,200.0,Indian–Burma Plate Boundary,1950.0,6.0,Bogra Fault,Low,Rajshahi
Rajshahi,1197329,Rajshahi,2023,3,1,1,1,0,0,0,0,24.3745,88.6042,Stable Platform Zone,200.0,Indian–Burma Plate Boundary,1950.0,6.0,Bogra Fault,Low,Rajshahi
Sirajganj,851501,Rajshahi,2023,4,4,0,0,0,0,0,0,24.45,89.71,Stable Platform Zone,150.0,Indian–Burma Plate Boundary,1950.0,6.0,Stable Platform,Low,Rajshahi
Sirajganj,1052694,Rajshahi,2023,3,3,1,0,0,0,0,0,24.45,89.71,Stable Platform Zone,150.0,Indian–Burma Plate Boundary,1950.0,6.0,Stable Platform,Low,Rajshahi
Dinajpur,2848623,Rangpur,2023,2,0,0,0,0,0,0,0,25.625,88.65,Stable Platform Zone,120.0,Indian–Burma Plate Boundary,1950.0,6.5,Himalayan Frontal Zone,Medium,Rangpur
Dinajpur,719169,Rangpur,2023,1,1,1,0,0,0,0,0,25.625,88.65,Stable Platform Zone,120.0,Indian–Burma Plate Boundary,1950.0,6.5,Himalayan Frontal Zone,Medium,Rangpur
Gaibandha,542358,Rangpur,2023,4,3,1,1,0,0,0,0,25.33,89.55,Stable Platform Zone,130.0,Indian–Eurasian Plate Boundary,1950.0,6.5,Bogra Fault,Medium,Rangpur
Gaibandha,299188,Rangpur,2023,3,2,2,0,0,0,0,0,25.33,89.55,Stable Platform Zone,130.0,Indian–Eurasian Plate Boundary,1950.0,6.5,Bogra Fault,Medium,Rangpur
Kurigram,2095437,Rangpur,2023,2,1,0,0,0,0,0,0,25.81,89.65,Himalayan Frontal Zone,110.0,Indian–Eurasian Plate Boundary,1950.0,8.6,Assam Fault Belt,High,Rangpur
Kurigram,385972,Rangpur,2023,2,2,0,0,0,0,0,0,25.81,89.65,Himalayan Frontal Zone,110.0,Indian–Eurasian Plate Boundary,1950.0,8.6,Assam Fault Belt,High,Rangpur
Lalmonirhat,1479624,Rangpur,2023,8,4,0,0,0,0,0,0,25.92,89.45,Himalayan Frontal Zone,100.0,Indian–Eurasian Plate Boundary,1950.0,8.6,Assam Fault Belt,High,Rangpur
Lalmonirhat,375602,Rangpur,2023,2,1,1,0,0,0,0,0,25.92,89.45,Himalayan Frontal Zone,100.0,Indian–Eurasian Plate Boundary,1950.0,8.6,Assam Fault Belt,High,Rangpur
Nilphamari,2166660,Rangpur,2023,8,6,3,1,0,0,0,0,25.95,88.85,Himalayan Frontal Zone,110.0,Indian–Eurasian Plate Boundary,1950.0,8.6,Assam Fault Belt,High,Rangpur
Nilphamari,357949,Rangpur,2023,7,5,1,0,0,0,0,0,25.95,88.85,Himalayan Frontal Zone,110.0,Indian–Eurasian Plate Boundary,1950.0,8.6,Assam Fault Belt,High,Rangpur
Panchagarh,481159,Rangpur,2023,2,1,1,0,0,0,0,0,26.33,88.56,Himalayan Frontal Zone,90.0,Indian–Eurasian Plate Boundary,1950.0,8.6,Assam Fault Belt,High,Rangpur
Panchagarh,608297,Rangpur,2023,9,4,3,1,1,0,0,0,26.33,88.56,Himalayan Frontal Zone,90.0,Indian–Eurasian Plate Boundary,1950.0,8.6,Assam Fault Belt,High,Rangpur
Rangpur,2574587,Rangpur,2023,7,3,2,1,0,0,0,0,25.7449,89.2756,Stable Platform Zone,130.0,Indian–Burma Plate Boundary,1950.0,6.5,Himalayan Frontal Zone,Medium,Rangpur
Rangpur,456419,Rangpur,2023,4,1,1,1,1,0,0,0,25.7449,89.2756,Stable Platform Zone,130.0,Indian–Burma Plate Boundary,1950.0,6.5,Himalayan Frontal Zone,Medium,Rangpur
Thakurgaon,660037,Rangpur,2023,5,4,0,0,0,0,0,0,26.02,88.46,Himalayan Frontal Zone,100.0,Indian–Eurasian Plate Boundary,1950.0,8.6,Assam Fault Belt,High,Rangpur
Thakurgaon,838707,Rangpur,2023,4,2,1,1,0,0,0,0,26.02,88.46,Himalayan Frontal Zone,100.0,Indian–Eurasian Plate Boundary,1950.0,8.6,Assam Fault Belt,High,Rangpur
Habiganj,1126753,Sylhet,2023,6,2,2,1,0,0,0,0,24.38,91.42,Tripura Fold Belt,80.0,Indian–Burma Plate Boundary,1918.0,7.0,Tripura Thrust Zone,Medium,Sylhet
Habiganj,446903,Sylhet,2023,12,6,3,2,1,1,1,0,24.38,91.42,Tripura Fold Belt,80.0,Indian–Burma Plate Boundary,1918.0,7.0,Tripura Thrust Zone,Medium,Sylhet
Moulvibazar,1063528,Sylhet,2023,11,8,4,2,0,0,0,0,24.48,91.77,Dauki Fault Zone,35.0,Indian–Burma Plate Boundary,1918.0,7.5,Dauki Fault,High,Sylhet
Moulvibazar,871918,Sylhet,2023,12,9,5,2,0,0,0,0,24.48,91.77,Dauki Fault Zone,35.0,Indian–Burma Plate Boundary,1918.0,7.5,Dauki Fault,High,Sylhet
Sunamganj,2127324,Sylhet,2023,12,8,4,1,0,0,0,0,25.07,91.4,Dauki Fault Zone,45.0,Indian–Burma Plate Boundary,1918.0,7.5,Dauki Fault,High,Sylhet
Sunamganj,351660,Sylhet,2023,17,14,5,2,1,0,0,0,25.07,91.4,Dauki Fault Zone,45.0,Indian–Burma Plate Boundary,1918.0,7.5,Dauki Fault,High,Sylhet
Sylhet,2185907,Sylhet,2023,11,6,3,2,1,0,0,0,24.899,91.872,Dauki Fault Zone,30.0,Indian–Burma Plate Boundary,1918.0,7.5,Dauki Fault,High,Sylhet
Sylhet,874249,Sylhet,2023,4,1,1,1,0,0,0,0,24.899,91.872,Dauki Fault Zone,30.0,Indian–Burma Plate Boundary,1918.0,7.5,Dauki Fault,High,Sylhet
Barguna,401467,Barisal,2024,0,0,0,0,0,0,0,0,22.15,90.13,Foredeep Basin,210.0,Indian–Burma Plate Boundary,1950.0,5.5,Foredeep Basin,Low,Barishal
Barguna,824442,Barisal,2024,6,4,4,1,0,0,0,0,22.15,90.13,Foredeep Basin,210.0,Indian–Burma Plate Boundary,1950.0,5.5,Foredeep Basin,Low,Barishal
Barishal,1281941,Barisal,2024,0,0,0,0,0,0,0,0,22.7,90.37,Foredeep Basin,180.0,Indian–Burma Plate Boundary,1950.0,5.5,Foredeep Basin,Low,Barishal
Barishal,882592,Barisal,2024,4,2,2,0,0,0,0,0,22.7,90.37,Foredeep Basin,180.0,Indian–Burma Plate Boundary,1950.0,5.5,Foredeep Basin,Low,Barishal
Bhola,1935347,Barisal,2024,1,1,1,0,0,0,0,0,22.69,90.65,Foredeep Basin,190.0,Indian–Burma Plate Boundary,1950.0,5.5,Foredeep Basin,Low,Barishal
Bhola,937821,Barisal,2024,2,2,0,0,0,0,0,0,22.69,90.65,Foredeep Basin,190.0,Indian–Burma Plate Boundary,1950.0,5.5,Foredeep Basin,Low,Barishal
Patuakhali,471599,Barisal,2024,4,2,0,0,0,0,0,0,22.35,90.3,Foredeep Basin,200.0,Indian–Burma Plate Boundary,1950.0,5.5,Foredeep Basin,Low,Barishal
Patuakhali,298176,Barisal,2024,6,5,0,0,0,0,0,0,22.35,90.3,Foredeep Basin,200.0,Indian–Burma Plate Boundary,1950.0,5.5,Foredeep Basin,Low,Barishal
Pirojpur,671624,Barisal,2024,0,0,0,0,0,0,0,0,22.58,89.98,Foredeep Basin,180.0,Indian–Burma Plate Boundary,1950.0,5.5,Foredeep Basin,Low,Barishal
Pirojpur,972548,Barisal,2024,1,1,1,0,0,0,0,0,22.58,89.98,Foredeep Basin,180.0,Indian–Burma Plate Boundary,1950.0,5.5,Foredeep Basin,Low,Barishal
Bandarban,2532680,Chittagong,2024,7,3,3,1,1,0,0,0,22.194,92.218,Indo‑Burma Fold Belt,25.0,Indian–Burma Plate Boundary,1762.0,8.0,Chittagong Hill Tracts Fold Belt,High,Chittagong
Bandarban,4867295,Chittagong,2024,8,4,2,2,0,0,0,0,22.194,92.218,Indo‑Burma Fold Belt,25.0,Indian–Burma Plate Boundary,1762.0,8.0,Chittagong Hill Tracts Fold Belt,High,Chittagong
Brahmanbaria,1233337,Chittagong,2024,2,0,0,0,0,0,0,0,23.96,91.11,Tripura Fold Belt,85.0,Indian–Burma Plate Boundary,1897.0,7.5,Tripura Thrust Zone,Medium,Chittagong
Brahmanbaria,5785714,Chittagong,2024,9,3,3,1,0,0,0,0,23.96,91.11,Tripura Fold Belt,85.0,Indian–Burma Plate Boundary,1897.0,7.5,Tripura Thrust Zone,Medium,Chittagong
Chandpur,621655,Chittagong,2024,7,4,1,1,1,0,0,0,23.23,90.65,Foredeep Basin,150.0,Indian–Burma Plate Boundary,1897.0,6.5,Surma Basin,Low,Chittagong
Chandpur,3592516,Chittagong,2024,7,2,1,1,0,0,0,0,23.23,90.65,Foredeep Basin,150.0,Indian–Burma Plate Boundary,1897.0,6.5,Surma Basin,Low,Chittagong
Chittagong,2076427,Chittagong,2024,7,5,0,0,0,0,0,0,22.3419,91.8155,Indo‑Burma Subduction Zone,25.0,Indian–Burma Plate Boundary,1762.0,8.5,Arakan–Burma Subduction,High,Chittagong
Chittagong,3350171,Chittagong,2024,12,9,3,2,0,0,0,0,22.3419,91.8155,Indo‑Burma Subduction Zone,25.0,Indian–Burma Plate Boundary,1762.0,8.5,Arakan–Burma Subduction,High,Chittagong
Comilla,2109018,Chittagong,2024,6,4,3,0,0,0,0,0,23.45,91.1999,Tripura Fold Belt,80.0,Indian–Burma Plate Boundary,1897.0,7.5,Tripura Thrust Zone,Medium,Chittagong
Comilla,3345013,Chittagong,2024,6,1,1,0,0,0,0,0,23.45,91.1999,Tripura Fold Belt,80.0,Indian–Burma Plate Boundary,1897.0,7.5,Tripura Thrust Zone,Medium,Chittagong
Cox's Bazar,1866309,Chittagong,2024,8,4,4,2,1,0,0,0,21.4272,92.0058,Indo‑Burma Subduction Zone,15.0,Indian–Burma Plate Boundary,1762.0,8.5,Arakan Subduction,High,Chittagong
Cox's Bazar,5902607,Chittagong,2024,8,5,2,2,2,0,0,0,21.4272,92.0058,Indo‑Burma Subduction Zone,15.0,Indian–Burma Plate Boundary,1762.0,8.5,Arakan Subduction,High,Chittagong
Feni,1250048,Chittagong,2024,8,8,3,0,0,0,0,0,23.02,91.4,Tripura Fold Belt,90.0,Indian–Burma Plate Boundary,1897.0,7.5,Tripura Thrust Zone,Medium,Chittagong
Feni,5042144,Chittagong,2024,9,4,4,0,0,0,0,0,23.02,91.4,Tripura Fold Belt,90.0,Indian–Burma Plate Boundary,1897.0,7.5,Tripura Thrust Zone,Medium,Chittagong
Lakshmipur,2153332,Chittagong,2024,12,8,1,1,0,0,0,0,22.95,90.83,Tripura Fold Belt,100.0,Indian–Burma Plate Boundary,1897.0,7.5,Tripura Thrust Zone,Medium,Chittagong
Lakshmipur,5816946,Chittagong,2024,7,3,3,1,0,0,0,0,22.95,90.83,Tripura Fold Belt,100.0,Indian–Burma Plate Boundary,1897.0,7.5,Tripura Thrust Zone,Medium,Chittagong
Noakhali,2818727,Chittagong,2024,8,5,3,0,0,0,0,0,22.82,91.1,Tripura Fold Belt,90.0,Indian–Burma Plate Boundary,1897.0,7.5,Tripura Thrust Zone,Medium,Chittagong
Noakhali,4899488,Chittagong,2024,8,5,4,2,1,0,0,0,22.82,91.1,Tripura Fold Belt,90.0,Indian–Burma Plate Boundary,1897.0,7.5,Tripura Thrust Zone,Medium,Chittagong
Rangamati,412951,Chittagong,2024,8,2,1,1,0,0,0,0,22.65,92.17,Indo‑Burma Fold Belt,50.0,Indian–Burma Plate Boundary,1762.0,7.0,Tripura Fold Belt,High,Chittagong
Rangamati,3998058,Chittagong,2024,5,3,1,1,1,1,0,0,22.65,92.17,Indo‑Burma Fold Belt,50.0,Indian–Burma Plate Boundary,1762.0,7.0,Tripura Fold Belt,High,Chittagong
Dhaka,2550053,Dhaka,2024,2,0,0,0,0,0,0,0,23.8103,90.4125,Madhupur Fault Zone,100.0,Indian–Burma Plate Boundary,1885.0,7.2,Madhupur Fault,Medium,Dhaka
Dhaka,9701325,Dhaka,2024,2,2,1,1,0,0,0,0,23.8103,90.4125,Madhupur Fault Zone,100.0,Indian–Burma Plate Boundary,1885.0,7.2,Madhupur Fault,Medium,Dhaka
Faridpur,1953387,Dhaka,2024,5,3,3,1,1,0,0,0,23.607,89.8429,Foredeep Basin,160.0,Indian–Burma Plate Boundary,1885.0,6.0,Foredeep Basin,Low,Dhaka
Faridpur,9497916,Dhaka,2024,5,4,2,0,0,0,0,0,23.607,89.8429,Foredeep Basin,160.0,Indian–Burma Plate Boundary,1885.0,6.0,Foredeep Basin,Low,Dhaka
Gazipur,1396010,Dhaka,2024,2,0,0,0,0,0,0,0,24.0,90.4167,Madhupur Fault Zone,95.0,Indian–Burma Plate Boundary,1885.0,7.2,Madhupur Fault,Medium,Dhaka
Gazipur,5996404,Dhaka,2024,3,3,2,0,0,0,0,0,24.0,90.4167,Madhupur Fault Zone,95.0,Indian–Burma Plate Boundary,1885.0,7.2,Madhupur Fault,Medium,Dhaka
Gopalganj,1650816,Dhaka,2024,4,2,2,0,0,0,0,0,23.02,89.83,Foredeep Basin,170.0,Indian–Burma Plate Boundary,1885.0,6.0,Foredeep Basin,Low,Dhaka
Gopalganj,10198598,Dhaka,2024,6,4,3,0,0,0,0,0,23.02,89.83,Foredeep Basin,170.0,Indian–Burma Plate Boundary,1885.0,6.0,Foredeep Basin,Low,Dhaka
Kishoreganj,1714029,Dhaka,2024,2,2,1,0,0,0,0,0,24.44,90.77,Madhupur Fault Zone,100.0,Indian–Burma Plate Boundary,1885.0,7.2,Madhupur Fault,Medium,Dhaka
Madaripur,2085965,Dhaka,2024,3,2,1,0,0,0,0,0,23.17,90.19,Foredeep Basin,150.0,Indian–Burma Plate Boundary,1885.0,6.0,Foredeep Basin,Low,Dhaka
Madaripur,9501916,Dhaka,2024,4,4,3,0,0,0,0,0,23.17,90.19,Foredeep Basin,150.0,Indian–Burma Plate Boundary,1885.0,6.0,Foredeep Basin,Low,Dhaka
Manikganj,1517434,Dhaka,2024,2,2,1,0,0,0,0,0,23.86,90.0,Madhupur Fault Zone,90.0,Indian–Burma Plate Boundary,1885.0,7.2,Madhupur Fault,Medium,Dhaka
Manikganj,10973458,Dhaka,2024,4,1,1,1,0,0,0,0,23.86,90.0,Madhupur Fault Zone,90.0,Indian–Burma Plate Boundary,1885.0,7.2,Madhupur Fault,Medium,Dhaka
Munshiganj,1051004,Dhaka,2024,4,2,0,0,0,0,0,0,23.54,90.53,Foredeep Basin,130.0,Indian–Burma Plate Boundary,1885.0,6.0,Foredeep Basin,Low,Dhaka
Munshiganj,5897447,Dhaka,2024,4,2,1,0,0,0,0,0,23.54,90.53,Foredeep Basin,130.0,Indian–Burma Plate Boundary,1885.0,6.0,Foredeep Basin,Low,Dhaka
Narayanganj,501403,Dhaka,2024,3,3,1,1,0,0,0,0,23.6226,90.501,Madhupur Fault Zone,110.0,Indian–Burma Plate Boundary,1885.0,7.2,Madhupur Fault,Medium,Dhaka
Narayanganj,10037086,Dhaka,2024,6,4,2,1,0,0,0,0,23.6226,90.501,Madhupur Fault Zone,110.0,Indian–Burma Plate Boundary,1885.0,7.2,Madhupur Fault,Medium,Dhaka
Narsingdi,656088,Dhaka,2024,2,2,0,0,0,0,0,0,23.9207,90.7188,Madhupur Fault Zone,110.0,Indian–Burma Plate Boundary,1885.0,7.2,Madhupur Fault,Medium,Dhaka
Narsingdi,8053017,Dhaka,2024,6,4,2,0,0,0,0,0,23.9207,90.7188,Madhupur Fault Zone,110.0,Indian–Burma Plate Boundary,1885.0,7.2,Madhupur Fault,Medium,Dhaka
Rajbari,2482874,Dhaka,2024,6,4,1,1,1,0,0,0,23.72,89.65,Foredeep Basin,180.0,Indian–Burma Plate Boundary,1885.0,6.0,Foredeep Basin,Low,Dhaka
Rajbari,10880240,Dhaka,2024,6,3,2,2,0,0,0,0,23.72,89.65,Foredeep Basin,180.0,Indian–Burma Plate Boundary,1885.0,6.0,Foredeep Basin,Low,Dhaka
Shariatpur,737539,Dhaka,2024,0,0,0,0,0,0,0,0,23.22,90.35,Foredeep Basin,150.0,Indian–Burma Plate Boundary,1885.0,6.0,Foredeep Basin,Low,Dhaka
Shariatpur,11173974,Dhaka,2024,5,2,2,0,0,0,0,0,23.22,90.35,Foredeep Basin,150.0,Indian–Burma Plate Boundary,1885.0,6.0,Foredeep Basin,Low,Dhaka
Tangail,2785702,Dhaka,2024,8,4,4,2,0,0,0,0,24.25,89.9167,Madhupur Fault Zone,90.0,Indian–Burma Plate Boundary,1885.0,7.2,Madhupur Fault,Medium,Dhaka
Tangail,5115122,Dhaka,2024,1,1,1,0,0,0,0,0,24.25,89.9167,Madhupur Fault Zone,90.0,Indian–Burma Plate Boundary,1885.0,7.2,Madhupur Fault,Medium,Dhaka
Bagerhat,2350476,Khulna,2024,2,2,1,1,0,0,0,0,22.65,89.7667,Stable Platform Zone,230.0,Indian–Burma Plate Boundary,1950.0,6.0,Bogra Fault,Low,Khulna
Bagerhat,788597,Khulna,2024,1,0,0,0,0,0,0,0,22.65,89.7667,Stable Platform Zone,230.0,Indian–Burma Plate Boundary,1950.0,6.0,Bogra Fault,Low,Khulna
Chuadanga,2697820,Khulna,2024,5,3,3,1,0,0,0,0,23.63,88.83,Stable Platform Zone,180.0,Indian–Burma Plate Boundary,1950.0,6.0,Stable Platform,Low,Khulna
Chuadanga,1005142,Khulna,2024,4,3,1,1,0,0,0,0,23.63,88.83,Stable Platform Zone,180.0,Indian–Burma Plate Boundary,1950.0,6.0,Stable Platform,Low,Khulna
Jessore,1126893,Khulna,2024,3,1,1,0,0,0,0,0,23.1707,89.2124,Stable Platform Zone,210.0,Indian–Burma Plate Boundary,1950.0,6.0,Stable Platform,Low,Khulna
Jessore,1263196,Khulna,2024,6,5,3,1,0,0,0,0,23.1707,89.2124,Stable Platform Zone,210.0,Indian–Burma Plate Boundary,1950.0,6.0,Stable Platform,Low,Khulna
Jhenaidah,1454190,Khulna,2024,3,2,1,0,0,0,0,0,23.55,89.15,Stable Platform Zone,200.0,Indian–Burma Plate Boundary,1950.0,6.0,Stable Platform,Low,Khulna
Jhenaidah,1207114,Khulna,2024,2,1,1,0,0,0,0,0,23.55,89.15,Stable Platform Zone,200.0,Indian–Burma Plate Boundary,1950.0,6.0,Stable Platform,Low,Khulna
Khulna,855970,Khulna,2024,2,2,1,0,0,0,0,0,22.8167,89.55,Stable Platform Zone,220.0,Indian–Burma Plate Boundary,1950.0,6.0,Bogra Fault,Low,Khulna
Khulna,1333921,Khulna,2024,3,0,0,0,0,0,0,0,22.8167,89.55,Stable Platform Zone,220.0,Indian–Burma Plate Boundary,1950.0,6.0,Bogra Fault,Low,Khulna
Kushtia,636084,Khulna,2024,3,2,1,1,0,0,0,0,23.9,89.12,Stable Platform Zone,170.0,Indian–Burma Plate Boundary,1950.0,6.0,Stable Platform,Low,Khulna
Kushtia,1012149,Khulna,2024,6,5,2,1,1,0,0,0,23.9,89.12,Stable Platform Zone,170.0,Indian–Burma Plate Boundary,1950.0,6.0,Stable Platform,Low,Khulna
Magura,2368912,Khulna,2024,3,0,0,0,0,0,0,0,23.49,89.42,Stable Platform Zone,200.0,Indian–Burma Plate Boundary,1950.0,6.0,Stable Platform,Low,Khulna
Magura,783418,Khulna,2024,5,3,1,1,1,0,0,0,23.49,89.42,Stable Platform Zone,200.0,Indian–Burma Plate Boundary,1950.0,6.0,Stable Platform,Low,Khulna
Meherpur,1288468,Khulna,2024,3,3,2,0,0,0,0,0,23.77,88.63,Stable Platform Zone,200.0,Indian–Burma Plate Boundary,1950.0,6.0,Stable Platform,Low,Khulna
Meherpur,1196767,Khulna,2024,2,2,0,0,0,0,0,0,23.77,88.63,Stable Platform Zone,200.0,Indian–Burma Plate Boundary,1950.0,6.0,Stable Platform,Low,Khulna
Narail,742041,Khulna,2024,3,1,0,0,0,0,0,0,23.18,89.5,Stable Platform Zone,190.0,Indian–Burma Plate Boundary,1950.0,6.0,Stable Platform,Low,Khulna
Narail,1476106,Khulna,2024,2,1,0,0,0,0,0,0,23.18,89.5,Stable Platform Zone,190.0,Indian–Burma Plate Boundary,1950.0,6.0,Stable Platform,Low,Khulna
Satkhira,720322,Khulna,2024,7,4,3,0,0,0,0,0,22.7234,89.0751,Stable Platform Zone,250.0,Indian–Burma Plate Boundary,1950.0,6.0,Stable Platform,Low,Khulna
Satkhira,611704,Khulna,2024,2,2,1,1,0,0,0,0,22.7234,89.0751,Stable Platform Zone,250.0,Indian–Burma Plate Boundary,1950.0,6.0,Stable Platform,Low,Khulna
Jamalpur,1686797,Mymensingh,2024,3,1,0,0,0,0,0,0,24.923,89.9501,Madhupur Fault Zone,100.0,Indian–Burma Plate Boundary,1897.0,7.5,Madhupur Fault,Medium,Mymensingh
Mymensingh,2217939,Mymensingh,2024,3,2,2,2,0,0,0,0,24.7434,90.3984,Madhupur Fault Zone,80.0,Indian–Burma Plate Boundary,1897.0,7.5,Madhupur Fault,Medium,Mymensingh
Mymensingh,521098,Mymensingh,2024,3,2,1,0,0,0,0,0,24.7434,90.3984,Madhupur Fault Zone,80.0,Indian–Burma Plate Boundary,1897.0,7.5,Madhupur Fault,Medium,Mymensingh
Sherpur,2597028,Mymensingh,2024,3,2,0,0,0,0,0,0,25.0188,90.0175,Madhupur Fault Zone,95.0,Indian–Burma Plate Boundary,1897.0,7.5,Madhupur Fault,Medium,Mymensingh
Bogra,516883,Rajshahi,2024,4,2,1,0,0,0,0,0,24.849,89.3677,Stable Platform Zone,140.0,Indian–Burma Plate Boundary,1950.0,6.0,Bogra Fault,Low,Rajshahi
Bogra,1151802,Rajshahi,2024,12,8,3,3,0,0,0,0,24.849,89.3677,Stable Platform Zone,140.0,Indian–Burma Plate Boundary,1950.0,6.0,Bogra Fault,Low,Rajshahi
Joypurhat,808166,Rajshahi,2024,4,4,1,0,0,0,0,0,25.1,89.02,Stable Platform Zone,160.0,Indian–Burma Plate Boundary,1950.0,6.0,Stable Platform,Low,Rajshahi
Joypurhat,788893,Rajshahi,2024,8,6,4,0,0,0,0,0,25.1,89.02,Stable Platform Zone,160.0,Indian–Burma Plate Boundary,1950.0,6.0,Stable Platform,Low,Rajshahi
Naogaon,2231363,Rajshahi,2024,6,2,2,1,1,0,0,0,24.81,88.94,Stable Platform Zone,190.0,Indian–Burma Plate Boundary,1950.0,6.0,Bogra Fault,Low,Rajshahi
Naogaon,455111,Rajshahi,2024,2,2,1,0,0,0,0,0,24.81,88.94,Stable Platform Zone,190.0,Indian–Burma Plate Boundary,1950.0,6.0,Bogra Fault,Low,Rajshahi
Natore,573408,Rajshahi,2024,1,1,0,0,0,0,0,0,24.42,89.0,Stable Platform Zone,190.0,Indian–Burma Plate Boundary,1950.0,6.0,Bogra Fault,Low,Rajshahi
Natore,766329,Rajshahi,2024,4,2,0,0,0,0,0,0,24.42,89.0,Stable Platform Zone,190.0,Indian–Burma Plate Boundary,1950.0,6.0,Bogra Fault,Low,Rajshahi
Pabna,1230022,Rajshahi,2024,2,1,1,0,0,0,0,0,24.0064,89.2493,Stable Platform Zone,160.0,Indian–Burma Plate Boundary,1950.0,6.0,Stable Platform,Low,Rajshahi
Pabna,420608,Rajshahi,2024,3,2,2,0,0,0,0,0,24.0064,89.2493,Stable Platform Zone,160.0,Indian–Burma Plate Boundary,1950.0,6.0,Stable Platform,Low,Rajshahi
Rajshahi,2072879,Rajshahi,2024,7,5,3,1,0,0,0,0,24.3745,88.6042,Stable Platform Zone,200.0,Indian–Burma Plate Boundary,1950.0,6.0,Bogra Fault,Low,Rajshahi
Rajshahi,848992,Rajshahi,2024,7,4,1,1,1,0,0,0,24.3745,88.6042,Stable Platform Zone,200.0,Indian–Burma Plate Boundary,1950.0,6.0,Bogra Fault,Low,Rajshahi
Sirajganj,1378058,Rajshahi,2024,2,1,0,0,0,0,0,0,24.45,89.71,Stable Platform Zone,150.0,Indian–Burma Plate Boundary,1950.0,6.0,Stable Platform,Low,Rajshahi
Sirajganj,708536,Rajshahi,2024,4,2,2,1,1,0,0,0,24.45,89.71,Stable Platform Zone,150.0,Indian–Burma Plate Boundary,1950.0,6.0,Stable Platform,Low,Rajshahi
Dinajpur,2776582,Rangpur,2024,4,4,2,1,1,0,0,0,25.625,88.65,Stable Platform Zone,120.0,Indian–Burma Plate Boundary,1950.0,6.5,Himalayan Frontal Zone,Medium,Rangpur
Dinajpur,359742,Rangpur,2024,6,5,3,2,0,0,0,0,25.625,88.65,Stable Platform Zone,120.0,Indian–Burma Plate Boundary,1950.0,6.5,Himalayan Frontal Zone,Medium,Rangpur
Gaibandha,407367,Rangpur,2024,4,2,1,0,0,0,0,0,25.33,89.55,Stable Platform Zone,130.0,Indian–Eurasian Plate Boundary,1950.0,6.5,Bogra Fault,Medium,Rangpur
Gaibandha,552746,Rangpur,2024,4,4,2,0,0,0,0,0,25.33,89.55,Stable Platform Zone,130.0,Indian–Eurasian Plate Boundary,1950.0,6.5,Bogra Fault,Medium,Rangpur
Kurigram,1864276,Rangpur,2024,4,4,3,1,0,0,0,0,25.81,89.65,Himalayan Frontal Zone,110.0,Indian–Eurasian Plate Boundary,1950.0,8.6,Assam Fault Belt,High,Rangpur
Kurigram,158852,Rangpur,2024,3,2,1,0,0,0,0,0,25.81,89.65,Himalayan Frontal Zone,110.0,Indian–Eurasian Plate Boundary,1950.0,8.6,Assam Fault Belt,High,Rangpur
Lalmonirhat,2820211,Rangpur,2024,4,3,2,1,0,0,0,0,25.92,89.45,Himalayan Frontal Zone,100.0,Indian–Eurasian Plate Boundary,1950.0,8.6,Assam Fault Belt,High,Rangpur
Lalmonirhat,676046,Rangpur,2024,2,1,0,0,0,0,0,0,25.92,89.45,Himalayan Frontal Zone,100.0,Indian–Eurasian Plate Boundary,1950.0,8.6,Assam Fault Belt,High,Rangpur
Nilphamari,2341937,Rangpur,2024,4,3,2,0,0,0,0,0,25.95,88.85,Himalayan Frontal Zone,110.0,Indian–Eurasian Plate Boundary,1950.0,8.6,Assam Fault Belt,High,Rangpur
Nilphamari,195329,Rangpur,2024,4,2,2,0,0,0,0,0,25.95,88.85,Himalayan Frontal Zone,110.0,Indian–Eurasian Plate Boundary,1950.0,8.6,Assam Fault Belt,High,Rangpur
Panchagarh,669162,Rangpur,2024,6,1,1,1,0,0,0,0,26.33,88.56,Himalayan Frontal Zone,90.0,Indian–Eurasian Plate Boundary,1950.0,8.6,Assam Fault Belt,High,Rangpur
Panchagarh,412674,Rangpur,2024,7,6,1,0,0,0,0,0,26.33,88.56,Himalayan Frontal Zone,90.0,Indian–Eurasian Plate Boundary,1950.0,8.6,Assam Fault Belt,High,Rangpur
Rangpur,2951772,Rangpur,2024,4,3,1,0,0,0,0,0,25.7449,89.2756,Stable Platform Zone,130.0,Indian–Burma Plate Boundary,1950.0,6.5,Himalayan Frontal Zone,Medium,Rangpur
Rangpur,341726,Rangpur,2024,6,4,1,1,0,0,0,0,25.7449,89.2756,Stable Platform Zone,130.0,Indian–Burma Plate Boundary,1950.0,6.5,Himalayan Frontal Zone,Medium,Rangpur
Thakurgaon,1363780,Rangpur,2024,1,0,0,0,0,0,0,0,26.02,88.46,Himalayan Frontal Zone,100.0,Indian–Eurasian Plate Boundary,1950.0,8.6,Assam Fault Belt,High,Rangpur
Thakurgaon,371678,Rangpur,2024,5,4,1,1,0,0,0,0,26.02,88.46,Himalayan Frontal Zone,100.0,Indian–Eurasian Plate Boundary,1950.0,8.6,Assam Fault Belt,High,Rangpur
Habiganj,2231288,Sylhet,2024,9,4,2,2,0,0,0,0,24.38,91.42,Tripura Fold Belt,80.0,Indian–Burma Plate Boundary,1918.0,7.0,Tripura Thrust Zone,Medium,Sylhet
Habiganj,355637,Sylhet,2024,7,6,3,1,1,0,0,0,24.38,91.42,Tripura Fold Belt,80.0,Indian–Burma Plate Boundary,1918.0,7.0,Tripura Thrust Zone,Medium,Sylhet
Moulvibazar,1142312,Sylhet,2024,7,3,2,1,1,0,0,0,24.48,91.77,Dauki Fault Zone,35.0,Indian–Burma Plate Boundary,1918.0,7.5,Dauki Fault,High,Sylhet
Moulvibazar,657722,Sylhet,2024,5,4,3,1,0,0,0,0,24.48,91.77,Dauki Fault Zone,35.0,Indian–Burma Plate Boundary,1918.0,7.5,Dauki Fault,High,Sylhet
Sunamganj,423986,Sylhet,2024,13,7,4,2,1,0,0,0,25.07,91.4,Dauki Fault Zone,45.0,Indian–Burma Plate Boundary,1918.0,7.5,Dauki Fault,High,Sylhet
Sunamganj,697775,Sylhet,2024,9,7,2,0,0,0,0,0,25.07,91.4,Dauki Fault Zone,45.0,Indian–Burma Plate Boundary,1918.0,7.5,Dauki Fault,High,Sylhet
Sylhet,2800551,Sylhet,2024,11,6,3,2,1,1,0,0,24.899,91.872,Dauki Fault Zone,30.0,Indian–Burma Plate Boundary,1918.0,7.5,Dauki Fault,High,Sylhet
Sylhet,403664,Sylhet,2024,14,11,3,1,1,0,0,0,24.899,91.872,Dauki Fault Zone,30.0,Indian–Burma Plate Boundary,1918.0,7.5,Dauki Fault,High,Sylhet
Barguna,591611,Barisal,2025,1,1,1,0,0,0,0,0,22.15,90.13,Foredeep Basin,210.0,Indian–Burma Plate Boundary,1950.0,5.5,Foredeep Basin,Low,Barishal
Barguna,460770,Barisal,2025,2,1,0,0,0,0,0,0,22.15,90.13,Foredeep Basin,210.0,Indian–Burma Plate Boundary,1950.0,5.5,Foredeep Basin,Low,Barishal
Barishal,2220975,Barisal,2025,4,2,0,0,0,0,0,0,22.7,90.37,Foredeep Basin,180.0,Indian–Burma Plate Boundary,1950.0,5.5,Foredeep Basin,Low,Barishal
Barishal,789555,Barisal,2025,4,2,0,0,0,0,0,0,22.7,90.37,Foredeep Basin,180.0,Indian–Burma Plate Boundary,1950.0,5.5,Foredeep Basin,Low,Barishal
Bhola,572692,Barisal,2025,3,2,0,0,0,0,0,0,22.69,90.65,Foredeep Basin,190.0,Indian–Burma Plate Boundary,1950.0,5.5,Foredeep Basin,Low,Barishal
Bhola,598235,Barisal,2025,2,1,0,0,0,0,0,0,22.69,90.65,Foredeep Basin,190.0,Indian–Burma Plate Boundary,1950.0,5.5,Foredeep Basin,Low,Barishal
Patuakhali,2186847,Barisal,2025,2,0,0,0,0,0,0,0,22.35,90.3,Foredeep Basin,200.0,Indian–Burma Plate Boundary,1950.0,5.5,Foredeep Basin,Low,Barishal
Patuakhali,883031,Barisal,2025,2,0,0,0,0,0,0,0,22.35,90.3,Foredeep Basin,200.0,Indian–Burma Plate Boundary,1950.0,5.5,Foredeep Basin,Low,Barishal
Pirojpur,2106138,Barisal,2025,0,0,0,0,0,0,0,0,22.58,89.98,Foredeep Basin,180.0,Indian–Burma Plate Boundary,1950.0,5.5,Foredeep Basin,Low,Barishal
Pirojpur,329792,Barisal,2025,3,2,2,0,0,0,0,0,22.58,89.98,Foredeep Basin,180.0,Indian–Burma Plate Boundary,1950.0,5.5,Foredeep Basin,Low,Barishal
Bandarban,1027019,Chittagong,2025,9,7,5,2,0,0,0,0,22.194,92.218,Indo‑Burma Fold Belt,25.0,Indian–Burma Plate Boundary,1762.0,8.0,Chittagong Hill Tracts Fold Belt,High,Chittagong
Bandarban,2486094,Chittagong,2025,9,4,1,1,1,0,0,0,22.194,92.218,Indo‑Burma Fold Belt,25.0,Indian–Burma Plate Boundary,1762.0,8.0,Chittagong Hill Tracts Fold Belt,High,Chittagong
Brahmanbaria,1639920,Chittagong,2025,10,6,3,1,0,0,0,0,23.96,91.11,Tripura Fold Belt,85.0,Indian–Burma Plate Boundary,1897.0,7.5,Tripura Thrust Zone,Medium,Chittagong
Brahmanbaria,5457450,Chittagong,2025,7,2,2,1,0,0,0,0,23.96,91.11,Tripura Fold Belt,85.0,Indian–Burma Plate Boundary,1897.0,7.5,Tripura Thrust Zone,Medium,Chittagong
Chandpur,1140010,Chittagong,2025,8,6,0,0,0,0,0,0,23.23,90.65,Foredeep Basin,150.0,Indian–Burma Plate Boundary,1897.0,6.5,Surma Basin,Low,Chittagong
Chandpur,3344113,Chittagong,2025,5,4,0,0,0,0,0,0,23.23,90.65,Foredeep Basin,150.0,Indian–Burma Plate Boundary,1897.0,6.5,Surma Basin,Low,Chittagong
Chittagong,2704225,Chittagong,2025,5,4,2,0,0,0,0,0,22.3419,91.8155,Indo‑Burma Subduction Zone,25.0,Indian–Burma Plate Boundary,1762.0,8.5,Arakan–Burma Subduction,High,Chittagong
Chittagong,3732899,Chittagong,2025,9,5,0,0,0,0,0,0,22.3419,91.8155,Indo‑Burma Subduction Zone,25.0,Indian–Burma Plate Boundary,1762.0,8.5,Arakan–Burma Subduction,High,Chittagong
Comilla,2041626,Chittagong,2025,6,3,2,1,0,0,0,0,23.45,91.1999,Tripura Fold Belt,80.0,Indian–Burma Plate Boundary,1897.0,7.5,Tripura Thrust Zone,Medium,Chittagong
Comilla,5532511,Chittagong,2025,4,3,1,1,1,0,0,0,23.45,91.1999,Tripura Fold Belt,80.0,Indian–Burma Plate Boundary,1897.0,7.5,Tripura Thrust Zone,Medium,Chittagong
Cox's Bazar,2594010,Chittagong,2025,5,4,2,1,0,0,0,0,21.4272,92.0058,Indo‑Burma Subduction Zone,15.0,Indian–Burma Plate Boundary,1762.0,8.5,Arakan Subduction,High,Chittagong
Cox's Bazar,4649649,Chittagong,2025,9,5,4,0,0,0,0,0,21.4272,92.0058,Indo‑Burma Subduction Zone,15.0,Indian–Burma Plate Boundary,1762.0,8.5,Arakan Subduction,High,Chittagong
Feni,2071730,Chittagong,2025,5,4,4,2,0,0,0,0,23.02,91.4,Tripura Fold Belt,90.0,Indian–Burma Plate Boundary,1897.0,7.5,Tripura Thrust Zone,Medium,Chittagong
Feni,3532941,Chittagong,2025,8,5,3,0,0,0,0,0,23.02,91.4,Tripura Fold Belt,90.0,Indian–Burma Plate Boundary,1897.0,7.5,Tripura Thrust Zone,Medium,Chittagong
Lakshmipur,2588375,Chittagong,2025,7,6,1,0,0,0,0,0,22.95,90.83,Tripura Fold Belt,100.0,Indian–Burma Plate Boundary,1897.0,7.5,Tripura Thrust Zone,Medium,Chittagong
Lakshmipur,4159006,Chittagong,2025,10,5,4,2,0,0,0,0,22.95,90.83,Tripura Fold Belt,100.0,Indian–Burma Plate Boundary,1897.0,7.5,Tripura Thrust Zone,Medium,Chittagong
Noakhali,2271694,Chittagong,2025,7,4,3,1,1,0,0,0,22.82,91.1,Tripura Fold Belt,90.0,Indian–Burma Plate Boundary,1897.0,7.5,Tripura Thrust Zone,Medium,Chittagong
Noakhali,5656951,Chittagong,2025,7,4,2,1,1,0,0,0,22.82,91.1,Tripura Fold Belt,90.0,Indian–Burma Plate Boundary,1897.0,7.5,Tripura Thrust Zone,Medium,Chittagong
Rangamati,1888267,Chittagong,2025,9,5,1,0,0,0,0,0,22.65,92.17,Indo‑Burma Fold Belt,50.0,Indian–Burma Plate Boundary,1762.0,7.0,Tripura Fold Belt,High,Chittagong
Rangamati,5492822,Chittagong,2025,8,6,3,0,0,0,0,0,22.65,92.17,Indo‑Burma Fold Belt,50.0,Indian–Burma Plate Boundary,1762.0,7.0,Tripura Fold Belt,High,Chittagong
Dhaka,685812,Dhaka,2025,0,0,0,0,0,0,0,0,23.8103,90.4125,Madhupur Fault Zone,100.0,Indian–Burma Plate Boundary,1885.0,7.2,Madhupur Fault,Medium,Dhaka
Dhaka,11561051,Dhaka,2025,1,0,0,0,0,0,0,0,23.8103,90.4125,Madhupur Fault Zone,100.0,Indian–Burma Plate Boundary,1885.0,7.2,Madhupur Fault,Medium,Dhaka
Faridpur,2947947,Dhaka,2025,6,3,2,1,1,0,0,0,23.607,89.8429,Foredeep Basin,160.0,Indian–Burma Plate Boundary,1885.0,6.0,Foredeep Basin,Low,Dhaka
Faridpur,8338799,Dhaka,2025,7,5,3,0,0,0,0,0,23.607,89.8429,Foredeep Basin,160.0,Indian–Burma Plate Boundary,1885.0,6.0,Foredeep Basin,Low,Dhaka
Gazipur,1237106,Dhaka,2025,1,0,0,0,0,0,0,0,24.0,90.4167,Madhupur Fault Zone,95.0,Indian–Burma Plate Boundary,1885.0,7.2,Madhupur Fault,Medium,Dhaka
Gazipur,9861188,Dhaka,2025,8,6,2,1,0,0,0,0,24.0,90.4167,Madhupur Fault Zone,95.0,Indian–Burma Plate Boundary,1885.0,7.2,Madhupur Fault,Medium,Dhaka
Gopalganj,424469,Dhaka,2025,5,5,1,1,0,0,0,0,23.02,89.83,Foredeep Basin,170.0,Indian–Burma Plate Boundary,1885.0,6.0,Foredeep Basin,Low,Dhaka
Gopalganj,10783182,Dhaka,2025,2,2,1,0,0,0,0,0,23.02,89.83,Foredeep Basin,170.0,Indian–Burma Plate Boundary,1885.0,6.0,Foredeep Basin,Low,Dhaka
Kishoreganj,1850494,Dhaka,2025,3,3,2,1,0,0,0,0,24.44,90.77,Madhupur Fault Zone,100.0,Indian–Burma Plate Boundary,1885.0,7.2,Madhupur Fault,Medium,Dhaka
Madaripur,1849258,Dhaka,2025,3,2,0,0,0,0,0,0,23.17,90.19,Foredeep Basin,150.0,Indian–Burma Plate Boundary,1885.0,6.0,Foredeep Basin,Low,Dhaka
Madaripur,8502450,Dhaka,2025,2,1,1,0,0,0,0,0,23.17,90.19,Foredeep Basin,150.0,Indian–Burma Plate Boundary,1885.0,6.0,Foredeep Basin,Low,Dhaka
Manikganj,2104578,Dhaka,2025,6,3,3,2,0,0,0,0,23.86,90.0,Madhupur Fault Zone,90.0,Indian–Burma Plate Boundary,1885.0,7.2,Madhupur Fault,Medium,Dhaka
Manikganj,11626162,Dhaka,2025,5,4,2,1,0,0,0,0,23.86,90.0,Madhupur Fault Zone,90.0,Indian–Burma Plate Boundary,1885.0,7.2,Madhupur Fault,Medium,Dhaka
Munshiganj,788211,Dhaka,2025,6,3,1,1,0,0,0,0,23.54,90.53,Foredeep Basin,130.0,Indian–Burma Plate Boundary,1885.0,6.0,Foredeep Basin,Low,Dhaka
Munshiganj,11890841,Dhaka,2025,5,2,1,0,0,0,0,0,23.54,90.53,Foredeep Basin,130.0,Indian–Burma Plate Boundary,1885.0,6.0,Foredeep Basin,Low,Dhaka
Narayanganj,2667282,Dhaka,2025,1,0,0,0,0,0,0,0,23.6226,90.501,Madhupur Fault Zone,110.0,Indian–Burma Plate Boundary,1885.0,7.2,Madhupur Fault,Medium,Dhaka
Narayanganj,8873109,Dhaka,2025,5,4,2,0,0,0,0,0,23.6226,90.501,Madhupur Fault Zone,110.0,Indian–Burma Plate Boundary,1885.0,7.2,Madhupur Fault,Medium,Dhaka
Narsingdi,1969964,Dhaka,2025,3,1,1,0,0,0,0,0,23.9207,90.7188,Madhupur Fault Zone,110.0,Indian–Burma Plate Boundary,1885.0,7.2,Madhupur Fault,Medium,Dhaka
Narsingdi,11388530,Dhaka,2025,3,3,1,1,0,0,0,0,23.9207,90.7188,Madhupur Fault Zone,110.0,Indian–Burma Plate Boundary,1885.0,7.2,Madhupur Fault,Medium,Dhaka
Rajbari,2426197,Dhaka,2025,4,4,0,0,0,0,0,0,23.72,89.65,Foredeep Basin,180.0,Indian–Burma Plate Boundary,1885.0,6.0,Foredeep Basin,Low,Dhaka
Rajbari,9112665,Dhaka,2025,4,1,1,1,0,0,0,0,23.72,89.65,Foredeep Basin,180.0,Indian–Burma Plate Boundary,1885.0,6.0,Foredeep Basin,Low,Dhaka
Shariatpur,973150,Dhaka,2025,3,1,1,0,0,0,0,0,23.22,90.35,Foredeep Basin,150.0,Indian–Burma Plate Boundary,1885.0,6.0,Foredeep Basin,Low,Dhaka
Shariatpur,5571862,Dhaka,2025,3,2,1,1,0,0,0,0,23.22,90.35,Foredeep Basin,150.0,Indian–Burma Plate Boundary,1885.0,6.0,Foredeep Basin,Low,Dhaka
Tangail,1361840,Dhaka,2025,6,6,2,2,0,0,0,0,24.25,89.9167,Madhupur Fault Zone,90.0,Indian–Burma Plate Boundary,1885.0,7.2,Madhupur Fault,Medium,Dhaka
Tangail,11198670,Dhaka,2025,5,3,2,2,0,0,0,0,24.25,89.9167,Madhupur Fault Zone,90.0,Indian–Burma Plate Boundary,1885.0,7.2,Madhupur Fault,Medium,Dhaka
Bagerhat,2984839,Khulna,2025,3,2,0,0,0,0,0,0,22.65,89.7667,Stable Platform Zone,230.0,Indian–Burma Plate Boundary,1950.0,6.0,Bogra Fault,Low,Khulna
Bagerhat,1253108,Khulna,2025,3,3,2,0,0,0,0,0,22.65,89.7667,Stable Platform Zone,230.0,Indian–Burma Plate Boundary,1950.0,6.0,Bogra Fault,Low,Khulna
Chuadanga,2560308,Khulna,2025,2,1,0,0,0,0,0,0,23.63,88.83,Stable Platform Zone,180.0,Indian–Burma Plate Boundary,1950.0,6.0,Stable Platform,Low,Khulna
Chuadanga,1485177,Khulna,2025,2,1,1,0,0,0,0,0,23.63,88.83,Stable Platform Zone,180.0,Indian–Burma Plate Boundary,1950.0,6.0,Stable Platform,Low,Khulna
Jessore,709504,Khulna,2025,4,1,0,0,0,0,0,0,23.1707,89.2124,Stable Platform Zone,210.0,Indian–Burma Plate Boundary,1950.0,6.0,Stable Platform,Low,Khulna
Jessore,1091360,Khulna,2025,3,2,2,1,0,0,0,0,23.1707,89.2124,Stable Platform Zone,210.0,Indian–Burma Plate Boundary,1950.0,6.0,Stable Platform,Low,Khulna
Jhenaidah,1927178,Khulna,2025,2,1,0,0,0,0,0,0,23.55,89.15,Stable Platform Zone,200.0,Indian–Burma Plate Boundary,1950.0,6.0,Stable Platform,Low,Khulna
Jhenaidah,847717,Khulna,2025,5,3,0,0,0,0,0,0,23.55,89.15,Stable Platform Zone,200.0,Indian–Burma Plate Boundary,1950.0,6.0,Stable Platform,Low,Khulna
Khulna,2230216,Khulna,2025,4,3,1,1,0,0,0,0,22.8167,89.55,Stable Platform Zone,220.0,Indian–Burma Plate Boundary,1950.0,6.0,Bogra Fault,Low,Khulna
Khulna,899743,Khulna,2025,4,4,1,0,0,0,0,0,22.8167,89.55,Stable Platform Zone,220.0,Indian–Burma Plate Boundary,1950.0,6.0,Bogra Fault,Low,Khulna
Kushtia,1318227,Khulna,2025,4,4,3,2,1,0,0,0,23.9,89.12,Stable Platform Zone,170.0,Indian–Burma Plate Boundary,1950.0,6.0,Stable Platform,Low,Khulna
Kushtia,860074,Khulna,2025,3,1,1,0,0,0,0,0,23.9,89.12,Stable Platform Zone,170.0,Indian–Burma Plate Boundary,1950.0,6.0,Stable Platform,Low,Khulna
Magura,1317333,Khulna,2025,2,0,0,0,0,0,0,0,23.49,89.42,Stable Platform Zone,200.0,Indian–Burma Plate Boundary,1950.0,6.0,Stable Platform,Low,Khulna
Magura,1288195,Khulna,2025,0,0,0,0,0,0,0,0,23.49,89.42,Stable Platform Zone,200.0,Indian–Burma Plate Boundary,1950.0,6.0,Stable Platform,Low,Khulna
Meherpur,745201,Khulna,2025,2,1,1,0,0,0,0,0,23.77,88.63,Stable Platform Zone,200.0,Indian–Burma Plate Boundary,1950.0,6.0,Stable Platform,Low,Khulna
Meherpur,775408,Khulna,2025,0,0,0,0,0,0,0,0,23.77,88.63,Stable Platform Zone,200.0,Indian–Burma Plate Boundary,1950.0,6.0,Stable Platform,Low,Khulna
Narail,888284,Khulna,2025,3,3,2,1,0,0,0,0,23.18,89.5,Stable Platform Zone,190.0,Indian–Burma Plate Boundary,1950.0,6.0,Stable Platform,Low,Khulna
Narail,950060,Khulna,2025,3,1,1,0,0,0,0,0,23.18,89.5,Stable Platform Zone,190.0,Indian–Burma Plate Boundary,1950.0,6.0,Stable Platform,Low,Khulna
Satkhira,1209565,Khulna,2025,4,2,1,1,0,0,0,0,22.7234,89.0751,Stable Platform Zone,250.0,Indian–Burma Plate Boundary,1950.0,6.0,Stable Platform,Low,Khulna
Satkhira,714238,Khulna,2025,4,2,1,0,0,0,0,0,22.7234,89.0751,Stable Platform Zone,250.0,Indian–Burma Plate Boundary,1950.0,6.0,Stable Platform,Low,Khulna
Jamalpur,2655044,Mymensingh,2025,2,1,0,0,0,0,0,0,24.923,89.9501,Madhupur Fault Zone,100.0,Indian–Burma Plate Boundary,1897.0,7.5,Madhupur Fault,Medium,Mymensingh
Mymensingh,2829711,Mymensingh,2025,0,0,0,0,0,0,0,0,24.7434,90.3984,Madhupur Fault Zone,80.0,Indian–Burma Plate Boundary,1897.0,7.5,Madhupur Fault,Medium,Mymensingh
Mymensingh,758557,Mymensingh,2025,1,0,0,0,0,0,0,0,24.7434,90.3984,Madhupur Fault Zone,80.0,Indian–Burma Plate Boundary,1897.0,7.5,Madhupur Fault,Medium,Mymensingh
Sherpur,2691351,Mymensingh,2025,0,0,0,0,0,0,0,0,25.0188,90.0175,Madhupur Fault Zone,95.0,Indian–Burma Plate Boundary,1897.0,7.5,Madhupur Fault,Medium,Mymensingh
Bogra,1868457,Rajshahi,2025,4,3,2,0,0,0,0,0,24.849,89.3677,Stable Platform Zone,140.0,Indian–Burma Plate Boundary,1950.0,6.0,Bogra Fault,Low,Rajshahi
Bogra,741754,Rajshahi,2025,0,0,0,0,0,0,0,0,24.849,89.3677,Stable Platform Zone,140.0,Indian–Burma Plate Boundary,1950.0,6.0,Bogra Fault,Low,Rajshahi
Joypurhat,2697924,Rajshahi,2025,7,3,1,0,0,0,0,0,25.1,89.02,Stable Platform Zone,160.0,Indian–Burma Plate Boundary,1950.0,6.0,Stable Platform,Low,Rajshahi
Joypurhat,893752,Rajshahi,2025,6,4,2,1,0,0,0,0,25.1,89.02,Stable Platform Zone,160.0,Indian–Burma Plate Boundary,1950.0,6.0,Stable Platform,Low,Rajshahi
Naogaon,1284484,Rajshahi,2025,6,5,2,1,0,0,0,0,24.81,88.94,Stable Platform Zone,190.0,Indian–Burma Plate Boundary,1950.0,6.0,Bogra Fault,Low,Rajshahi
Naogaon,792757,Rajshahi,2025,5,4,0,0,0,0,0,0,24.81,88.94,Stable Platform Zone,190.0,Indian–Burma Plate Boundary,1950.0,6.0,Bogra Fault,Low,Rajshahi
Natore,642512,Rajshahi,2025,6,2,2,2,0,0,0,0,24.42,89.0,Stable Platform Zone,190.0,Indian–Burma Plate Boundary,1950.0,6.0,Bogra Fault,Low,Rajshahi
Natore,990733,Rajshahi,2025,3,3,0,0,0,0,0,0,24.42,89.0,Stable Platform Zone,190.0,Indian–Burma Plate Boundary,1950.0,6.0,Bogra Fault,Low,Rajshahi
Pabna,2658876,Rajshahi,2025,3,2,0,0,0,0,0,0,24.0064,89.2493,Stable Platform Zone,160.0,Indian–Burma Plate Boundary,1950.0,6.0,Stable Platform,Low,Rajshahi
Pabna,927477,Rajshahi,2025,2,2,1,0,0,0,0,0,24.0064,89.2493,Stable Platform Zone,160.0,Indian–Burma Plate Boundary,1950.0,6.0,Stable Platform,Low,Rajshahi
Rajshahi,829756,Rajshahi,2025,4,2,2,2,0,0,0,0,24.3745,88.6042,Stable Platform Zone,200.0,Indian–Burma Plate Boundary,1950.0,6.0,Bogra Fault,Low,Rajshahi
Rajshahi,856822,Rajshahi,2025,2,1,0,0,0,0,0,0,24.3745,88.6042,Stable Platform Zone,200.0,Indian–Burma Plate Boundary,1950.0,6.0,Bogra Fault,Low,Rajshahi
Sirajganj,1121535,Rajshahi,2025,4,2,1,1,1,0,0,0,24.45,89.71,Stable Platform Zone,150.0,Indian–Burma Plate Boundary,1950.0,6.0,Stable Platform,Low,Rajshahi
Sirajganj,487382,Rajshahi,2025,2,2,0,0,0,0,0,0,24.45,89.71,Stable Platform Zone,150.0,Indian–Burma Plate Boundary,1950.0,6.0,Stable Platform,Low,Rajshahi
Dinajpur,2680922,Rangpur,2025,7,5,1,0,0,0,0,0,25.625,88.65,Stable Platform Zone,120.0,Indian–Burma Plate Boundary,1950.0,6.5,Himalayan Frontal Zone,Medium,Rangpur
Dinajpur,768238,Rangpur,2025,6,4,2,2,1,0,0,0,25.625,88.65,Stable Platform Zone,120.0,Indian–Burma Plate Boundary,1950.0,6.5,Himalayan Frontal Zone,Medium,Rangpur
Gaibandha,2765456,Rangpur,2025,4,2,1,1,0,0,0,0,25.33,89.55,Stable Platform Zone,130.0,Indian–Eurasian Plate Boundary,1950.0,6.5,Bogra Fault,Medium,Rangpur
Gaibandha,588078,Rangpur,2025,2,1,0,0,0,0,0,0,25.33,89.55,Stable Platform Zone,130.0,Indian–Eurasian Plate Boundary,1950.0,6.5,Bogra Fault,Medium,Rangpur
Kurigram,787266,Rangpur,2025,3,2,1,1,0,0,0,0,25.81,89.65,Himalayan Frontal Zone,110.0,Indian–Eurasian Plate Boundary,1950.0,8.6,Assam Fault Belt,High,Rangpur
Kurigram,479888,Rangpur,2025,5,2,0,0,0,0,0,0,25.81,89.65,Himalayan Frontal Zone,110.0,Indian–Eurasian Plate Boundary,1950.0,8.6,Assam Fault Belt,High,Rangpur
Lalmonirhat,1766637,Rangpur,2025,2,1,0,0,0,0,0,0,25.92,89.45,Himalayan Frontal Zone,100.0,Indian–Eurasian Plate Boundary,1950.0,8.6,Assam Fault Belt,High,Rangpur
Lalmonirhat,631327,Rangpur,2025,1,1,1,0,0,0,0,0,25.92,89.45,Himalayan Frontal Zone,100.0,Indian–Eurasian Plate Boundary,1950.0,8.6,Assam Fault Belt,High,Rangpur
Nilphamari,1541223,Rangpur,2025,6,2,2,1,0,0,0,0,25.95,88.85,Himalayan Frontal Zone,110.0,Indian–Eurasian Plate Boundary,1950.0,8.6,Assam Fault Belt,High,Rangpur
Nilphamari,937959,Rangpur,2025,7,5,2,1,0,0,0,0,25.95,88.85,Himalayan Frontal Zone,110.0,Indian–Eurasian Plate Boundary,1950.0,8.6,Assam Fault Belt,High,Rangpur
Panchagarh,1243088,Rangpur,2025,1,0,0,0,0,0,0,0,26.33,88.56,Himalayan Frontal Zone,90.0,Indian–Eurasian Plate Boundary,1950.0,8.6,Assam Fault Belt,High,Rangpur
Panchagarh,621985,Rangpur,2025,6,4,4,2,0,0,0,0,26.33,88.56,Himalayan Frontal Zone,90.0,Indian–Eurasian Plate Boundary,1950.0,8.6,Assam Fault Belt,High,Rangpur
Rangpur,2455757,Rangpur,2025,3,0,0,0,0,0,0,0,25.7449,89.2756,Stable Platform Zone,130.0,Indian–Burma Plate Boundary,1950.0,6.5,Himalayan Frontal Zone,Medium,Rangpur
Rangpur,899589,Rangpur,2025,4,4,1,1,1,0,0,0,25.7449,89.2756,Stable Platform Zone,130.0,Indian–Burma Plate Boundary,1950.0,6.5,Himalayan Frontal Zone,Medium,Rangpur
Thakurgaon,2381038,Rangpur,2025,2,1,0,0,0,0,0,0,26.02,88.46,Himalayan Frontal Zone,100.0,Indian–Eurasian Plate Boundary,1950.0,8.6,Assam Fault Belt,High,Rangpur
Thakurgaon,655477,Rangpur,2025,5,2,2,0,0,0,0,0,26.02,88.46,Himalayan Frontal Zone,100.0,Indian–Eurasian Plate Boundary,1950.0,8.6,Assam Fault Belt,High,Rangpur
Habiganj,1217705,Sylhet,2025,10,9,2,2,0,0,0,0,24.38,91.42,Tripura Fold Belt,80.0,Indian–Burma Plate Boundary,1918.0,7.0,Tripura Thrust Zone,Medium,Sylhet
Habiganj,860096,Sylhet,2025,13,7,4,2,2,0,0,0,24.38,91.42,Tripura Fold Belt,80.0,Indian–Burma Plate Boundary,1918.0,7.0,Tripura Thrust Zone,Medium,Sylhet
Moulvibazar,958186,Sylhet,2025,12,5,2,1,0,0,0,0,24.48,91.77,Dauki Fault Zone,35.0,Indian–Burma Plate Boundary,1918.0,7.5,Dauki Fault,High,Sylhet
Moulvibazar,887664,Sylhet,2025,5,0,0,0,0,0,0,0,24.48,91.77,Dauki Fault Zone,35.0,Indian–Burma Plate Boundary,1918.0,7.5,Dauki Fault,High,Sylhet
Sunamganj,2792921,Sylhet,2025,9,5,2,1,0,0,0,0,25.07,91.4,Dauki Fault Zone,45.0,Indian–Burma Plate Boundary,1918.0,7.5,Dauki Fault,High,Sylhet
Sunamganj,860425,Sylhet,2025,9,3,3,1,0,0,0,0,25.07,91.4,Dauki Fault Zone,45.0,Indian–Burma Plate Boundary,1918.0,7.5,Dauki Fault,High,Sylhet
Sylhet,1036846,Sylhet,2025,7,4,2,1,1,0,0,0,24.899,91.872,Dauki Fault Zone,30.0,Indian–Burma Plate Boundary,1918.0,7.5,Dauki Fault,High,Sylhet
Sylhet,423476,Sylhet,2025,16,9,3,2,1,0,0,0,24.899,91.872,Dauki Fault Zone,30.0,Indian–Burma Plate Boundary,1918.0,7.5,Dauki Fault,High,Sylhet
