year,location,division,annual_precip_mm,max_24h_precip_mm,max_1h_intensity_mm_per_hr,precip_rank_all_year,precip_rank_in_type_year,rain_extreme,danger_score
1990,Barguna,Barishal,3111.319622160569,196.3208651408219,87.68314760513923,15,8,TRUE,91.5
1990,Barishal,Barishal,2683.634247166255,147.85437752041852,87.00760944727907,35,19,FALSE,83.1
1990,Bhola,Barishal,2236.568300552067,110.86852595856224,90.83895392243608,66,33,FALSE,72.2
1990,Jhalokati,Barishal,2639.487025601652,132.93822801940595,84.17040557229184,37,20,FALSE,81.9
1990,Patuakhali,Barishal,3374.405643344061,176.0042140873564,89.56751455586165,10,4,TRUE,87.5
1990,Pirojpur,Barishal,3049.3663316251664,155.05267855040722,85.91232563546865,18,9,FALSE,92.3
1990,Bandarban,Chattogram,3027.1198121800862,235.35235594720464,96.78807534209062,21,11,TRUE,83.5
1990,Brahmanbaria,Chattogram,3304.6962731813032,119.06760461746195,90.1794441165184,12,5,FALSE,87.5
1990,Chandpur,Chattogram,2891.557830284957,172.84535373207075,102.73727870106949,26,15,FALSE,79.4
1990,Chattogram,Chattogram,2885.39277480042,182.476840430568,99.26566556324664,27,16,FALSE,87.5
1990,Cox's Bazar,Chattogram,2894.3468864599963,192.70706986939464,93.41784370216996,25,14,FALSE,73.4
1990,Cumilla,Chattogram,3029.3520948874484,133.173515930772,96.09439632714007,20,10,FALSE,68.1
1990,Feni,Chattogram,3005.08141589241,167.3816905797018,92.06495167438064,22,12,FALSE,79.8
1990,Khagrachari,Chattogram,3674.993564816299,186.86230949722577,93.59931044791684,3,2,TRUE,60.5
1990,Lakshmipur,Chattogram,2523.891313067187,147.3828948347786,84.27324482756269,44,23,FALSE,76.6
1990,Noakhali,Chattogram,2973.680834759467,137.77015132644675,91.3789451592452,23,13,FALSE,84.3
1990,Rangamati,Chattogram,2684.7715699896626,150.1560211549649,88.67634447667294,34,18,FALSE,82.3
1990,Dhaka,Dhaka,2325.693472407091,117.3662083631672,85.66909117261069,55,27,FALSE,60.1
1990,Faridpur,Dhaka,2200.147245997684,121.73983534320836,83.32041597430458,73,37,FALSE,37.5
1990,Gazipur,Dhaka,2704.6850178278683,101.73924665172004,85.77879077488126,32,17,TRUE,85.1
1990,Gopalganj,Dhaka,2370.015971187121,144.7058876960461,71.13263720695856,50,26,FALSE,57.7
1990,Madaripur,Dhaka,1780.3919016920754,135.35703011070473,77.723158559993,116,57,FALSE,37.5
1990,Manikganj,Dhaka,2372.69510430232,90.94163682090758,69.25099772580938,49,25,FALSE,51.2
1990,Munshiganj,Dhaka,2289.246665937295,116.48720373174147,83.36299371590829,61,32,FALSE,68.5
1990,Narayanganj,Dhaka,2559.316070257696,127.4942212319333,70.60086474385112,41,21,FALSE,73.8
1990,Narsingdi,Dhaka,2218.6204516505745,135.33121749353992,72.70503971140526,71,36,FALSE,58.5
1990,Rajbari,Dhaka,2541.839417091748,128.7374092168025,81.61633515425578,43,22,FALSE,62.1
1990,Shariatpur,Dhaka,1777.0677324746405,121.81149238305912,91.75607478841933,117,58,FALSE,33.5
1990,Tangail,Dhaka,1877.532079730356,84.77291487092236,72.37141946174063,104,51,FALSE,52.8
1990,Bagerhat,Khulna,1907.9360673173928,50.748725468861046,82.54235629260681,98,48,FALSE,39.1
1990,Chuadanga,Khulna,1840.4160407246488,98.67014874804852,85.75138656344568,107,54,FALSE,52
1990,Jashore,Khulna,2488.4129284899327,165.9123939369773,86.95527780711106,45,24,TRUE,73
1990,Jhenaidah,Khulna,1799.0720186649885,87.23864233569488,72.59375697258919,111,55,FALSE,55.6
1990,Khulna,Khulna,2297.0495189338835,117.79381898281176,81.81222891014566,59,30,FALSE,49.6
1990,Kushtia,Khulna,1785.8663845278245,60.82349472544612,77.08244265387361,115,56,FALSE,50
1990,Magura,Khulna,2065.4344424597225,125.28927526198102,87.97278111463756,84,41,FALSE,36.7
1990,Meherpur,Khulna,1916.8238754324125,121.71310885073184,89.79674619618973,96,46,FALSE,36.3
1990,Narail,Khulna,1905.9028002562443,110.50189563488424,86.33079423408336,99,49,FALSE,60.1
1990,Satkhira,Khulna,2131.9461914878125,128.52787870598394,73.21712550652161,82,40,FALSE,66.1
1990,Mymensingh,Mymensingh,2139.1286957717625,153.62540442799192,99.24413165056797,81,39,FALSE,62.9
1990,Bogura,Rajshahi,1913.204968249278,86.84884328721527,84.6503440915687,97,47,FALSE,44
1990,Chapai Nawabganj,Rajshahi,1767.6538202465754,98.95727353917786,78.05321191192219,118,59,FALSE,45.2
1990,Joypurhat,Rajshahi,1842.933002162696,100.3856557792955,86.69225651061384,106,53,FALSE,48
1990,Naogaon,Rajshahi,2155.19977012392,73.80930754208302,87.39971931158789,78,38,FALSE,50
1990,Natore,Rajshahi,1881.4879092752071,79.16431831567648,75.99981304902752,103,50,FALSE,38.3
1990,Pabna,Rajshahi,2225.45130139637,82.38971151774471,88.7000346241817,69,35,TRUE,53.2
1990,Rajshahi,Rajshahi,1849.482995094464,74.45690576354241,69.51607807558675,105,52,FALSE,27.8
1990,Sirajganj,Rajshahi,1484.0203295170202,100.41937809442452,78.73144160352174,121,60,FALSE,29.4
1990,Dinajpur,Rangpur,2037.939324130485,107.51248316385144,76.26458465216382,87,42,FALSE,29
1990,Gaibandha,Rangpur,1963.1713276881544,89.84772297597864,84.76564486415053,93,44,FALSE,20.6
1990,Kurigram,Rangpur,1945.845809235113,96.6712116891378,94.33027832592025,94,45,TRUE,25.8
1990,Lalmonirhat,Rangpur,2309.205013032168,159.23360817616532,74.23544833199408,56,28,TRUE,36.7
1990,Nilphamari,Rangpur,2292.0626565678454,102.3889664410519,76.85320257434617,60,31,FALSE,60.5
1990,Panchagarh,Rangpur,2013.3327341716488,84.10027574161172,60.50560520346696,88,43,FALSE,33.9
1990,Rangpur,Rangpur,2225.515217897112,128.04625595972274,94.78663944288672,68,34,TRUE,26.6
1990,Thakurgaon,Rangpur,2307.4078174652527,118.38369685174548,80.20580607162837,57,29,FALSE,37.9
1990,Habiganj,Sylhet,3412.745311204584,97.38503748905175,93.07638180339578,6,3,FALSE,58.9
1990,Moulvibazar,Sylhet,3269.999372695868,156.85327547276987,100.95507826704043,13,6,FALSE,62.1
1990,Sunamganj,Sylhet,3241.49337099191,204.67557939593505,98.58305607915652,14,7,FALSE,83.9
1990,Sylhet,Sylhet,3678.379602821737,271.49080688481064,105.9494416627738,2,1,TRUE,87.1
1990,Barguna,Barishal,2814.247925503576,178.49991840353755,86.59098353647953,29,13,FALSE,62.1
1990,Barishal,Barishal,3042.075165801361,116.20022180505188,87.51222746975421,19,10,FALSE,78.6
1990,Bhola,Barishal,2544.408600754627,170.9426313382183,83.86485891234952,42,21,FALSE,68.1
1990,Jhalokati,Barishal,2603.7648414444,94.72383565667968,80.89690659700254,40,20,FALSE,70.6
1990,Patuakhali,Barishal,2770.1595303027743,170.78008247564165,88.75191000412902,30,14,FALSE,71.8
1990,Pirojpur,Barishal,2362.763442341768,120.5609837703477,74.876325522153,51,25,FALSE,73.4
1990,Bandarban,Chattogram,2951.897452713001,137.95113544049192,83.74453383197654,24,11,FALSE,54.8
1990,Brahmanbaria,Chattogram,3058.8270452232014,235.3165943119608,92.09880014740745,16,8,TRUE,60.1
1990,Chandpur,Chattogram,3318.902563385423,150.46260106999193,93.84287877120494,11,7,FALSE,69.8
1990,Chattogram,Chattogram,2691.5971436126047,108.81721049525332,92.06272728929932,33,16,FALSE,62.5
1990,Cox's Bazar,Chattogram,3056.067654050724,244.03491747073627,92.20488999284582,17,9,TRUE,66.1
1990,Cumilla,Chattogram,2623.8097262000474,107.7055567320654,93.58336930952032,39,19,FALSE,52.4
1990,Feni,Chattogram,3384.170130711639,173.9585233264853,78.19758177847709,8,5,FALSE,62.5
1990,Khagrachari,Chattogram,3377.8050919846864,147.70082907918663,90.27133625399988,9,6,FALSE,75.4
1990,Lakshmipur,Chattogram,2663.9549633273136,153.3770777941053,98.22321686398028,36,17,FALSE,73.8
1990,Noakhali,Chattogram,2630.9336309741616,87.15377165023101,79.23664501279266,38,18,FALSE,46.8
1990,Rangamati,Chattogram,2840.981751962247,136.86233635124495,84.06025324468791,28,12,FALSE,65.3
1990,Dhaka,Dhaka,2329.1456797829205,113.23690699173534,83.88613122860416,53,27,FALSE,67.7
1990,Faridpur,Dhaka,2487.436742569076,153.89846509439266,83.8323813321751,46,22,FALSE,40.3
1990,Gazipur,Dhaka,2259.139582997074,142.4871585181262,70.35510059263264,65,33,FALSE,43.5
1990,Gopalganj,Dhaka,2345.164997255648,119.04070169821344,83.23253595467821,52,26,FALSE,39.5
1990,Kishoreganj,Dhaka,2229.5145097653244,126.23802495031995,89.51610089687212,67,34,FALSE,31.5
1990,Madaripur,Dhaka,1927.803144502696,106.73576586341608,87.11422492797799,95,50,FALSE,37.1
1990,Manikganj,Dhaka,2735.7944604693166,184.81224055338245,78.50621510912556,31,15,TRUE,70.2
1990,Munshiganj,Dhaka,2275.3414627930674,160.9895280303715,85.22674822059015,63,31,TRUE,39.9
1990,Narayanganj,Dhaka,2064.0920146650496,124.85711639685138,75.77393785674344,85,44,FALSE,22.6
1990,Narsingdi,Dhaka,2187.139435490368,124.11621500607,73.26366787062621,75,38,FALSE,42.3
1990,Rajbari,Dhaka,2192.846124686834,148.50505669161475,89.96755528728721,74,37,FALSE,33.1
1990,Shariatpur,Dhaka,2304.9698234875186,114.6907897484555,74.57778883561923,58,29,FALSE,48.4
1990,Tangail,Dhaka,2404.3080412492163,130.44471243255958,74.19814314122472,47,23,FALSE,49.6
1990,Bagerhat,Khulna,1991.127266977996,133.92773078886327,72.67602324686537,90,47,FALSE,49.6
1990,Chuadanga,Khulna,2054.831414694523,100.61303552945064,76.71674899467217,86,45,FALSE,52.8
1990,Jashore,Khulna,2005.949576307152,79.88163996962305,71.83557869084393,89,46,FALSE,33.1
1990,Jhenaidah,Khulna,2219.78299587306,73.42440962871477,76.97768540767082,70,35,FALSE,35.1
1990,Khulna,Khulna,1813.314494456152,95.84823714788855,72.92907624944304,109,55,FALSE,37.9
1990,Kushtia,Khulna,2091.2184061576963,118.35564248400225,84.54110082612269,83,43,FALSE,31.5
1990,Magura,Khulna,2152.478233621752,98.01695973847984,76.79616420704741,80,42,FALSE,44.8
1990,Meherpur,Khulna,2181.2057860646305,87.41012038925746,78.12250300327752,76,39,FALSE,29
1990,Narail,Khulna,2153.587419181289,81.8709489236379,84.50518946426126,79,41,FALSE,42.7
1990,Satkhira,Khulna,1795.2003366254698,101.76703710632545,82.03166764688699,112,57,FALSE,32.3
1990,Jamalpur,Mymensingh,2285.1786198336026,120.78435165839096,85.12673457027603,62,30,FALSE,42.7
1990,Mymensingh,Mymensingh,2264.560618885078,114.9683884206098,80.65086410915153,64,32,FALSE,30.6
1990,Netrokona,Mymensingh,2328.591502341113,130.03816611891637,93.85864350709292,54,28,FALSE,31.9
1990,Sherpur,Mymensingh,2401.6305720463297,98.4175826972474,76.78202151235183,48,24,FALSE,52.8
1990,Bogura,Rajshahi,1975.0201429736128,120.20724502437592,76.00021910756527,92,49,FALSE,15.7
1990,Chapai Nawabganj,Rajshahi,1432.072538211046,69.76680082998968,65.69995533817034,122,62,FALSE,31
1990,Joypurhat,Rajshahi,1668.3167898876295,114.219572645539,85.60015848628615,119,60,FALSE,23.4
1990,Naogaon,Rajshahi,1801.2480672352913,64.10674952066896,79.75289783880604,110,56,FALSE,41.1
1990,Natore,Rajshahi,1881.5538447086485,110.4758928294434,66.49280518019793,102,53,FALSE,14.1
1990,Pabna,Rajshahi,1904.879208104616,102.8487752454238,88.95310399160412,100,51,FALSE,25.8
1990,Rajshahi,Rajshahi,1321.1929077578834,84.45667453042174,78.03376044824242,123,63,FALSE,6.5
1990,Sirajganj,Rajshahi,1786.6606630890576,93.7110425791351,72.38028861904901,113,58,FALSE,9.3
1990,Dinajpur,Rangpur,1259.166238123286,67.93955887190839,76.20563088520133,124,64,FALSE,0.8
1990,Gaibandha,Rangpur,2205.128495096972,85.70684313334431,72.05778857789606,72,36,FALSE,28.2
1990,Kurigram,Rangpur,1647.4826866875412,63.78079839153303,81.83466398750807,120,61,FALSE,7.3
1990,Lalmonirhat,Rangpur,1901.486800706516,94.87534698771124,69.19497312833326,101,52,FALSE,16.9
1990,Nilphamari,Rangpur,1821.758550465284,116.01130126086234,87.80150177504952,108,54,FALSE,9.7
1990,Panchagarh,Rangpur,1786.346909034032,80.31185847237086,75.56285386695367,114,59,FALSE,16.5
1990,Rangpur,Rangpur,2180.5925689313867,70.26564948181678,80.28847389933367,77,40,FALSE,21.4
1990,Thakurgaon,Rangpur,1985.5344106130328,90.38395577308434,79.94885821601538,91,48,FALSE,15.3
1990,Habiganj,Sylhet,3385.28002829595,132.35739395261297,89.08676239567443,7,4,FALSE,48.8
1990,Moulvibazar,Sylhet,3562.4650837982986,188.072073416657,89.2945356218766,5,3,FALSE,52.4
1990,Sunamganj,Sylhet,3629.413653246989,188.4354452883973,106.69005586873888,4,2,FALSE,58.5
1990,Sylhet,Sylhet,3949.426160177992,206.32729366978472,92.9214409639586,1,1,FALSE,50.8
1991,Barguna,Barishal,3090.897734026214,189.5025249293136,80.02544186687696,13,6,FALSE,92.7
1991,Barishal,Barishal,2513.560929101926,165.93773890182504,88.79727726146318,49,26,FALSE,73
1991,Bhola,Barishal,2733.563463076828,161.23812450888792,89.3525150950779,37,17,FALSE,79.8
1991,Jhalokati,Barishal,3038.814286082474,168.5240783565262,82.3130255571501,16,7,FALSE,87.5
1991,Patuakhali,Barishal,2856.474283384351,112.15083655110912,103.60740182915949,26,11,FALSE,89.9
1991,Pirojpur,Barishal,2493.8514839313384,146.94830702514682,89.1558549816209,52,28,FALSE,54.4
1991,Bandarban,Chattogram,2697.787879976749,97.46628937904336,88.35802515142498,39,18,FALSE,66.9
1991,Brahmanbaria,Chattogram,3458.830684465212,178.09013377543508,97.72775536270346,2,2,FALSE,84.7
1991,Chandpur,Chattogram,3375.95692329361,258.03531675756034,95.23318579273752,3,3,TRUE,97.2
1991,Chattogram,Chattogram,2667.1529969452413,128.6231672107124,99.73578102049072,41,20,FALSE,79
1991,Cox's Bazar,Chattogram,3731.5820480301854,119.1316703128082,90.00059828551798,1,1,TRUE,84.3
1991,Cumilla,Chattogram,2682.513069177817,158.54664634735434,88.20058899928114,40,19,FALSE,80.2
1991,Feni,Chattogram,2800.8218576519744,144.92199113083151,79.31444471152508,30,14,FALSE,69.4
1991,Khagrachari,Chattogram,2849.6884490818315,174.89155078990592,104.96814868958808,28,13,FALSE,71.8
1991,Lakshmipur,Chattogram,2849.7280447914645,186.387367041522,92.24891471001315,27,12,FALSE,88.7
1991,Noakhali,Chattogram,3037.6283293607426,142.6965682676844,93.02691039762064,17,8,FALSE,93.1
1991,Rangamati,Chattogram,2752.684486570341,78.84469052224047,96.7954286153825,34,16,FALSE,80.6
1991,Dhaka,Dhaka,2382.1099740548407,83.38428158668941,81.90727194547446,58,32,FALSE,62.9
1991,Faridpur,Dhaka,2340.192433806543,171.17213565015672,86.92868176094257,64,34,FALSE,54.4
1991,Gazipur,Dhaka,2363.55260427902,127.47209008980542,77.97365629474768,61,33,FALSE,44
1991,Gopalganj,Dhaka,2459.2693049078584,135.3069109382103,76.49145218701895,53,29,FALSE,37.1
1991,Madaripur,Dhaka,2270.4904465734103,110.85615166419323,82.38360239046976,68,36,FALSE,62.5
1991,Manikganj,Dhaka,2133.7531560303955,171.51792991900268,87.79997027233279,88,44,TRUE,28.6
1991,Munshiganj,Dhaka,2656.255751662892,145.47364566666286,88.52680711459843,42,21,TRUE,70.6
1991,Narayanganj,Dhaka,2547.981402862467,158.41294654481385,79.96130535732779,46,23,TRUE,65.3
1991,Narsingdi,Dhaka,2180.8784208622656,130.80823081342925,83.04873956181878,80,39,FALSE,40.3
1991,Rajbari,Dhaka,2434.336992328391,136.36423446943897,86.16214382698668,56,30,FALSE,69.8
1991,Shariatpur,Dhaka,2283.7293651741456,118.37851642595216,97.09056937890507,67,35,FALSE,48
1991,Tangail,Dhaka,2546.992317144701,123.28001182045,82.33212912871406,47,24,FALSE,71.8
1991,Bagerhat,Khulna,1902.47251175066,91.50610462354722,81.29318655474374,100,48,FALSE,48.8
1991,Chuadanga,Khulna,2085.231646902817,102.91091881557048,85.0971386930568,91,46,FALSE,54.8
1991,Jashore,Khulna,2105.670727837851,127.18629689610806,79.61622103822381,89,45,FALSE,30.6
1991,Jhenaidah,Khulna,1683.2028209766888,87.70825036150298,89.5935577831451,113,54,FALSE,52
1991,Khulna,Khulna,2024.477869024912,88.27104447580084,84.65453759655242,97,47,FALSE,37.5
1991,Kushtia,Khulna,2498.2462522473884,155.0967327834304,89.0353573662419,51,27,TRUE,66.5
1991,Magura,Khulna,2540.9417894819694,88.56100741553885,74.782524171948,48,25,FALSE,64.9
1991,Meherpur,Khulna,2177.4425871415574,157.16507251898796,84.86160460206219,82,41,TRUE,66.1
1991,Narail,Khulna,2383.6719728951125,130.32520000383366,78.1303620716601,57,31,FALSE,69
1991,Satkhira,Khulna,2177.786804102015,124.41917210220566,81.53034796514768,81,40,FALSE,56.9
1991,Mymensingh,Mymensingh,2245.2911622398447,72.74010075604832,71.14576583926306,71,37,FALSE,39.5
1991,Bogura,Rajshahi,1668.0363029156651,90.88998863675718,90.7117334180348,117,57,FALSE,41.1
1991,Chapai Nawabganj,Rajshahi,1499.2447062318545,105.20358679572254,81.36208028212377,123,60,FALSE,47.2
1991,Joypurhat,Rajshahi,1896.3905959148035,78.62649100496036,82.31030907402753,101,49,FALSE,47.2
1991,Naogaon,Rajshahi,1584.6774391798515,78.09154106540817,73.2517609208904,120,58,FALSE,41.9
1991,Natore,Rajshahi,1751.1704811691716,129.64338491955775,75.08652304960478,111,53,TRUE,29.8
1991,Pabna,Rajshahi,1858.170982347476,74.41265162696654,72.93538879159638,104,50,FALSE,37.1
1991,Rajshahi,Rajshahi,1682.9482756304103,94.30008319650074,72.77647518711603,114,55,FALSE,52.8
1991,Sirajganj,Rajshahi,1762.684553677415,52.58539101690737,81.80532789760387,110,52,FALSE,41.5
1991,Dinajpur,Rangpur,1550.1188438720264,71.48761381709863,76.9031489582955,121,59,FALSE,4
1991,Gaibandha,Rangpur,1681.4147947565764,51.7102723305607,72.71709877663443,115,56,FALSE,37.1
1991,Kurigram,Rangpur,2599.0775965791827,120.94393182602325,79.50307712022705,45,22,TRUE,35.5
1991,Lalmonirhat,Rangpur,2162.831366484581,148.5428735339172,84.72554693256134,84,43,FALSE,26.2
1991,Nilphamari,Rangpur,1830.0721987476209,110.10503033144909,83.70895970353702,106,51,FALSE,19
1991,Panchagarh,Rangpur,2173.934500082656,125.50285959361666,76.10776020443906,83,42,FALSE,29.4
1991,Rangpur,Rangpur,2198.651760469916,82.60997859596519,81.07811268987501,77,38,FALSE,36.3
1991,Thakurgaon,Rangpur,2769.5582412023696,184.9753966512384,84.61271280463397,32,15,TRUE,43.1
1991,Habiganj,Sylhet,3349.806166025985,165.9821239165842,102.46716181890362,4,4,FALSE,60.9
1991,Moulvibazar,Sylhet,2967.6361153934054,127.68650572770332,104.29163162323376,20,9,FALSE,46
1991,Sunamganj,Sylhet,3349.160310964929,213.2732975732998,105.30325907637864,5,5,FALSE,58.9
1991,Sylhet,Sylhet,2961.039186569745,127.28543604689963,92.34108273265323,23,10,FALSE,56.5
1991,Barguna,Barishal,2965.0839257982507,107.74526898516854,78.76651971556427,21,12,FALSE,80.2
1991,Barishal,Barishal,2599.956005709092,153.01407516572846,90.52908492734204,44,23,FALSE,55.6
1991,Bhola,Barishal,2035.2551624938,97.7851603215236,90.27390482778964,96,50,FALSE,33.1
1991,Jhalokati,Barishal,2718.237501750391,188.272899585112,85.7426630055464,38,21,FALSE,79.8
1991,Patuakhali,Barishal,3105.710653777845,81.83996742966849,97.5674398685316,11,6,FALSE,60.1
1991,Pirojpur,Barishal,2961.4686798864427,157.7624874476092,78.52819592345246,22,13,FALSE,88.3
1991,Bandarban,Chattogram,3148.6007563349035,140.09535553095532,92.16814992921688,9,4,FALSE,66.9
1991,Brahmanbaria,Chattogram,2969.4538409314964,95.7278770730504,89.78640150421943,19,11,FALSE,63.3
1991,Chandpur,Chattogram,3103.700649030899,119.56412733696436,90.7812566978034,12,7,FALSE,50.4
1991,Chattogram,Chattogram,3010.497438531708,127.6903893040573,88.8875957147654,18,10,FALSE,62.9
1991,Cox's Bazar,Chattogram,3294.9788806327206,180.65340797455187,92.79056694271104,7,2,FALSE,82.3
1991,Cumilla,Chattogram,3148.22841347172,114.37079979929052,95.35904528,10,5,FALSE,61.3
1991,Feni,Chattogram,2940.5317592983206,156.14220651840105,89.93046906660062,25,15,FALSE,83.1
1991,Khagrachari,Chattogram,2839.4314583003097,103.00135439406064,92.207847021706,29,16,FALSE,67.7
1991,Lakshmipur,Chattogram,3090.8027275716804,124.0069202130702,85.18889420324781,14,8,FALSE,87.9
1991,Noakhali,Chattogram,2773.115693558243,192.8219203565218,87.11472194462877,31,17,FALSE,69.4
1991,Rangamati,Chattogram,2740.4821236387697,106.49386236621676,91.82196688713232,35,19,FALSE,68.1
1991,Dhaka,Dhaka,2139.121222571933,101.9475877926126,89.71527689304435,87,44,FALSE,44.8
1991,Faridpur,Dhaka,2624.693298398285,101.14661421285528,82.05581279143419,43,22,FALSE,46
1991,Gazipur,Dhaka,2267.57062650459,131.10691711694645,72.8182957347315,69,33,FALSE,30.2
1991,Gopalganj,Dhaka,2244.03491424938,80.47749881411627,79.5726436319078,72,35,FALSE,31.5
1991,Kishoreganj,Dhaka,2754.5897774106293,83.95747789880454,79.3292894297865,33,18,TRUE,62.5
1991,Madaripur,Dhaka,2458.9734983095123,104.33928425104456,71.70913599954893,54,25,FALSE,64.9
1991,Manikganj,Dhaka,2367.7988468921385,150.7963845820598,74.45045923651936,59,27,FALSE,54.8
1991,Munshiganj,Dhaka,2512.316719762626,115.36369016247716,68.01125278893286,50,24,FALSE,39.1
1991,Narayanganj,Dhaka,1795.277514883785,100.64343613865567,72.5574238850223,108,57,FALSE,47.6
1991,Narsingdi,Dhaka,2243.2786741353943,123.21098789277472,81.97501186344691,73,36,FALSE,66.5
1991,Rajbari,Dhaka,2043.425964305937,111.75035307791588,74.24968736487024,95,49,FALSE,35.5
1991,Shariatpur,Dhaka,1893.450754298452,117.16066205439527,77.45229621620963,102,53,FALSE,31.9
1991,Tangail,Dhaka,2199.064439836452,84.48003602816735,89.2603898106029,76,39,FALSE,50.4
1991,Bagerhat,Khulna,2185.50129928946,136.8455846194234,74.23086549133497,79,41,FALSE,34.3
1991,Chuadanga,Khulna,2200.503020430599,114.87909843201324,70.6082896734463,75,38,FALSE,41.1
1991,Jashore,Khulna,2254.6850679948698,133.66327039678973,75.25480958710818,70,34,FALSE,35.5
1991,Jhenaidah,Khulna,2298.7347455743943,139.5580368945511,65.78708189390213,65,31,FALSE,48
1991,Khulna,Khulna,2091.8585757773017,71.23288951530594,80.75819778611087,90,45,FALSE,32.7
1991,Kushtia,Khulna,1627.842614585761,81.04629915885472,79.99522517981184,118,61,FALSE,30.6
1991,Magura,Khulna,2349.7040442347616,71.54734218880742,76.02036336581122,62,29,FALSE,52.4
1991,Meherpur,Khulna,1675.4285571025443,89.91600190510188,75.9307515520153,116,60,FALSE,29.4
1991,Narail,Khulna,2147.615074122597,107.1835521006714,75.12745531666667,86,43,FALSE,43.1
1991,Satkhira,Khulna,1861.33778476805,97.71182398259612,71.13566289159365,103,54,FALSE,30.6
1991,Jamalpur,Mymensingh,2450.014585820931,124.69546904787792,81.06196947815604,55,26,FALSE,37.5
1991,Mymensingh,Mymensingh,2345.538141431017,127.64279356968932,75.70360553534292,63,30,FALSE,51.6
1991,Netrokona,Mymensingh,2736.6487752415287,139.68829424819725,76.85329571006123,36,20,TRUE,41.1
1991,Sherpur,Mymensingh,1978.8601689258217,131.44920922399083,76.84227559211278,99,52,FALSE,29.4
1991,Bogura,Rajshahi,1740.1896156765197,107.8424744761926,69.37645195941022,112,59,FALSE,22.6
1991,Chapai Nawabganj,Rajshahi,2022.5123965977696,82.96290785265322,69.6257287855976,98,51,FALSE,25.4
1991,Joypurhat,Rajshahi,1847.466865623138,111.41444173571468,80.79079101336394,105,55,FALSE,19.8
1991,Naogaon,Rajshahi,1421.584840689021,84.98884987234516,69.35882822107024,124,64,FALSE,30.6
1991,Natore,Rajshahi,2197.476521172869,96.43055161451842,81.03768707566293,78,40,TRUE,38.3
1991,Pabna,Rajshahi,1780.092788316173,91.07984510086882,80.65109561348622,109,58,FALSE,13.3
1991,Rajshahi,Rajshahi,1524.6692177538173,101.72998436645844,69.79772057901224,122,63,FALSE,12.1
1991,Sirajganj,Rajshahi,2200.7193353648827,112.31455094168348,82.80891270657044,74,37,TRUE,37.1
1991,Dinajpur,Rangpur,2071.2375592012804,113.41583190352692,79.7658353881444,93,47,FALSE,13.3
1991,Gaibandha,Rangpur,1824.795514742992,85.77093553727755,85.6832548570118,107,56,FALSE,11.3
1991,Kurigram,Rangpur,2083.4913855053974,68.31606738818866,74.07757854692267,92,46,FALSE,14.5
1991,Lalmonirhat,Rangpur,1587.3473924243217,87.93530754082862,74.26878488479257,119,62,FALSE,4.4
1991,Nilphamari,Rangpur,2287.433796642393,90.20501877810062,82.67932924709149,66,32,FALSE,31
1991,Panchagarh,Rangpur,2054.7798004121146,85.4629790594256,77.55178482584297,94,48,FALSE,15.3
1991,Rangpur,Rangpur,2162.7156734988075,124.9386071578778,85.87549036671494,85,42,FALSE,24.6
1991,Thakurgaon,Rangpur,2366.382142086298,152.991586802671,70.87873906087296,60,28,TRUE,30.6
1991,Habiganj,Sylhet,3338.690661115879,146.0238034207298,98.24938351385312,6,1,FALSE,48.8
1991,Moulvibazar,Sylhet,2952.909467795891,128.95709183290887,96.42096984375424,24,14,FALSE,46.8
1991,Sunamganj,Sylhet,3071.138864086048,154.3957750280154,95.00077578473338,15,9,FALSE,46
1991,Sylhet,Sylhet,3208.072467889341,149.6120864131585,101.04682877768882,8,3,FALSE,53.6
1992,Barguna,Barishal,2647.199849471165,170.064080287934,96.52297780208728,34,18,FALSE,86.7
1992,Barishal,Barishal,2408.652148048429,132.37117289915747,91.0373961508131,48,27,FALSE,77
1992,Bhola,Barishal,2726.9291138597137,136.1292908863457,78.85849341997066,33,17,FALSE,73.4
1992,Jhalokati,Barishal,2526.2726489679867,132.83731258351267,98.46913586515504,41,23,FALSE,75.4
1992,Patuakhali,Barishal,3010.057160237069,110.4849937008594,91.15638625797536,23,13,FALSE,90.7
1992,Pirojpur,Barishal,3055.510911255753,66.19339696128824,76.92436756607553,22,12,FALSE,88.7
1992,Bandarban,Chattogram,3132.664326858492,144.76725062920795,96.31982584160424,17,9,FALSE,92.3
1992,Brahmanbaria,Chattogram,3163.583735173077,222.8733210885453,101.57572349588172,14,7,TRUE,84.3
1992,Chandpur,Chattogram,2801.6167012117,146.27759768320044,93.95641189739642,31,15,FALSE,84.3
1992,Chattogram,Chattogram,3514.884608549441,199.03351758860617,107.11750917668608,3,2,FALSE,94
1992,Cox's Bazar,Chattogram,3842.7957077470055,276.2026620123746,104.81533293367428,1,1,TRUE,87.1
1992,Cumilla,Chattogram,2539.8649717155645,181.37959240682488,90.07204550437363,40,22,FALSE,72.6
1992,Feni,Chattogram,2789.31571592969,182.0936012542056,89.81501132746196,32,16,FALSE,78.2
1992,Khagrachari,Chattogram,3155.3215826424644,200.4123623535689,95.17765299577334,16,8,FALSE,60.1
1992,Lakshmipur,Chattogram,2827.230426694023,178.11523714326276,108.4970200349394,30,14,TRUE,69.8
1992,Noakhali,Chattogram,3465.198467450748,189.7971456786132,86.3866117729612,4,3,FALSE,93.1
1992,Rangamati,Chattogram,3173.9714260781707,141.5500499148552,90.03776091016405,13,6,FALSE,88.7
1992,Dhaka,Dhaka,2345.7010027056904,160.49867724673908,81.99593966537375,56,30,TRUE,73
1992,Faridpur,Dhaka,1810.1398609232133,76.04626234624261,87.48235776771838,107,51,FALSE,49.6
1992,Gazipur,Dhaka,2410.2258797345007,165.26345138866537,81.68507506189188,47,26,FALSE,51.6
1992,Gopalganj,Dhaka,2100.144056532552,107.55374799759042,78.79210082611576,84,40,FALSE,49.6
1992,Madaripur,Dhaka,2616.659156751384,158.15768248616985,94.14794021072802,36,19,TRUE,57.3
1992,Manikganj,Dhaka,2011.7262471620425,103.43222745044244,86.18654310293763,98,48,FALSE,29.4
1992,Munshiganj,Dhaka,2477.788278733061,116.22789392374672,91.52763860370668,43,24,FALSE,75.8
1992,Narayanganj,Dhaka,2054.5378986230808,88.32061673117227,90.74762571266903,91,44,FALSE,33.5
1992,Narsingdi,Dhaka,2202.0089342530778,88.27579487282642,72.02339561818134,74,35,FALSE,60.5
1992,Rajbari,Dhaka,1640.0648926558974,90.8772373338988,85.95829777767915,118,58,FALSE,49.6
1992,Shariatpur,Dhaka,2239.863096468773,105.9240248213981,75.22283736998395,70,33,FALSE,71.4
1992,Tangail,Dhaka,2602.535788014264,147.02952600966762,80.00357737391175,37,20,FALSE,50.4
1992,Bagerhat,Khulna,1877.235805471656,93.0690245334393,71.00090809238209,101,49,FALSE,48.8
1992,Chuadanga,Khulna,2034.7436336385867,70.84842166554556,79.38265580483389,94,46,FALSE,38.3
1992,Jashore,Khulna,2223.986281633946,87.97699436278452,76.1702420167625,71,34,FALSE,57.7
1992,Jhenaidah,Khulna,2314.5394747876308,112.27943879127632,91.20623815119052,59,31,FALSE,70.6
1992,Khulna,Khulna,2435.1094400316792,81.74325140711358,77.18178108903236,46,25,FALSE,80.2
1992,Kushtia,Khulna,1660.996480658097,78.05449938375864,80.74219132282954,115,57,FALSE,36.3
1992,Magura,Khulna,2585.0862693231384,125.65891621376682,82.21658971466974,38,21,FALSE,82.7
1992,Meherpur,Khulna,2351.6803556609407,98.74191790534292,81.189280747269,54,29,FALSE,65.3
1992,Narail,Khulna,2182.303441898922,101.1575248487469,87.5184140788937,77,36,FALSE,41.5
1992,Satkhira,Khulna,2062.6339092422945,130.3497085432599,82.37262418155309,90,43,FALSE,57.3
1992,Mymensingh,Mymensingh,2243.848885852656,148.78261749211995,92.2917754870259,69,32,FALSE,50.8
1992,Bogura,Rajshahi,1766.1807200766966,62.16589666775855,76.77109991368155,110,54,FALSE,40.7
1992,Chapai Nawabganj,Rajshahi,2051.9498490928786,106.43933505418592,69.84999162907746,92,45,FALSE,41.9
1992,Joypurhat,Rajshahi,2146.5441791850253,112.72719282444166,66.39154774912903,81,39,FALSE,30.2
1992,Naogaon,Rajshahi,1700.281777771923,52.66101785884192,76.76362352634158,113,55,FALSE,21.8
1992,Natore,Rajshahi,1673.8440597861818,106.258209549244,67.45861484399593,114,56,FALSE,29.8
1992,Pabna,Rajshahi,1608.4448317272022,79.9427681531445,75.55167670325599,120,59,FALSE,50
1992,Rajshahi,Rajshahi,2087.272259291318,127.09808858220352,77.41949713392454,86,41,FALSE,61.3
1992,Sirajganj,Rajshahi,1805.1678594310551,119.25541314816272,69.20219637652701,108,52,FALSE,34.3
1992,Dinajpur,Rangpur,2360.978338255537,87.47138131020887,76.48650962750003,53,28,TRUE,44.8
1992,Gaibandha,Rangpur,2174.5513909047645,117.58829186346698,79.12992397329226,78,37,FALSE,25.4
1992,Kurigram,Rangpur,1804.4904172953684,131.58532626354412,76.91749711602857,109,53,FALSE,36.7
1992,Lalmonirhat,Rangpur,2160.970821473805,128.3864254222477,74.28057710015159,80,38,FALSE,27.4
1992,Nilphamari,Rangpur,2068.1039310269143,116.10392172220236,82.0783338411135,89,42,FALSE,21.8
1992,Panchagarh,Rangpur,1829.897781700657,99.27823176000308,74.32692903206288,105,50,FALSE,30.6
1992,Rangpur,Rangpur,1499.5801694626984,74.59772939309228,76.64985672872295,121,60,FALSE,7.3
1992,Thakurgaon,Rangpur,2034.677742853297,87.60434217317447,85.65444050733828,95,47,FALSE,21
1992,Habiganj,Sylhet,3344.3897460901258,150.39814778843078,106.77147140979032,6,5,FALSE,55.6
1992,Moulvibazar,Sylhet,3085.3024082519087,263.6315518355904,94.09631573016966,19,10,TRUE,66.1
1992,Sunamganj,Sylhet,3084.29476263748,171.64594832603518,103.70404175284726,20,11,FALSE,49.2
1992,Sylhet,Sylhet,3364.5409045531064,169.33242356220427,105.64858108280144,5,4,FALSE,73.4
1992,Barguna,Barishal,2854.9227803359736,107.20088801013137,83.21309511407951,29,16,FALSE,65.7
1992,Barishal,Barishal,2645.3556048426226,139.70682924884093,83.8719595118645,35,17,FALSE,75
1992,Bhola,Barishal,2474.787679652156,143.35729858472575,76.65005665889169,45,21,FALSE,74.2
1992,Jhalokati,Barishal,2569.4806075271053,120.46557893327925,77.53595417665932,39,18,FALSE,60.9
1992,Patuakhali,Barishal,2511.875932568312,124.56599890965046,84.63111597563103,42,19,FALSE,74.6
1992,Pirojpur,Barishal,3311.1669719155075,170.42830792950764,88.57321227070743,7,2,TRUE,81.9
1992,Bandarban,Chattogram,3057.9448776867466,192.7507678684603,94.05699480235673,21,10,FALSE,66.1
1992,Brahmanbaria,Chattogram,3292.929688179252,146.55050955830444,89.83940450522853,8,3,FALSE,69
1992,Chandpur,Chattogram,2940.198029388165,99.07075928799443,97.7759670992809,26,13,FALSE,75.4
1992,Chattogram,Chattogram,3284.868291559932,198.2499917129223,79.46287282657144,9,4,FALSE,64.5
1992,Cox's Bazar,Chattogram,3658.098740745453,141.5359214253794,93.38179246086874,2,1,FALSE,67.7
1992,Cumilla,Chattogram,3176.7407800574474,178.71171200465903,86.35936908942256,12,7,FALSE,79.4
1992,Feni,Chattogram,2375.6522035076405,122.19376015293804,79.63212464767707,50,23,FALSE,65.3
1992,Khagrachari,Chattogram,3160.0817502197024,141.14188160808462,97.86492779287828,15,8,FALSE,63.7
1992,Lakshmipur,Chattogram,3249.3964812497065,161.20192517283087,88.03254272540467,11,6,FALSE,54
1992,Noakhali,Chattogram,3128.158843682025,160.50786939770066,90.07533923564404,18,9,FALSE,58.5
1992,Rangamati,Chattogram,3250.524395183543,148.51237794626456,92.98831708102054,10,5,FALSE,79.8
1992,Dhaka,Dhaka,2077.9388596569124,115.17100896548988,77.69949384312523,87,46,FALSE,29.4
1992,Faridpur,Dhaka,2183.3262298858217,116.34426743245184,82.40814329270164,76,41,FALSE,44.4
1992,Gazipur,Dhaka,2335.707007060393,123.7220421756226,81.98295710207526,57,27,FALSE,50.4
1992,Gopalganj,Dhaka,2008.7644149266607,125.26842058529738,87.02786072356562,99,51,FALSE,38.3
1992,Kishoreganj,Dhaka,2273.060085611108,99.49867004222148,79.23126649785635,65,34,FALSE,37.1
1992,Madaripur,Dhaka,2116.1054419010447,100.49738098376244,88.44916485109435,83,44,FALSE,43.5
1992,Manikganj,Dhaka,2475.1925665808926,80.22743929557674,73.38044892400535,44,20,FALSE,37.5
1992,Munshiganj,Dhaka,1713.5963005332774,79.65629296825638,80.59051027513732,112,58,FALSE,42.7
1992,Narayanganj,Dhaka,1658.700553950232,111.07415887586244,81.74610480321572,116,59,FALSE,22.6
1992,Narsingdi,Dhaka,2034.1898040946576,90.90800428603283,76.74115684145141,96,49,FALSE,23.8
1992,Rajbari,Dhaka,2399.1830723800194,149.39552783583972,79.87907554112029,49,22,FALSE,47.2
1992,Shariatpur,Dhaka,2273.657046601997,107.79624115147406,84.00016280885166,63,32,FALSE,38.3
1992,Tangail,Dhaka,2142.551514804288,107.70361869085951,81.73029684768532,82,43,FALSE,21.8
1992,Bagerhat,Khulna,2363.058037794576,128.2034912526765,69.19837591993945,52,25,FALSE,46.8
1992,Chuadanga,Khulna,2315.681858481402,116.65702562916996,82.42518881753483,58,28,FALSE,67.3
1992,Jashore,Khulna,2164.28373308792,90.39055324885038,75.3584841668328,79,42,FALSE,56.5
1992,Jhenaidah,Khulna,2369.2480211506204,114.03951343701522,82.8423818700142,51,24,FALSE,60.5
1992,Khulna,Khulna,2311.4764729952085,115.6044666329614,80.84052591232823,61,30,FALSE,37.5
1992,Kushtia,Khulna,2021.599680597829,103.60197207823666,87.56066885011349,97,50,FALSE,42.3
1992,Magura,Khulna,1879.686994893424,126.52492017254548,74.65554071862758,100,52,FALSE,33.9
1992,Meherpur,Khulna,2095.706465517996,84.32284432673175,78.19647418821398,85,45,FALSE,26.6
1992,Narail,Khulna,2214.14248462286,72.02836456701482,75.23543497592343,72,38,FALSE,42.3
1992,Satkhira,Khulna,2347.0604042292784,136.0520956814729,78.5590976552426,55,26,FALSE,39.1
1992,Jamalpur,Mymensingh,2247.377524304776,137.8489705495177,86.05334033368517,68,37,FALSE,23.8
1992,Mymensingh,Mymensingh,2273.383964283249,114.09772251951848,86.74128653953935,64,33,FALSE,35.9
1992,Netrokona,Mymensingh,2248.940254490201,133.1743730971332,81.7267052777348,67,36,FALSE,52.8
1992,Sherpur,Mymensingh,2211.275771547774,123.901926097934,79.22731598731485,73,39,FALSE,30.6
1992,Bogura,Rajshahi,1620.1363809413242,109.9087980197627,84.53295474450809,119,61,FALSE,12.5
1992,Chapai Nawabganj,Rajshahi,1354.3858231591053,72.26959646936103,72.80693272195921,123,63,FALSE,32.7
1992,Joypurhat,Rajshahi,1734.1582407099256,63.77631502611962,76.89838963000435,111,57,FALSE,34.7
1992,Naogaon,Rajshahi,1834.9421416133885,92.27512203247863,73.33341410347269,103,54,FALSE,41.5
1992,Natore,Rajshahi,1814.370310272908,98.67294536977852,69.14000685952136,106,56,FALSE,28.2
1992,Pabna,Rajshahi,1417.578073875169,62.55608634907436,64.64046224564427,122,62,FALSE,15.7
1992,Rajshahi,Rajshahi,1351.4689092871577,62.8327870750975,73.07768231098548,124,64,FALSE,30.2
1992,Sirajganj,Rajshahi,1656.397734028032,87.27859336494387,73.14927724203068,117,60,FALSE,11.7
1992,Dinajpur,Rangpur,2314.2703647265207,98.64029631009475,80.57540648051906,60,29,FALSE,32.3
1992,Gaibandha,Rangpur,1832.842748298216,75.55679133184258,78.45231597751113,104,55,FALSE,9.7
1992,Kurigram,Rangpur,2270.603448371186,100.27615752498102,69.9415137353107,66,35,FALSE,27.4
1992,Lalmonirhat,Rangpur,2046.5489752377,70.46368225194135,76.69428293031781,93,48,FALSE,13.3
1992,Nilphamari,Rangpur,2198.591374443672,109.58739999268433,58.73050635254782,75,40,FALSE,21.8
1992,Panchagarh,Rangpur,2074.6951950927146,115.77976966182456,83.71138388334363,88,47,FALSE,18.1
1992,Rangpur,Rangpur,2309.712282400368,148.83024479916963,78.20427390889567,62,31,TRUE,29.4
1992,Thakurgaon,Rangpur,1850.3497770926751,86.47336639729464,88.47056480586879,102,53,FALSE,11.3
1992,Habiganj,Sylhet,3000.1084472052703,116.22258235888155,94.03195592976503,24,11,FALSE,43.5
1992,Moulvibazar,Sylhet,2883.775237223005,174.58334253437596,99.00203766980285,28,15,FALSE,41.5
1992,Sunamganj,Sylhet,2970.8669792304763,131.88388834362584,83.35267698286438,25,12,FALSE,45.6
1992,Sylhet,Sylhet,2887.227407428584,149.33474622638664,99.59918703037432,27,14,FALSE,53.2
1993,Barguna,Barishal,2347.8689533031347,101.8382831776501,97.34833583488036,53,25,FALSE,67.7
1993,Barishal,Barishal,2376.421325435884,81.71801630849501,94.17314346629264,48,21,FALSE,81
1993,Bhola,Barishal,2777.109744950185,136.79950670634642,89.09404096581761,32,17,FALSE,79.4
1993,Jhalokati,Barishal,2672.236886305827,191.20948669949988,95.8021389458658,35,19,TRUE,83.9
1993,Patuakhali,Barishal,2886.833870797688,118.29321372107296,85.88119059049374,26,14,FALSE,80.6
1993,Pirojpur,Barishal,2866.0330975836064,128.93314634902114,91.0676435869711,27,15,FALSE,57.3
1993,Bandarban,Chattogram,2970.5035938506894,222.403753774954,87.76442862779521,24,13,FALSE,79.8
1993,Brahmanbaria,Chattogram,3226.972124681198,188.302492737953,98.70001986603228,12,7,FALSE,93.5
1993,Chandpur,Chattogram,3404.778314414327,172.9416173737445,105.375748497264,9,4,FALSE,96.4
1993,Chattogram,Chattogram,3356.89546238979,162.61249961863288,95.50006687724591,11,6,FALSE,92.7
1993,Cox's Bazar,Chattogram,3815.203009290836,213.8492708919797,101.7594119069703,1,1,TRUE,93.5
1993,Cumilla,Chattogram,3111.0932557263764,142.42942862990637,96.33933874696348,17,8,FALSE,88.3
1993,Feni,Chattogram,3076.1255643128147,203.87662492173928,103.61395314526698,23,12,FALSE,81.5
1993,Khagrachari,Chattogram,3083.096639856949,186.14423145635084,89.24895118238003,21,11,FALSE,80.2
1993,Lakshmipur,Chattogram,3098.131202501585,254.7797968178877,95.840027374869,18,9,TRUE,84.7
1993,Noakhali,Chattogram,3522.2461003813046,236.2285648122208,100.18096804326284,6,2,TRUE,97.2
1993,Rangamati,Chattogram,3510.3977763704097,182.97193008437367,98.16700312430643,7,3,TRUE,84.7
1993,Dhaka,Dhaka,2020.0897953219096,134.5685049898158,90.11993632353943,90,42,FALSE,35.9
1993,Faridpur,Dhaka,2271.2197656991,138.08734586618198,89.40630858617709,61,29,FALSE,63.7
1993,Gazipur,Dhaka,1528.923045460118,63.00934467574595,84.06763052375625,123,59,FALSE,46.8
1993,Gopalganj,Dhaka,2338.24688199458,138.83939190690637,69.49292698793991,54,26,FALSE,46.8
1993,Madaripur,Dhaka,2286.6432988787137,122.81036733247396,87.08849339589878,58,27,FALSE,72.2
1993,Manikganj,Dhaka,2163.150967762262,95.40787057834817,77.63196934308495,71,32,FALSE,56.9
1993,Munshiganj,Dhaka,2495.5359033704344,111.646217226075,83.71220537745828,42,20,FALSE,68.1
1993,Narayanganj,Dhaka,1955.9914144512195,77.95744228699681,75.1197910985562,98,46,FALSE,43.5
1993,Narsingdi,Dhaka,2358.087109345645,134.73638215913022,93.27543474264778,50,23,FALSE,54.4
1993,Rajbari,Dhaka,1782.6987808420188,123.23627842568186,85.29655933801034,111,52,FALSE,43.1
1993,Shariatpur,Dhaka,1877.4356239050408,102.1727146060212,73.49184605852783,106,50,FALSE,33.9
1993,Tangail,Dhaka,1895.573830292868,100.09656078791724,80.54677109919484,104,49,FALSE,42.7
1993,Bagerhat,Khulna,1380.2204858380285,67.37630372950228,88.66094999890021,124,60,FALSE,25
1993,Chuadanga,Khulna,1931.8776833832856,101.16365509959785,85.01802493597802,100,47,FALSE,58.9
1993,Jashore,Khulna,2076.030420856526,75.70695081667193,83.76193516686543,82,38,FALSE,61.7
1993,Jhenaidah,Khulna,2153.50139365044,117.68107343736952,80.71074279050009,74,34,FALSE,46
1993,Khulna,Khulna,1990.346925513568,74.71032834837773,84.11020515649486,94,45,FALSE,41.9
1993,Kushtia,Khulna,2113.7849960744056,120.18055091562644,88.23083872358275,78,36,FALSE,50.8
1993,Magura,Khulna,2024.321718073501,79.02384399485419,79.97421357095097,88,41,FALSE,62.1
1993,Meherpur,Khulna,2126.243503781377,131.99638552696268,85.34269095479017,77,35,FALSE,26.6
1993,Narail,Khulna,2038.413131444548,118.46124384478496,80.81694304065138,86,40,FALSE,49.6
1993,Satkhira,Khulna,1990.672314115152,107.79897834951996,77.46075776244378,93,44,FALSE,59.3
1993,Mymensingh,Mymensingh,2047.7331474381865,84.8405020299958,88.57838996596433,84,39,FALSE,45.2
1993,Bogura,Rajshahi,1760.4693691199634,59.29396211654977,72.91724496822768,113,53,FALSE,50.4
1993,Chapai Nawabganj,Rajshahi,2217.189684891256,149.08342555836398,74.41852012932601,65,30,TRUE,29.4
1993,Joypurhat,Rajshahi,2019.9428114284983,92.3676831475596,81.28491038221823,91,43,FALSE,45.2
1993,Naogaon,Rajshahi,1897.198448201302,73.87987924004089,75.27383677938144,103,48,FALSE,42.3
1993,Natore,Rajshahi,2184.2166310657644,119.44137040074251,79.69341303273474,68,31,FALSE,71.4
1993,Pabna,Rajshahi,1580.6605181078137,83.9798542411007,80.05692083236187,119,58,FALSE,23
1993,Rajshahi,Rajshahi,1799.6412542110204,92.96249258262652,79.55075450837025,109,51,FALSE,46
1993,Sirajganj,Rajshahi,1653.648648150351,80.91841134830457,78.88447516417195,116,56,FALSE,40.3
1993,Dinajpur,Rangpur,2156.0211504380386,85.83137089876296,85.00225986019413,73,33,FALSE,32.3
1993,Gaibandha,Rangpur,2281.8790299812213,106.34342806690078,84.3160626694479,60,28,FALSE,32.3
1993,Kurigram,Rangpur,1699.7292140458064,68.68918610400532,78.34807706334776,115,55,FALSE,12.9
1993,Lalmonirhat,Rangpur,2352.388580096569,116.95858552352506,81.40748317655839,51,24,FALSE,36.3
1993,Nilphamari,Rangpur,2364.976074472744,88.83023685044574,87.20555767609994,49,22,FALSE,46.4
1993,Panchagarh,Rangpur,1620.7890480392343,106.2510239824572,80.81903288211265,117,57,FALSE,8.1
1993,Rangpur,Rangpur,2093.030055520634,134.63948041675647,79.69976835101049,80,37,FALSE,29
1993,Thakurgaon,Rangpur,1728.429214373244,91.42071824723708,75.04486644684401,114,54,FALSE,14.5
1993,Habiganj,Sylhet,2810.99636198992,122.33178120203188,98.44256975614712,30,16,FALSE,59.7
1993,Moulvibazar,Sylhet,3084.672992497674,177.67561152117503,104.9609119888754,19,10,FALSE,64.9
1993,Sunamganj,Sylhet,3361.139433236866,220.4848808282296,114.1622603039529,10,5,FALSE,65.7
1993,Sylhet,Sylhet,2739.328964587085,124.45677572067248,106.03853336179988,34,18,FALSE,45.2
1993,Barguna,Barishal,2554.002773135521,151.79965203003218,90.0040327812835,39,20,FALSE,64.9
1993,Barishal,Barishal,2784.3632753730826,190.2433259438484,76.58332518442126,31,15,TRUE,66.1
1993,Bhola,Barishal,2540.362502948069,117.1470837756724,79.02172956924642,40,21,FALSE,70.2
1993,Jhalokati,Barishal,2858.100087409126,143.12108189290933,91.4226317193834,29,14,FALSE,71.8
1993,Patuakhali,Barishal,2382.6546844169297,125.34590701301164,82.29572741068147,46,26,FALSE,67.3
1993,Pirojpur,Barishal,2859.11642669964,139.53749728471888,85.55761456093717,28,13,FALSE,82.3
1993,Bandarban,Chattogram,3082.3108705138966,146.69749468960885,90.85728110816837,22,11,FALSE,64.5
1993,Brahmanbaria,Chattogram,3556.439632593066,166.39717657859765,101.8053422608752,4,3,TRUE,85.1
1993,Chandpur,Chattogram,3149.341914229146,205.36878234142307,85.11650087505096,15,8,FALSE,88.3
1993,Chattogram,Chattogram,2521.117838371175,109.66802255454432,90.30937218125784,41,22,FALSE,47.2
1993,Cox's Bazar,Chattogram,3177.7712468295194,129.69480653096971,88.30579911836948,14,7,FALSE,68.1
1993,Cumilla,Chattogram,3083.348724266738,137.5530627146029,84.75867189554273,20,10,FALSE,52
1993,Feni,Chattogram,2969.780411378559,160.9505153222913,85.6267022364614,25,12,FALSE,83.1
1993,Khagrachari,Chattogram,3547.8600908857256,115.3893062783412,93.41862038734132,5,4,FALSE,79.4
1993,Lakshmipur,Chattogram,2657.33442602098,183.6595187291488,83.12726657398518,36,17,FALSE,63.3
1993,Noakhali,Chattogram,3464.304015449348,235.8219866650805,80.71404783526387,8,5,TRUE,64.1
1993,Rangamati,Chattogram,3142.3348185061104,131.1719377703358,91.70618089362712,16,9,FALSE,73.8
1993,Dhaka,Dhaka,2262.913490607169,69.84979776087528,70.3704930049218,62,33,FALSE,39.9
1993,Faridpur,Dhaka,2619.568229955248,142.85905197217207,79.25506018825611,37,18,FALSE,62.5
1993,Gazipur,Dhaka,2023.1968723895925,105.85879315645025,82.47843483979209,89,48,FALSE,27
1993,Gopalganj,Dhaka,1916.001981185129,89.73770689446691,87.99858619987509,101,54,FALSE,30.6
1993,Kishoreganj,Dhaka,2046.7684631945049,119.72781094419076,82.86209291579029,85,46,FALSE,29
1993,Madaripur,Dhaka,2318.534120741218,166.12302411844,76.85889061771914,55,29,FALSE,54.8
1993,Manikganj,Dhaka,2129.9575230444148,121.78122141056944,89.73414231257617,76,42,FALSE,39.9
1993,Munshiganj,Dhaka,2285.004417178682,109.24376409758972,85.69643348710093,59,32,FALSE,29
1993,Narayanganj,Dhaka,2058.324337429673,111.13173265266346,80.49419178545091,83,45,FALSE,46
1993,Narsingdi,Dhaka,2034.2826469003053,125.90208930611216,89.24302548793912,87,47,FALSE,29.4
1993,Rajbari,Dhaka,1971.727827443294,82.28256133189916,79.36112664859084,95,50,FALSE,34.7
1993,Shariatpur,Dhaka,2426.540597338884,88.66628649382473,81.47827747727847,45,25,FALSE,72.2
1993,Tangail,Dhaka,2135.7371805446446,92.22146787728546,74.7102799406305,75,41,FALSE,36.3
1993,Bagerhat,Khulna,2192.7337269235345,128.0066249841272,74.62661608084227,67,37,FALSE,25.4
1993,Chuadanga,Khulna,2349.267346610116,119.65190573873063,75.63606497882563,52,28,FALSE,32.3
1993,Jashore,Khulna,2298.5095928557844,118.5565343641368,71.07048599332366,57,31,FALSE,52.4
1993,Jhenaidah,Khulna,2182.0003456686304,103.1799235241305,71.40251517518574,69,38,FALSE,34.7
1993,Khulna,Khulna,1958.562154457433,88.94538497047607,83.84221488145533,97,52,FALSE,53.6
1993,Kushtia,Khulna,2010.39346799926,90.4637291579902,77.68288585393361,92,49,FALSE,54.4
1993,Magura,Khulna,2233.4471932421498,98.4663261425438,67.6225617131735,64,35,FALSE,43.5
1993,Meherpur,Khulna,2433.8352559203363,88.68967848299044,77.52728837418852,44,24,FALSE,46.4
1993,Narail,Khulna,2161.4828353666267,133.867354333987,74.0715551124193,72,40,TRUE,39.9
1993,Satkhira,Khulna,2254.9429409218064,113.18418289742525,64.78010641061746,63,34,FALSE,55.6
1993,Jamalpur,Mymensingh,2477.0973496630354,128.6786726013652,82.62574746132461,43,23,FALSE,42.3
1993,Mymensingh,Mymensingh,2557.351031156576,135.21032435731738,79.06337575215736,38,19,FALSE,50
1993,Netrokona,Mymensingh,1908.186703686079,95.17865549,75.22363933352128,102,55,FALSE,24.6
1993,Sherpur,Mymensingh,2311.052317356845,92.39153944674491,87.18294607252074,56,30,FALSE,35.5
1993,Bogura,Rajshahi,1882.4061150855985,81.31064418637598,78.35566783418827,105,56,FALSE,31.9
1993,Chapai Nawabganj,Rajshahi,1608.3505270482383,70.45985915115756,65.62684845176531,118,61,FALSE,13.3
1993,Joypurhat,Rajshahi,1553.01691467052,70.5815297463361,66.5824764945119,121,63,FALSE,13.3
1993,Naogaon,Rajshahi,1577.291192244494,88.45197173800108,81.2739809893373,120,62,FALSE,27.8
1993,Natore,Rajshahi,1766.0728837386996,64.98276755141129,76.6908924483584,112,60,FALSE,21.8
1993,Pabna,Rajshahi,1960.550488148444,80.56394321487159,66.10504053931194,96,51,FALSE,31.5
1993,Rajshahi,Rajshahi,1542.2033007994155,53.66425194841855,77.37177580865885,122,64,FALSE,29
1993,Sirajganj,Rajshahi,2173.3530919332493,95.14352546721588,63.62440169122659,70,39,FALSE,54.4
1993,Dinajpur,Rangpur,1798.3608703075624,101.79549686252038,74.37104055452585,110,59,FALSE,6.5
1993,Gaibandha,Rangpur,1943.113928303824,103.63074535394364,84.478898923286,99,53,FALSE,14.9
1993,Kurigram,Rangpur,1852.7656749280395,120.12858161849137,72.27513461479485,108,58,FALSE,7.7
1993,Lalmonirhat,Rangpur,2106.093779393101,85.83685666670179,73.97803589782414,79,43,FALSE,21.8
1993,Nilphamari,Rangpur,1856.0405159325408,74.64521779711383,77.4174580272824,107,57,FALSE,8.9
1993,Panchagarh,Rangpur,2376.9621213479613,140.43146080913857,72.43936273112686,47,27,TRUE,48.8
1993,Rangpur,Rangpur,2200.749129131017,126.14872161974716,74.82960257957043,66,36,FALSE,27.4
1993,Thakurgaon,Rangpur,2082.8531885278085,115.41758725882184,70.68022376510055,81,44,FALSE,19
1993,Habiganj,Sylhet,3579.2552229635185,112.41235263605203,96.1279488579845,3,2,FALSE,56
1993,Moulvibazar,Sylhet,2761.8552212427885,134.09070637895903,93.17933771683305,33,16,FALSE,41.1
1993,Sunamganj,Sylhet,3212.834754371436,106.89442105347337,98.28027719166398,13,6,FALSE,53.2
1993,Sylhet,Sylhet,3610.6362885949206,208.00321983087665,96.21551596769098,2,1,FALSE,55.2
1994,Barguna,Barishal,2220.756171011993,128.48975719443436,86.83548013827117,73,33,FALSE,71
1994,Barishal,Barishal,2376.706168947183,165.1427047272781,92.23782188178647,58,28,FALSE,71
1994,Bhola,Barishal,2427.9740662894774,113.08509171018343,88.39799366147413,52,23,FALSE,73.8
1994,Jhalokati,Barishal,3316.8190188200592,190.345357119505,77.4799735771461,12,5,TRUE,94
1994,Patuakhali,Barishal,2509.924642136089,172.72439778445622,77.90581459764883,46,20,FALSE,79.4
1994,Pirojpur,Barishal,2922.7048313082387,160.00926399066424,90.09572145333031,27,13,FALSE,84.3
1994,Bandarban,Chattogram,2818.800457666711,175.61570154604425,81.15095440262021,30,15,FALSE,61.3
1994,Brahmanbaria,Chattogram,3371.1141084893884,170.58260610210118,99.88181389960548,8,3,FALSE,84.7
1994,Chandpur,Chattogram,3284.5524577084466,152.15264945773615,91.73271269119064,15,6,FALSE,76.2
1994,Chattogram,Chattogram,3541.970265319266,212.59474529574084,95.16898348242496,4,2,TRUE,97.6
1994,Cox's Bazar,Chattogram,2983.388832035387,146.8735287425371,94.34694004277544,25,12,FALSE,85.5
1994,Cumilla,Chattogram,3322.775646121171,201.7139860447021,94.5928319852826,10,4,FALSE,87.5
1994,Feni,Chattogram,2840.246726960347,126.95288202890346,94.14268905397242,29,14,FALSE,75.8
1994,Khagrachari,Chattogram,2611.762929844735,61.97289534417787,102.38512867661976,39,17,FALSE,76.6
1994,Lakshmipur,Chattogram,3264.9452463099424,171.25254729946218,84.6126310352914,17,8,FALSE,91.5
1994,Noakhali,Chattogram,3017.946715552951,177.78462345197894,91.28455881888632,22,10,FALSE,84.3
1994,Rangamati,Chattogram,2481.3497446504416,155.43602488586066,101.61429255406004,48,21,FALSE,76.6
1994,Dhaka,Dhaka,2283.826111769747,117.47180668251248,89.1414998588875,63,30,FALSE,54.8
1994,Faridpur,Dhaka,2020.2411084936768,108.91757935655494,79.5607442747661,90,43,FALSE,46.4
1994,Gazipur,Dhaka,2383.7698979796,131.95582213952088,82.47442220154264,57,27,FALSE,51.6
1994,Gopalganj,Dhaka,2116.842416999157,123.39900957407669,88.25522108807523,79,38,FALSE,56.5
1994,Madaripur,Dhaka,2139.728962106769,101.7215657554286,88.5460751832213,77,36,FALSE,31.9
1994,Manikganj,Dhaka,2411.2728683498904,147.69396928949317,88.80871128237018,55,25,FALSE,54.8
1994,Munshiganj,Dhaka,1825.7645217616807,126.97119117221364,84.99540253223586,106,50,FALSE,43.5
1994,Narayanganj,Dhaka,2517.094732235579,125.77005067441476,75.28783929633292,45,19,FALSE,74.6
1994,Narsingdi,Dhaka,1809.3102390234471,92.69037091485072,82.81644805191158,112,53,FALSE,26.6
1994,Rajbari,Dhaka,2657.5302290173595,154.58421213975876,87.67759388150664,37,16,TRUE,70.2
1994,Shariatpur,Dhaka,2315.201888251334,99.3868158559314,88.88941202978175,62,29,FALSE,54.4
1994,Tangail,Dhaka,2049.056143567508,82.70070356129409,77.42449439555503,85,40,FALSE,62.1
1994,Bagerhat,Khulna,2280.5429313216646,147.58091116709625,61.44697030876697,64,31,FALSE,60.1
1994,Chuadanga,Khulna,1964.576112516239,118.89787906209148,84.93706015884594,98,46,FALSE,57.7
1994,Jashore,Khulna,1815.6604442930227,119.82871725152472,72.80720963665536,108,51,FALSE,56.5
1994,Jhenaidah,Khulna,2411.764565820637,160.22386158417552,77.20161058330551,54,24,TRUE,63.7
1994,Khulna,Khulna,1889.363215584187,75.47140922186706,100.94274843656862,104,49,TRUE,42.3
1994,Kushtia,Khulna,1620.2551497775626,75.6470315630959,83.2324375804479,120,59,FALSE,48.4
1994,Magura,Khulna,2117.8604992578944,155.10625947004445,87.744897020704,78,37,FALSE,48.4
1994,Meherpur,Khulna,1769.166771180633,49.42841416379956,84.08819406425967,117,58,FALSE,44
1994,Narail,Khulna,2065.280482979545,88.41132484153152,90.57867605523236,82,39,FALSE,41.1
1994,Satkhira,Khulna,1889.8982153387828,91.51874840857272,80.90107731904415,103,48,FALSE,41.5
1994,Mymensingh,Mymensingh,2411.103857846623,97.93764615901804,91.43141958714855,56,26,FALSE,55.2
1994,Bogura,Rajshahi,2181.2549718617365,92.1514114799865,83.06747911679624,75,34,FALSE,38.7
1994,Chapai Nawabganj,Rajshahi,1800.8694113755175,87.9459407527696,77.07103802173751,114,55,FALSE,43.1
1994,Joypurhat,Rajshahi,1811.460776762704,92.27585881000417,73.06952821720603,110,52,FALSE,37.5
1994,Naogaon,Rajshahi,1800.9227745170838,98.60904587582708,83.11642657716541,113,54,FALSE,23.8
1994,Natore,Rajshahi,1906.9071171311032,84.30427254596358,76.86105913030373,101,47,FALSE,29
1994,Pabna,Rajshahi,2008.6578914496056,95.64908067955494,62.494027264710056,91,44,FALSE,55.2
1994,Rajshahi,Rajshahi,1997.1265062496896,93.41284016390308,75.23010082373129,92,45,FALSE,53.6
1994,Sirajganj,Rajshahi,1769.849872332718,74.95152606690439,89.65360517350788,116,57,FALSE,52.8
1994,Dinajpur,Rangpur,2563.42968824992,144.68854519216447,79.90336816305454,42,18,TRUE,37.9
1994,Gaibandha,Rangpur,2468.5494265881675,148.52070474978422,88.91755929544357,49,22,TRUE,35.9
1994,Kurigram,Rangpur,2222.9271811267063,126.61454135951166,78.11539082726381,72,32,FALSE,29
1994,Lalmonirhat,Rangpur,1441.20453181094,75.26905687832438,82.78308754924367,124,60,FALSE,6.5
1994,Nilphamari,Rangpur,2168.6649878010503,139.41647531064385,80.21954393075544,76,35,FALSE,21.4
1994,Panchagarh,Rangpur,2040.3328055895208,122.55631985720784,89.70529378851357,86,41,FALSE,27
1994,Rangpur,Rangpur,2027.6071638638084,105.47579734740977,73.7407128548713,89,42,FALSE,30.6
1994,Thakurgaon,Rangpur,1792.5344280977906,93.75378808169316,85.69949410257811,115,56,FALSE,12.9
1994,Habiganj,Sylhet,3284.4797105752136,164.06754441803483,92.91048773904292,16,7,FALSE,61.7
1994,Moulvibazar,Sylhet,3226.4199186463047,238.36058292765927,97.19611233019631,18,9,FALSE,56
1994,Sunamganj,Sylhet,3984.5773847447535,179.61233127306423,105.5890346383854,1,1,TRUE,72.6
1994,Sylhet,Sylhet,3006.6724669383784,190.0334611236852,92.64504954679413,23,11,FALSE,50.8
1994,Barguna,Barishal,2536.218981865521,92.58087796846746,94.54110963269169,44,26,FALSE,72.6
1994,Barishal,Barishal,2427.4568065463427,136.03728787322612,76.31696865972673,53,30,FALSE,65.7
1994,Bhola,Barishal,3437.969155508814,198.76609181925008,80.83428842835679,5,3,TRUE,91.5
1994,Jhalokati,Barishal,2594.2714405086776,185.4462240200025,85.45657858772171,41,24,FALSE,77.4
1994,Patuakhali,Barishal,2680.575882060637,136.5200047946874,82.72045100521392,35,20,FALSE,62.1
1994,Pirojpur,Barishal,3403.6948085689323,122.53058850684766,85.39712509358219,6,4,TRUE,66.1
1994,Bandarban,Chattogram,2947.422334116675,153.62240356351893,85.11984780250829,26,14,FALSE,55.2
1994,Brahmanbaria,Chattogram,3154.2709527473235,169.34439019635371,93.44278378929752,20,11,FALSE,51.6
1994,Chandpur,Chattogram,3298.3109005633232,157.1132162039648,97.89372088309766,14,9,FALSE,59.3
1994,Chattogram,Chattogram,2705.0144597999,108.09353090496336,92.32360397639366,33,18,FALSE,65.3
1994,Cox's Bazar,Chattogram,3312.270950190307,196.03524724695183,83.6056957413217,13,8,FALSE,73
1994,Cumilla,Chattogram,3111.897615135902,106.8998206331988,91.65206519664784,21,12,FALSE,64.1
1994,Feni,Chattogram,3333.3614924988324,186.11971571321052,90.30289651881937,9,6,FALSE,81
1994,Khagrachari,Chattogram,2745.431338258917,148.9230110806532,98.75711201856096,32,17,FALSE,44.4
1994,Lakshmipur,Chattogram,3322.391671422464,124.42613736662244,92.18826284868648,11,7,FALSE,85.1
1994,Noakhali,Chattogram,2910.470290439358,117.45092856104787,94.1157933207352,28,15,FALSE,58.9
1994,Rangamati,Chattogram,3002.3067094105413,87.47287674290004,92.04293774384088,24,13,FALSE,87.9
1994,Dhaka,Dhaka,1936.6683087130496,102.91934393700124,75.51185554687274,100,54,FALSE,17.3
1994,Faridpur,Dhaka,2509.2667271204064,94.65938191125798,84.54440041909916,47,27,FALSE,57.7
1994,Gazipur,Dhaka,2685.1057728976366,146.97820375817372,73.81217901678411,34,19,FALSE,62.1
1994,Gopalganj,Dhaka,2803.0300803952405,151.1763213695469,82.1122946989402,31,16,TRUE,52
1994,Kishoreganj,Dhaka,2433.900367612645,129.17438254891994,85.83717271303377,51,29,FALSE,54.4
1994,Madaripur,Dhaka,2214.827812473242,116.6902471180812,90.1308105584752,74,41,FALSE,42.3
1994,Manikganj,Dhaka,2623.4444418485355,94.96602709501762,70.73970536386908,38,22,FALSE,52
1994,Munshiganj,Dhaka,2261.264185108227,130.49450780024245,72.08848252532096,67,36,FALSE,54
1994,Narayanganj,Dhaka,2229.7035886521303,114.83646320172936,78.77832672671687,70,39,FALSE,38.7
1994,Narsingdi,Dhaka,1983.5919509929004,108.53055858185414,77.64666173431418,95,50,FALSE,37.1
1994,Rajbari,Dhaka,2437.5364028206445,102.29904083840594,89.91613141375714,50,28,FALSE,45.2
1994,Shariatpur,Dhaka,1939.9182556025503,83.84821437048781,84.0434470979535,99,53,FALSE,31
1994,Tangail,Dhaka,2667.4028969808755,150.46400589557513,77.53292606130323,36,21,TRUE,59.3
1994,Bagerhat,Khulna,2225.576084576888,84.11963879830759,66.83196721126554,71,40,FALSE,25
1994,Chuadanga,Khulna,2059.590138606515,96.26498571585697,81.27819716637227,83,44,FALSE,37.9
1994,Jashore,Khulna,2355.0402697890063,108.90568939378733,87.0426845399203,60,32,FALSE,64.5
1994,Jhenaidah,Khulna,2270.247123469276,113.95410665965856,78.10492653235666,65,34,FALSE,41.5
1994,Khulna,Khulna,1906.7612995817096,115.8709886566818,65.9179354936458,102,55,FALSE,21
1994,Kushtia,Khulna,2056.0103497137125,102.3935437136819,76.04211857438219,84,45,FALSE,52.8
1994,Magura,Khulna,2347.0682534224898,109.44625410302304,73.85739419124613,61,33,FALSE,59.3
1994,Meherpur,Khulna,2236.903601606591,104.43137979927953,75.82399968227274,69,38,FALSE,55.6
1994,Narail,Khulna,1976.994333444828,83.00356163487774,76.85288102932643,96,51,FALSE,42.7
1994,Satkhira,Khulna,2094.186639871274,129.8909053797906,72.36437688694318,80,42,FALSE,20.6
1994,Jamalpur,Mymensingh,2603.515954396224,154.84480033330587,78.34673399305834,40,23,TRUE,47.6
1994,Mymensingh,Mymensingh,1991.1994440234216,101.72161245902667,82.78462005613324,94,49,FALSE,23
1994,Netrokona,Mymensingh,2539.465115326271,116.28815679716212,67.3587168602372,43,25,FALSE,45.2
1994,Sherpur,Mymensingh,2238.2835428581952,89.65781873253405,67.60999804722813,68,37,FALSE,33.9
1994,Bogura,Rajshahi,2028.5759657549183,108.16201614385491,92.50043723833082,88,47,TRUE,25
1994,Chapai Nawabganj,Rajshahi,1589.9647008649918,95.33386496681452,70.69842890749165,121,62,FALSE,21.8
1994,Joypurhat,Rajshahi,1971.2244932497856,84.10264651053232,73.08304426380622,97,52,FALSE,17.7
1994,Naogaon,Rajshahi,2361.434501151152,105.58099370985444,80.63182893556119,59,31,TRUE,42.3
1994,Natore,Rajshahi,1815.4552777421643,68.80283317072153,84.43640220657683,109,58,FALSE,35.1
1994,Pabna,Rajshahi,2039.7603066153367,67.41461992423189,79.80939438983592,87,46,FALSE,42.3
1994,Rajshahi,Rajshahi,1504.3472227540656,91.48708825864745,75.11325104892093,123,64,FALSE,31
1994,Sirajganj,Rajshahi,1739.0551765212228,76.38236595739633,64.29567447782016,118,60,FALSE,42.3
1994,Dinajpur,Rangpur,2268.582242871389,95.84657973831392,71.78503922357169,66,35,FALSE,25.8
1994,Gaibandha,Rangpur,1835.766622864099,113.42135965242262,75.11490977471514,105,56,FALSE,9.3
1994,Kurigram,Rangpur,1504.8314913757715,74.77828958537835,73.54041931685245,122,63,FALSE,1.6
1994,Lalmonirhat,Rangpur,1822.3169142762856,90.05955794366777,67.82901699253088,107,57,FALSE,12.9
1994,Nilphamari,Rangpur,1810.340837754045,71.3491504137716,72.61892208708863,111,59,FALSE,14.1
1994,Panchagarh,Rangpur,2075.2103380521226,86.42992686056779,86.82947830738254,81,43,FALSE,31.5
1994,Rangpur,Rangpur,1991.929412639544,82.58672986415303,84.6547644482581,93,48,FALSE,16.5
1994,Thakurgaon,Rangpur,1722.6164545761326,70.86894508395461,59.81181934409691,119,61,FALSE,7.3
1994,Habiganj,Sylhet,3949.839802796684,178.46300605725418,98.0867516261151,2,1,TRUE,50.4
1994,Moulvibazar,Sylhet,3172.922368595552,94.95107065529314,93.80991837019305,19,10,FALSE,46.8
1994,Sunamganj,Sylhet,3379.475267602711,158.02195954877698,99.68865291051112,7,5,FALSE,55.6
1994,Sylhet,Sylhet,3737.339915247156,137.0565741049586,94.04336403669826,3,2,FALSE,52
1995,Barguna,Barishal,2793.307584506366,150.1761826838322,88.27791470449758,26,15,FALSE,89.1
1995,Barishal,Barishal,2574.78161058808,94.67549685520372,97.09823535350988,38,19,FALSE,71.8
1995,Bhola,Barishal,2823.92362850796,141.23556612418542,83.98524083799927,25,14,FALSE,72.2
1995,Jhalokati,Barishal,2198.526786007625,125.25459788512188,79.53866676815994,70,30,FALSE,65.3
1995,Patuakhali,Barishal,2292.933886897538,94.98761491519258,77.61473311535333,57,24,FALSE,68.5
1995,Pirojpur,Barishal,2855.384515500805,147.57222021666993,78.49663923224706,24,13,FALSE,90.3
1995,Bandarban,Chattogram,2963.9434676564765,204.70521480072944,97.4799719212425,19,11,FALSE,66.9
1995,Brahmanbaria,Chattogram,2689.859674837966,131.89879884459754,95.51619201369272,32,16,FALSE,57.7
1995,Chandpur,Chattogram,3318.9317996000223,128.3449171658127,100.41144475172156,10,6,FALSE,76.2
1995,Chattogram,Chattogram,2263.5071714899605,82.29075498676411,100.44262245384454,65,27,FALSE,68.5
1995,Cox's Bazar,Chattogram,3123.3911323885304,161.33506749940224,105.82390595254256,15,8,FALSE,53.6
1995,Cumilla,Chattogram,3789.312475496411,236.63794018901515,90.02014623391861,1,1,TRUE,95.6
1995,Feni,Chattogram,3186.030809544366,180.4039224049872,99.8587077424426,12,7,FALSE,94
1995,Khagrachari,Chattogram,3536.8307988928746,217.2694404044188,93.70963654917458,3,2,TRUE,91.9
1995,Lakshmipur,Chattogram,2327.0213329412954,110.33639561344911,103.8602673695182,54,23,FALSE,65.7
1995,Noakhali,Chattogram,3446.735505974096,156.88279370598627,90.41261770848214,5,3,FALSE,93.5
1995,Rangamati,Chattogram,2938.878332716948,172.12310088560022,101.8214516830209,21,12,FALSE,90.7
1995,Dhaka,Dhaka,2116.1272803943475,141.90758093677653,84.70231418603812,81,37,FALSE,62.5
1995,Faridpur,Dhaka,2290.331243981267,161.39190575245323,76.83074216661038,59,25,FALSE,64.9
1995,Gazipur,Dhaka,2583.7472941196743,140.0600935708333,71.67709550251335,35,18,FALSE,58.5
1995,Gopalganj,Dhaka,2095.332401842482,101.40577436746058,80.60985975525868,84,39,FALSE,60.5
1995,Madaripur,Dhaka,2135.3448905896457,107.88579245907066,79.36166899400499,78,36,FALSE,64.9
1995,Manikganj,Dhaka,2395.0775848795374,132.68633734305826,86.21462223918807,52,22,FALSE,52.4
1995,Munshiganj,Dhaka,2042.4832879544736,76.39775333177403,81.41780574441398,92,44,FALSE,48.8
1995,Narayanganj,Dhaka,2660.2020788515474,119.42002118477758,82.23339726633482,33,17,TRUE,75.8
1995,Narsingdi,Dhaka,2178.206681097832,98.61252084486418,73.4099656581806,73,32,FALSE,46.4
1995,Rajbari,Dhaka,2068.015969146535,106.88875478684037,80.69316702020213,86,41,FALSE,49.2
1995,Shariatpur,Dhaka,2516.708025884822,168.56751816534617,81.53015905525491,42,20,TRUE,67.7
1995,Tangail,Dhaka,2442.6991555271347,173.51883822251273,88.85368085490816,49,21,TRUE,56.5
1995,Bagerhat,Khulna,1375.308246237675,69.72772525470383,83.16378712862138,124,60,FALSE,10.5
1995,Chuadanga,Khulna,2245.2127873380978,91.84425558188272,72.010600809607,68,29,FALSE,65.3
1995,Jashore,Khulna,1996.3655215181625,107.00875938887891,70.91218177884315,99,47,FALSE,46.8
1995,Jhenaidah,Khulna,2063.86049945235,106.5793764436832,83.62831671081929,87,42,FALSE,63.3
1995,Khulna,Khulna,1614.760175196115,110.49934246378112,87.18236088321872,120,58,FALSE,29.4
1995,Kushtia,Khulna,1956.915573769605,112.79266053118236,85.09597134763031,104,49,FALSE,46
1995,Magura,Khulna,2112.8743787252,90.0392979795632,78.865585300783,82,38,FALSE,67.3
1995,Meherpur,Khulna,2171.375839569901,90.00741326127736,87.59233603327993,75,34,FALSE,66.9
1995,Narail,Khulna,2180.179300507291,123.28941606724848,77.04435764214172,72,31,FALSE,59.3
1995,Satkhira,Khulna,2282.0720838996203,110.71875406716924,92.27090944851696,61,26,FALSE,52.4
1995,Mymensingh,Mymensingh,1996.472973845084,86.59196281967581,91.9528238346502,98,46,FALSE,30.2
1995,Bogura,Rajshahi,2174.3979861408343,118.9343389510218,85.11586974100747,74,33,FALSE,35.1
1995,Chapai Nawabganj,Rajshahi,2052.4060308233043,129.08257799348698,81.84030941087988,91,43,FALSE,27.4
1995,Joypurhat,Rajshahi,1714.982942024494,82.15656358247088,76.83948120939046,119,57,FALSE,33.5
1995,Naogaon,Rajshahi,1835.1250931156928,28.21588921127328,80.5508664609364,113,53,FALSE,33.9
1995,Natore,Rajshahi,2140.122381243626,124.81232012683569,86.25189197481079,77,35,FALSE,66.5
1995,Pabna,Rajshahi,1591.987580772354,64.43486248148587,83.41456353880059,121,59,FALSE,29.4
1995,Rajshahi,Rajshahi,2015.2205758788748,96.0718878625318,68.62647754709005,97,45,FALSE,42.7
1995,Sirajganj,Rajshahi,1883.100146204748,82.24518218504623,88.53365185177492,109,52,FALSE,22.6
1995,Dinajpur,Rangpur,1820.2672268802287,78.11957116180851,89.98894229042749,115,54,FALSE,11.7
1995,Gaibandha,Rangpur,2255.5418711850325,109.53283112100732,81.79202635556351,66,28,FALSE,44.8
1995,Kurigram,Rangpur,1922.9483048719949,80.64616150455977,75.30504091208945,106,50,FALSE,24.6
1995,Lalmonirhat,Rangpur,1721.1571768443382,72.82788978539021,86.04401950488116,118,56,FALSE,29
1995,Nilphamari,Rangpur,1982.543322678952,81.47631252538045,76.31971513592258,102,48,FALSE,11.3
1995,Panchagarh,Rangpur,1784.89889540916,93.90697817234766,92.8859560383054,116,55,FALSE,22.6
1995,Rangpur,Rangpur,2071.2916814103587,116.70422963257658,75.83448741133371,85,40,FALSE,21.8
1995,Thakurgaon,Rangpur,1905.602483477868,103.3523295293192,85.60848703515353,107,51,FALSE,10.5
1995,Habiganj,Sylhet,3060.424083396406,155.77464798295202,110.96718999973211,16,9,FALSE,59.3
1995,Moulvibazar,Sylhet,3390.155772589971,134.44798649108577,99.48783034263572,9,5,FALSE,59.7
1995,Sunamganj,Sylhet,2970.614000132792,138.60441937006863,112.64238095192913,18,10,FALSE,47.6
1995,Sylhet,Sylhet,3420.7931794832675,156.2891336078204,106.43651176408564,7,4,FALSE,54.8
1995,Barguna,Barishal,2488.0087187780578,142.30413418009329,85.85365827655224,45,25,FALSE,61.7
1995,Barishal,Barishal,2510.9949205954977,107.11497886252712,77.59601077875587,43,23,FALSE,57.7
1995,Bhola,Barishal,2605.005586219725,166.05568985892532,91.11505841298616,34,17,FALSE,41.5
1995,Jhalokati,Barishal,2579.6466880365965,147.28749387007292,91.84309395491012,37,19,FALSE,70.6
1995,Patuakhali,Barishal,2786.191204208228,165.6032786245355,82.6853239948129,27,12,FALSE,59.3
1995,Pirojpur,Barishal,3177.6169195728253,140.20478482277844,77.61579523728523,13,6,FALSE,85.9
1995,Bandarban,Chattogram,2555.678382774013,86.8861364551204,84.04630384667712,41,22,FALSE,64.5
1995,Brahmanbaria,Chattogram,2910.769313871758,170.13906457256226,91.05661689915536,22,10,FALSE,54.8
1995,Chandpur,Chattogram,2736.1674683111446,120.15633939278771,88.17613375161591,31,16,FALSE,53.6
1995,Chattogram,Chattogram,2769.055982932079,143.34906808565262,88.0699194924764,30,15,FALSE,60.9
1995,Cox's Bazar,Chattogram,2772.946446480265,103.74965512466191,90.04789769745378,29,14,FALSE,60.5
1995,Cumilla,Chattogram,3217.337688140223,151.14906071659237,89.37331328191745,11,5,FALSE,81.9
1995,Feni,Chattogram,2773.8063782440486,162.42177635154684,101.24688536594353,28,13,FALSE,81
1995,Khagrachari,Chattogram,3160.890338397061,79.23496044996651,85.55601117886074,14,7,FALSE,92.3
1995,Lakshmipur,Chattogram,3004.0117830103204,236.36775492697384,81.33840444673082,17,8,FALSE,85.1
1995,Noakhali,Chattogram,3692.829941698113,228.606432047292,92.62544418379328,2,1,TRUE,89.9
1995,Rangamati,Chattogram,2884.799433997766,123.2364077018906,93.59009135826838,23,11,FALSE,74.2
1995,Dhaka,Dhaka,2581.0741799196044,123.22625519974456,81.60516922812754,36,18,TRUE,42.7
1995,Faridpur,Dhaka,2122.6389891264025,135.33323865174094,80.29966647780483,79,43,FALSE,37.1
1995,Gazipur,Dhaka,1946.5882657408963,112.65070982494863,88.15157347404441,105,56,FALSE,19.4
1995,Gopalganj,Dhaka,2234.7261352433934,108.32902348021082,85.44865206013154,69,40,FALSE,52.8
1995,Kishoreganj,Dhaka,1984.4667971602607,88.10673311131724,85.68376163073955,101,54,FALSE,33.5
1995,Madaripur,Dhaka,2339.9624805529047,142.0943933218716,79.01028362274268,53,31,FALSE,39.5
1995,Manikganj,Dhaka,2299.8625167242203,114.24119157985756,68.79534739976073,55,32,FALSE,46
1995,Munshiganj,Dhaka,2288.014565948548,104.8988803367532,84.9966911966377,60,35,FALSE,72.6
1995,Narayanganj,Dhaka,2280.033959911936,75.00927787134563,73.11088746736571,62,36,FALSE,50.4
1995,Narsingdi,Dhaka,2252.7654854213383,78.49211400110416,90.48503120798036,67,39,FALSE,62.9
1995,Rajbari,Dhaka,2194.450003469407,93.32531345448712,66.65455843836234,71,41,FALSE,50.4
1995,Shariatpur,Dhaka,2291.1693258111254,125.7665717623153,85.0083288113706,58,34,FALSE,59.7
1995,Tangail,Dhaka,2563.837913512361,151.8980045992413,81.55778221952103,40,21,FALSE,46.8
1995,Bagerhat,Khulna,2295.358556447458,117.72015947532786,77.81606171572648,56,33,FALSE,66.9
1995,Chuadanga,Khulna,2023.110735735169,65.15632599211011,73.53019302509959,95,51,FALSE,40.3
1995,Jashore,Khulna,2499.299029714434,132.5938899853898,82.69435019883606,44,24,FALSE,72.6
1995,Jhenaidah,Khulna,2026.7578270846195,122.5562580916914,77.15853550879183,94,50,FALSE,22.2
1995,Khulna,Khulna,1869.896320515174,68.20430580725863,69.66846966127451,110,58,FALSE,33.1
1995,Kushtia,Khulna,2570.364091138722,140.10060056950567,79.66663742271254,39,20,TRUE,56
1995,Magura,Khulna,2020.617174954468,90.72246172721962,80.06673653797985,96,52,FALSE,45.6
1995,Meherpur,Khulna,2107.0664920026124,116.23936660323996,73.2820443808952,83,45,FALSE,25.8
1995,Narail,Khulna,1847.082631112557,100.25621694189635,68.95858661988997,112,60,FALSE,22.6
1995,Satkhira,Khulna,2166.9832760028444,114.66729991273958,69.02597023436128,76,42,FALSE,33.9
1995,Jamalpur,Mymensingh,2037.6595816738527,73.77105735835804,79.4696966524602,93,49,FALSE,31
1995,Mymensingh,Mymensingh,2265.3017719114887,70.63552882321699,79.93765055355422,64,38,FALSE,36.7
1995,Netrokona,Mymensingh,2417.926308968048,130.67186469439918,90.64469315093292,50,29,FALSE,34.3
1995,Sherpur,Mymensingh,2951.413063835488,170.72756664421004,83.11443772159362,20,9,TRUE,50.4
1995,Bogura,Rajshahi,1473.668187023967,67.89056411715225,65.7020704066384,123,64,FALSE,7.3
1995,Chapai Nawabganj,Rajshahi,1766.2329761504031,65.88993465842641,74.10019746097014,117,62,FALSE,26.6
1995,Joypurhat,Rajshahi,1891.138771139426,93.7196686401186,70.73624449980103,108,57,FALSE,23.4
1995,Naogaon,Rajshahi,2121.350261797588,105.9044025590145,72.78274530882518,80,44,FALSE,52.8
1995,Natore,Rajshahi,2062.115219517835,96.80713927963087,64.73490266297948,89,47,FALSE,58.1
1995,Pabna,Rajshahi,2059.899647474458,128.0944520244108,88.3220835479577,90,48,FALSE,29
1995,Rajshahi,Rajshahi,1834.5524454661245,45.45511105657899,74.19819570610376,114,61,FALSE,36.7
1995,Sirajganj,Rajshahi,1566.3151958138687,79.23126288886034,80.58572193524265,122,63,FALSE,21.8
1995,Dinajpur,Rangpur,2062.616446825299,101.94955342848388,80.42840154824302,88,46,FALSE,16.1
1995,Gaibandha,Rangpur,1960.432487368941,126.2159606110418,78.13144030038954,103,55,FALSE,11.3
1995,Kurigram,Rangpur,2273.5240860888307,128.84618344450428,76.97069272637661,63,37,FALSE,33.5
1995,Lalmonirhat,Rangpur,2405.9321752766773,187.4752603178083,77.68700887999861,51,30,TRUE,35.9
1995,Nilphamari,Rangpur,1847.966237435676,82.88241843340893,74.3998143098605,111,59,FALSE,9.3
1995,Panchagarh,Rangpur,1992.406189344501,89.58555050685197,76.10575025527801,100,53,FALSE,15.3
1995,Rangpur,Rangpur,2471.2048992707355,83.39100034509141,73.79932736293979,47,27,TRUE,34.3
1995,Thakurgaon,Rangpur,2472.466583488896,127.27814755058928,68.64238684395634,46,26,FALSE,33.5
1995,Habiganj,Sylhet,2462.8318284904417,143.94696363020523,96.39163823811155,48,28,FALSE,41.9
1995,Moulvibazar,Sylhet,3521.7978586709205,151.50071174384675,106.4970480402354,4,2,FALSE,49.6
1995,Sunamganj,Sylhet,3407.607749401891,142.2808365217623,98.08460459306708,8,4,FALSE,58.9
1995,Sylhet,Sylhet,3432.7200915541434,213.86608837202627,92.84315427967356,6,3,FALSE,48.4
1996,Barguna,Barishal,2812.9559948652936,133.63370887952732,85.80205590706461,32,15,FALSE,81.9
1996,Barishal,Barishal,2454.372237142656,154.40747669047505,78.72420759663379,50,26,FALSE,58.9
1996,Bhola,Barishal,3518.204060323196,139.22249304100563,87.59253749178153,6,3,TRUE,94.4
1996,Jhalokati,Barishal,2585.4192131728905,112.53991098603647,88.69606201825721,44,23,FALSE,81.9
1996,Patuakhali,Barishal,3175.8918102348525,174.39795870296322,83.17424994450589,16,9,TRUE,92.7
1996,Pirojpur,Barishal,3078.263598119962,116.56032493880282,88.72020800190218,22,12,FALSE,85.1
1996,Bandarban,Chattogram,2597.7664248560827,182.8902553635026,92.27702380782443,43,22,FALSE,63.3
1996,Brahmanbaria,Chattogram,3289.086139964018,70.91079066336117,113.9607101066611,11,5,TRUE,95.6
1996,Chandpur,Chattogram,3276.725896266903,171.01040898509646,104.98305065208888,12,6,FALSE,93.1
1996,Chattogram,Chattogram,3203.46698677772,168.849884402361,100.02554701492518,14,7,FALSE,77.4
1996,Cox's Bazar,Chattogram,3171.3365153015216,189.9475994532812,103.7696586436586,17,10,FALSE,85.1
1996,Cumilla,Chattogram,2887.406305370527,145.84671375528458,88.32268147489744,27,14,FALSE,76.2
1996,Feni,Chattogram,3625.93842479046,193.52103776063743,103.46091451407176,4,2,TRUE,87.1
1996,Khagrachari,Chattogram,3190.250003298778,199.82359822997643,98.41175909982309,15,8,FALSE,91.5
1996,Lakshmipur,Chattogram,2766.93237853196,170.6419851369399,90.78215388557648,34,17,FALSE,63.7
1996,Noakhali,Chattogram,2923.855899548736,172.9186651097683,93.36821308134424,26,13,FALSE,89.9
1996,Rangamati,Chattogram,3332.1591711615406,175.61156418381674,87.8107538397416,10,4,FALSE,89.5
1996,Dhaka,Dhaka,2138.4856445829337,150.40674351464304,81.2036249093193,77,35,FALSE,42.7
1996,Faridpur,Dhaka,2604.3841895132414,157.16762021426663,91.02694537836278,42,21,FALSE,73
1996,Gazipur,Dhaka,1965.713623326346,90.40532376046689,89.27171929185306,94,44,FALSE,43.1
1996,Gopalganj,Dhaka,1948.7131609470955,119.55433258573832,86.9638460478947,96,46,FALSE,43.1
1996,Madaripur,Dhaka,1910.0149933652835,96.46606449973469,87.5183219645993,99,48,FALSE,55.2
1996,Manikganj,Dhaka,2064.359417235763,109.0245108126533,101.47198403540575,81,37,TRUE,52.8
1996,Munshiganj,Dhaka,2383.852665881758,128.20289777506346,87.86650610557268,54,27,FALSE,56.5
1996,Narayanganj,Dhaka,2642.77813314532,122.31259347852264,76.95187642351168,41,20,FALSE,74.2
1996,Narsingdi,Dhaka,1889.776179489847,103.08375441877791,81.34857407143575,101,49,FALSE,53.6
1996,Rajbari,Dhaka,1562.2975197039586,88.61263299952789,84.82150785040645,122,59,FALSE,29.4
1996,Shariatpur,Dhaka,2250.08960382692,132.3341649177464,85.70628297558774,67,31,FALSE,57.7
1996,Tangail,Dhaka,2561.2786718397533,132.25483090297627,87.0482715068873,46,25,FALSE,63.7
1996,Bagerhat,Khulna,2585.063047244126,142.55633630437805,77.95382769146678,45,24,TRUE,79
1996,Chuadanga,Khulna,1966.8341285291008,81.06611482929301,75.23322492053501,93,43,FALSE,52
1996,Jashore,Khulna,2157.5812887849843,110.14930783713764,79.81245299915959,73,33,FALSE,46
1996,Jhenaidah,Khulna,1911.705018261341,81.61103725007317,91.51050832392936,98,47,FALSE,41.9
1996,Khulna,Khulna,1864.857769651092,110.78784476406436,81.86751087131856,106,52,FALSE,21
1996,Kushtia,Khulna,2334.4981764697973,104.42384692012423,79.73376807731717,59,29,FALSE,63.7
1996,Magura,Khulna,2356.6971565285203,144.87107114351204,79.42180795049761,57,28,FALSE,75.4
1996,Meherpur,Khulna,1783.7062150643003,63.98792721743715,83.47162403952493,111,53,FALSE,54
1996,Narail,Khulna,1870.776472468335,125.90600144828004,76.07039090965463,105,51,FALSE,37.9
1996,Satkhira,Khulna,2142.686902425562,93.1347876638902,86.20880308645455,76,34,FALSE,56
1996,Mymensingh,Mymensingh,2750.531540013936,158.1897307545643,84.59001727676977,37,18,TRUE,57.3
1996,Bogura,Rajshahi,2006.535280544649,104.17045351351264,84.7293789601405,89,41,FALSE,57.3
1996,Chapai Nawabganj,Rajshahi,1771.1839717478483,136.99220236588135,81.62424877621612,113,55,TRUE,40.7
1996,Joypurhat,Rajshahi,2063.023178453137,104.33182890056383,85.84590518783565,82,38,FALSE,62.5
1996,Naogaon,Rajshahi,1622.8242146365883,90.02278751997522,86.81437425170296,119,58,FALSE,28.2
1996,Natore,Rajshahi,1754.3184196057398,72.9931871867017,78.85570477649772,114,56,FALSE,23.8
1996,Pabna,Rajshahi,2062.0064767773965,134.6734103852413,74.99980500790508,84,40,TRUE,58.5
1996,Rajshahi,Rajshahi,1994.0355695287733,143.2905691209588,71.40511324478571,91,42,TRUE,40.3
1996,Sirajganj,Rajshahi,1772.6684719931848,78.60492829652266,71.65485892207184,112,54,FALSE,34.7
1996,Dinajpur,Rangpur,2136.509580439897,146.68574773256483,66.00214307565147,78,36,TRUE,35.1
1996,Gaibandha,Rangpur,1748.172223793325,94.8133880598411,84.17919418037172,115,57,FALSE,14.9
1996,Kurigram,Rangpur,1558.5005699055955,108.76922860389976,79.1026975335855,123,60,FALSE,3.6
1996,Lalmonirhat,Rangpur,2333.860051828662,86.84805289348608,86.88723751857957,60,30,FALSE,30.2
1996,Nilphamari,Rangpur,1884.723616685814,85.63644963808802,65.87795610547383,103,50,FALSE,20.6
1996,Panchagarh,Rangpur,2219.468779967033,134.83840405593872,85.87858558894253,70,32,FALSE,37.5
1996,Rangpur,Rangpur,1957.465991252847,68.75526549370744,70.3599368862151,95,45,FALSE,16.9
1996,Thakurgaon,Rangpur,2062.9508613613066,137.17168643296483,85.06093026129865,83,39,FALSE,25
1996,Habiganj,Sylhet,2701.6364374646737,87.8987881072008,101.24718207422492,39,19,FALSE,37.1
1996,Moulvibazar,Sylhet,3141.2153166499384,247.6853416835665,96.21414612160306,19,11,TRUE,64.1
1996,Sunamganj,Sylhet,2807.1545129990263,193.154118748386,109.44416096237286,33,16,FALSE,50
1996,Sylhet,Sylhet,3817.687463841376,193.23908742043665,106.02845588858482,1,1,FALSE,64.9
1996,Barguna,Barishal,2830.574798486881,120.5400773310932,84.46746088293933,29,15,FALSE,71.8
1996,Barishal,Barishal,3025.361499087277,150.50602622073606,90.29608250724684,23,11,FALSE,86.7
1996,Bhola,Barishal,2398.787450113492,142.5931667117763,87.43994363287011,52,26,FALSE,46
1996,Jhalokati,Barishal,1993.66646319102,100.04721635034636,93.91276028655986,92,50,FALSE,52
1996,Patuakhali,Barishal,2884.049389701552,143.26504115571802,91.51298880391572,28,14,FALSE,57.3
1996,Pirojpur,Barishal,3223.304674422933,182.5550148378367,87.7587872636915,13,7,FALSE,82.7
1996,Bandarban,Chattogram,2714.322395042597,149.65727217893254,91.82828249251536,38,20,FALSE,42.7
1996,Brahmanbaria,Chattogram,2983.2449758152097,199.99989098704228,99.10135029320833,24,12,FALSE,66.9
1996,Chandpur,Chattogram,3391.400981470504,160.79125839880317,93.73502981014128,7,4,FALSE,64.9
1996,Chattogram,Chattogram,3535.519068895532,224.168209541942,83.82251257843441,5,3,TRUE,86.3
1996,Cox's Bazar,Chattogram,3776.563675630567,205.179187276174,83.35429499547458,2,1,TRUE,67.3
1996,Cumilla,Chattogram,3107.2329693069178,165.18535060135704,94.43560553885116,20,9,FALSE,52.8
1996,Feni,Chattogram,2766.541609661629,148.32584094996463,83.86115073744811,35,18,FALSE,70.2
1996,Khagrachari,Chattogram,2813.844149314543,107.6610547672296,90.43237362609192,31,17,FALSE,83.9
1996,Lakshmipur,Chattogram,2944.717844033132,169.96676274282032,94.26784291019548,25,13,FALSE,56
1996,Noakhali,Chattogram,3353.9025357943387,148.78087768718305,86.72269653274822,9,6,FALSE,75.8
1996,Rangamati,Chattogram,3381.6896529332525,126.54728537074948,96.00828151544997,8,5,FALSE,81.9
1996,Dhaka,Dhaka,2058.4670916234527,105.20665958752674,74.53403853546618,85,45,FALSE,37.1
1996,Faridpur,Dhaka,2155.007925686194,108.08612599443676,74.86234947862879,74,41,FALSE,27.8
1996,Gazipur,Dhaka,2450.484393603524,132.63935187452705,86.37236095996694,51,25,FALSE,70.6
1996,Gopalganj,Dhaka,1995.6493402679328,73.21572535829155,70.42276776138021,90,49,FALSE,36.3
1996,Kishoreganj,Dhaka,2194.572185569322,112.30344339861692,89.10598937473054,72,40,FALSE,32.7
1996,Madaripur,Dhaka,1928.356209554532,58.499451084509744,93.77724277964194,97,51,FALSE,19.8
1996,Manikganj,Dhaka,1860.8445298687384,105.50379148637326,83.6395894765811,107,55,FALSE,16.5
1996,Munshiganj,Dhaka,2247.2918263152087,117.94283226291958,78.68383460275854,68,37,FALSE,33.1
1996,Narayanganj,Dhaka,2244.431613913265,108.09220053023137,81.55060359839236,69,38,FALSE,42.7
1996,Narsingdi,Dhaka,2040.68154047406,94.1223228579594,83.15519234434943,87,47,FALSE,35.1
1996,Rajbari,Dhaka,2391.586013244033,112.85111015476136,81.84194430334922,53,27,FALSE,51.6
1996,Shariatpur,Dhaka,2306.5594508014133,109.76322130668484,85.47544220721639,61,31,FALSE,66.9
1996,Tangail,Dhaka,2381.544661539533,128.44826326742665,86.8111593201664,55,28,FALSE,52.4
1996,Bagerhat,Khulna,2252.961703925537,149.06270617933376,71.04758716699801,66,36,TRUE,44.4
1996,Chuadanga,Khulna,2511.8216114718466,123.14141690799892,81.37086644144473,48,23,TRUE,64.5
1996,Jashore,Khulna,2207.378324896554,99.30478319247791,76.71274298083283,71,39,FALSE,46.4
1996,Jhenaidah,Khulna,2278.4802061296414,109.25593607334574,79.59237519319666,64,34,FALSE,66.9
1996,Khulna,Khulna,2048.627532545313,110.20398006256696,83.54683611672907,86,46,FALSE,41.1
1996,Kushtia,Khulna,1527.770150691421,87.77270001673362,80.20899849597505,124,64,FALSE,27.8
1996,Magura,Khulna,2671.615027615811,155.68131554683038,86.36303979833006,40,21,TRUE,48.8
1996,Meherpur,Khulna,2125.7336908896323,99.5088601435564,83.16260803472366,79,43,FALSE,37.5
1996,Narail,Khulna,2020.926347947684,134.8939978184549,77.75518617148387,88,48,TRUE,19.4
1996,Satkhira,Khulna,2761.2560384927765,129.62411038704207,83.7897538582573,36,19,TRUE,50
1996,Jamalpur,Mymensingh,2557.3520422515435,140.9890025819302,87.82657472108798,47,22,FALSE,45.2
1996,Mymensingh,Mymensingh,2343.169505839298,93.07830477069685,91.0702470451882,58,30,FALSE,32.3
1996,Netrokona,Mymensingh,2483.666628471621,153.8012425530136,72.8044744959609,49,24,FALSE,43.1
1996,Sherpur,Mymensingh,2306.0740710592527,127.92067560582696,76.39112310814693,62,32,FALSE,44
1996,Bogura,Rajshahi,1629.7118860764472,66.45657209992484,69.60429138829964,118,61,FALSE,25.8
1996,Chapai Nawabganj,Rajshahi,1584.2940436404624,92.03342793191348,70.23367447113382,121,63,FALSE,13.7
1996,Joypurhat,Rajshahi,1889.6659837107577,79.08501296350448,66.47442473598933,102,53,FALSE,49.2
1996,Naogaon,Rajshahi,1741.8574834158353,62.485204819239286,72.23091870095703,116,59,FALSE,27.4
1996,Natore,Rajshahi,1836.5596582387088,78.0758279372574,77.8328094468987,109,57,FALSE,38.7
1996,Pabna,Rajshahi,1874.1068576171288,85.90084164560187,75.34386106853488,104,54,FALSE,44
1996,Rajshahi,Rajshahi,1653.3769858015828,76.25432578119107,74.27519897869414,117,60,FALSE,4.4
1996,Sirajganj,Rajshahi,1836.8771613617173,60.58634655451449,70.4736509853963,108,56,FALSE,23.8
1996,Dinajpur,Rangpur,1829.253534800931,89.34079619433932,88.75532375595223,110,58,FALSE,8.1
1996,Gaibandha,Rangpur,2376.5610782816566,84.81103172688938,69.65440531568336,56,29,TRUE,28.2
1996,Kurigram,Rangpur,2152.385687681681,89.90825172955726,71.13267901605539,75,42,FALSE,26.2
1996,Lalmonirhat,Rangpur,1590.4584952312775,103.42329051504764,82.02537102834464,120,62,FALSE,3.6
1996,Nilphamari,Rangpur,2104.9397823615627,41.15880238727604,83.49781128296564,80,44,FALSE,27
1996,Panchagarh,Rangpur,2293.909430657018,127.78193421623394,77.97833925083062,63,33,FALSE,34.7
1996,Rangpur,Rangpur,2261.6000524546503,122.1144021630438,79.2308365250845,65,35,FALSE,25
1996,Thakurgaon,Rangpur,1894.4607256442507,75.4452923277706,82.52909583037093,100,52,FALSE,15.7
1996,Habiganj,Sylhet,2819.328788860588,155.62419013666567,107.92290704326312,30,16,FALSE,44.8
1996,Moulvibazar,Sylhet,3758.928424230919,179.5144316542666,101.86750923406134,3,2,FALSE,52.8
1996,Sunamganj,Sylhet,3091.1996294858945,219.41147455239528,93.5562143960877,21,10,FALSE,45.2
1996,Sylhet,Sylhet,3155.742539241436,186.6140061081414,99.93577941769928,18,8,FALSE,50
1997,Barguna,Barishal,2392.0544762962363,151.459272556616,79.49497664884248,54,29,FALSE,71.8
1997,Barishal,Barishal,2694.3009432949543,148.79581070227405,94.399975211798,34,18,FALSE,77
1997,Bhola,Barishal,2813.6843220131896,162.4326527080713,88.37153904804086,32,17,FALSE,82.7
1997,Jhalokati,Barishal,2475.1180626697405,143.5483076721648,84.97247734255255,48,27,FALSE,73.4
1997,Patuakhali,Barishal,3087.874073024136,164.10355854034498,104.47506952799183,21,10,TRUE,89.9
1997,Pirojpur,Barishal,3039.850843450324,85.86983342247017,88.00564628120637,27,14,FALSE,62.1
1997,Bandarban,Chattogram,3496.413980371969,220.70087774365487,104.89818768123418,5,4,FALSE,77
1997,Brahmanbaria,Chattogram,2912.3178686781025,151.7425073126326,98.58611717831734,29,15,FALSE,72.6
1997,Chandpur,Chattogram,3482.1987784327093,237.0298091982187,97.55040042092328,6,5,TRUE,73.4
1997,Chattogram,Chattogram,3191.700124922776,200.8810092089412,104.550378925553,17,8,FALSE,93.5
1997,Cox's Bazar,Chattogram,3069.8779426410097,192.9278061570572,106.30938162782115,24,12,FALSE,77.4
1997,Cumilla,Chattogram,3608.6995397931546,210.6392122544641,80.42425084701551,3,2,TRUE,96.8
1997,Feni,Chattogram,3398.179146483893,216.3844967160456,103.17150380462944,7,6,FALSE,87.5
1997,Khagrachari,Chattogram,2900.3361044773774,119.00491170184291,96.19553985185266,30,16,FALSE,80.2
1997,Lakshmipur,Chattogram,3092.253499797743,154.57508468266295,88.53292475777252,20,9,FALSE,87.1
1997,Noakhali,Chattogram,2566.6856310850853,168.8650264872234,91.64528001599732,38,21,FALSE,54
1997,Rangamati,Chattogram,3086.226805005367,184.55428753975625,105.41709708560226,22,11,FALSE,79.8
1997,Dhaka,Dhaka,2616.2008904446416,123.23768571845817,96.28858299006856,36,20,TRUE,75.4
1997,Faridpur,Dhaka,2554.453015708689,102.27452607027983,76.87307667119339,40,22,FALSE,66.1
1997,Gazipur,Dhaka,2179.023444,144.79219600807514,81.35460291638651,67,36,FALSE,70.2
1997,Gopalganj,Dhaka,2020.7257608610248,74.94677761819494,81.67185708354269,89,44,FALSE,40.3
1997,Madaripur,Dhaka,2197.125793277527,136.87586053984546,90.43547008230132,66,35,FALSE,56.9
1997,Manikganj,Dhaka,2033.153238885672,87.10784016546238,82.68511701773467,88,43,FALSE,63.3
1997,Munshiganj,Dhaka,2335.483558585002,159.53959462173142,90.4627313758534,59,32,TRUE,65.3
1997,Narayanganj,Dhaka,2418.153283967848,125.90706542338782,82.25373381222656,50,28,FALSE,71.8
1997,Narsingdi,Dhaka,2637.8631363641275,156.88214896434073,75.7999298171084,35,19,TRUE,82.3
1997,Rajbari,Dhaka,2260.001656915659,81.88166090645377,98.42185497803833,62,34,TRUE,54.8
1997,Shariatpur,Dhaka,2133.5577323809325,113.6495820856322,94.31821125797836,77,39,FALSE,56.9
1997,Tangail,Dhaka,1395.5028481354643,97.19968318480598,89.0731256487254,124,60,FALSE,35.9
1997,Bagerhat,Khulna,1647.5098783981362,63.39472805711807,68.78809909614566,119,58,FALSE,51.2
1997,Chuadanga,Khulna,2479.946750226968,117.80888879974772,87.5713170219896,47,26,FALSE,66.5
1997,Jashore,Khulna,2384.8971181234024,124.82284046463366,93.74945044735902,55,30,FALSE,57.3
1997,Jhenaidah,Khulna,1781.719500898579,83.14139378532562,81.589217220914,108,54,FALSE,54
1997,Khulna,Khulna,2550.3888810803764,120.44493287354396,93.45577628713578,41,23,TRUE,80.2
1997,Kushtia,Khulna,1938.687490716388,111.64539732902712,79.09881002162014,92,46,FALSE,50.4
1997,Magura,Khulna,2377.05714165182,172.80690592716658,95.64980196458993,56,31,TRUE,45.6
1997,Meherpur,Khulna,2528.339581034058,147.1429112048989,78.9895816347295,44,25,TRUE,76.6
1997,Narail,Khulna,1791.4997078943936,66.40249921199856,94.0774593907349,106,53,FALSE,48.4
1997,Satkhira,Khulna,2060.928774735984,134.1112811079966,79.48133783814183,84,41,FALSE,57.7
1997,Mymensingh,Mymensingh,2317.978851812793,101.96257353270988,82.09681671184543,60,33,FALSE,56.9
1997,Bogura,Rajshahi,1865.197558268667,84.66294729642209,84.50850518416672,101,51,FALSE,41.1
1997,Chapai Nawabganj,Rajshahi,1933.0425470877608,109.35062376703422,63.95025082294151,93,47,FALSE,39.5
1997,Joypurhat,Rajshahi,2047.4935093939705,118.50719191029536,81.56488936164288,86,42,FALSE,54.8
1997,Naogaon,Rajshahi,1631.7491477541623,87.81303382798147,70.75903666679866,120,59,FALSE,23.4
1997,Natore,Rajshahi,1888.106333219485,121.6942415231552,78.34757230068043,100,50,FALSE,43.5
1997,Pabna,Rajshahi,1675.4898498782445,128.2826657739903,74.93625947054711,117,56,FALSE,46
1997,Rajshahi,Rajshahi,1760.049072287638,117.7716749875166,79.2133602470189,109,55,FALSE,26.6
1997,Sirajganj,Rajshahi,1650.3775447108142,86.04936340314649,79.61713158987102,118,57,FALSE,25
1997,Dinajpur,Rangpur,2013.3811541956752,114.33092013704336,76.20289905863636,90,45,FALSE,19
1997,Gaibandha,Rangpur,1891.138344917928,141.738748361035,73.1704627452883,98,48,FALSE,30.6
1997,Kurigram,Rangpur,2178.6546687033906,148.88355726854232,88.85213087042573,68,37,TRUE,35.1
1997,Lalmonirhat,Rangpur,1859.3853044041305,87.23913881254249,86.1769551740603,102,52,FALSE,24.2
1997,Nilphamari,Rangpur,2536.210528708179,148.79594417626294,80.26851428252752,43,24,TRUE,41.1
1997,Panchagarh,Rangpur,1889.72694824816,70.09763209630763,82.0360427547909,99,49,FALSE,14.1
1997,Rangpur,Rangpur,2126.191565095837,95.28631408248827,74.96528621566036,79,40,FALSE,22.6
1997,Thakurgaon,Rangpur,2154.4994078677832,122.7579060232152,86.48592720953879,73,38,FALSE,21.4
1997,Habiganj,Sylhet,3538.3640297551265,185.6398927447187,103.05940099865512,4,3,FALSE,55.6
1997,Moulvibazar,Sylhet,3614.772081332179,187.4169552045425,96.36054114996038,2,1,FALSE,56
1997,Sunamganj,Sylhet,3283.224397667658,154.89015076516657,103.81706767975882,11,7,FALSE,70.6
1997,Sylhet,Sylhet,3069.402148991553,90.27617546849478,104.32931240531492,25,13,FALSE,52
1997,Barguna,Barishal,2550.177872134436,144.57175658468836,97.99939902206955,42,19,FALSE,54
1997,Barishal,Barishal,2779.139905446773,123.42717337368832,89.58851329109673,33,16,FALSE,60.1
1997,Bhola,Barishal,2509.9363753518564,77.6514924396917,86.25476027484162,45,20,FALSE,81.5
1997,Jhalokati,Barishal,2833.764892568774,92.88353227411916,82.46226957594965,31,15,FALSE,73.8
1997,Patuakhali,Barishal,2166.1815523729706,96.76324152473154,82.1868843444099,69,32,FALSE,53.6
1997,Pirojpur,Barishal,3124.4654288476663,128.90921747155255,86.11391737548212,19,11,FALSE,66.5
1997,Bandarban,Chattogram,3209.608986950941,186.50391554253508,85.92682395099087,15,8,FALSE,76.6
1997,Brahmanbaria,Chattogram,3304.480568658588,153.11287516209757,81.66677047903967,10,4,FALSE,61.7
1997,Chandpur,Chattogram,2417.4237438244745,127.39961789492313,80.41647014748132,51,23,FALSE,53.2
1997,Chattogram,Chattogram,3259.6636974373096,125.55366329739664,96.80266586252915,13,6,FALSE,88.7
1997,Cox's Bazar,Chattogram,3326.859454537407,235.82252856869667,82.37410012657224,9,3,TRUE,55.6
1997,Cumilla,Chattogram,3242.1891775958343,181.9668558354525,85.789901228541,14,7,FALSE,66.5
1997,Feni,Chattogram,3144.2098921160123,98.4195442938288,84.9192969365258,18,10,FALSE,64.1
1997,Khagrachari,Chattogram,2413.878480894072,95.31658032013496,100.87459009907776,53,25,FALSE,74.6
1997,Lakshmipur,Chattogram,3073.295645586989,96.56597787422842,95.50948500342837,23,12,FALSE,71
1997,Noakhali,Chattogram,3275.740359839342,168.3422755952106,82.428021106854,12,5,FALSE,62.5
1997,Rangamati,Chattogram,2954.529908179025,157.73311351215696,98.06674488959013,28,14,FALSE,75.4
1997,Dhaka,Dhaka,2043.8416406211109,96.2303237096914,78.06976032662361,87,45,FALSE,53.2
1997,Faridpur,Dhaka,2614.579016438493,108.58447713144912,75.73164590326215,37,17,FALSE,38.7
1997,Gazipur,Dhaka,2136.206789839254,90.70897637148404,76.34291342224685,76,38,FALSE,29.8
1997,Gopalganj,Dhaka,1913.132382394793,54.46897202843444,84.01147162718578,96,49,FALSE,56
1997,Kishoreganj,Dhaka,2342.25301910421,112.37678744917076,80.37391278063667,58,27,FALSE,57.3
1997,Madaripur,Dhaka,2142.4817578677,101.19341343991324,83.52444018685459,75,37,FALSE,45.2
1997,Manikganj,Dhaka,2066.40230149246,81.43250248059036,81.30392541636097,83,43,FALSE,43.1
1997,Munshiganj,Dhaka,2415.895012301504,100.11266416382298,82.10939742331635,52,24,FALSE,43.5
1997,Narayanganj,Dhaka,2059.670183119566,86.95299879305627,82.85507153058609,85,44,FALSE,25.8
1997,Narsingdi,Dhaka,2371.229210894936,166.2280177667103,80.6183166350357,57,26,TRUE,37.9
1997,Rajbari,Dhaka,1793.745777209499,80.197428801362,86.44558807773096,105,53,FALSE,16.5
1997,Shariatpur,Dhaka,2165.522925940531,87.17249078437497,88.32248401572183,70,33,FALSE,37.9
1997,Tangail,Dhaka,2472.891405983027,110.408784750675,89.58436439380594,49,22,FALSE,49.2
1997,Bagerhat,Khulna,1711.9932000124766,81.67265007722817,78.14630487739993,114,59,FALSE,32.7
1997,Chuadanga,Khulna,1905.38986531194,102.25873087089876,75.19505936200704,97,50,FALSE,44
1997,Jashore,Khulna,1790.2696687329076,86.9487625271245,86.21728270938151,107,54,FALSE,13.3
1997,Jhenaidah,Khulna,2095.0698762358784,110.81209383429676,72.56445905221004,80,40,FALSE,36.3
1997,Khulna,Khulna,2257.867572276089,111.3234316704781,72.51603967016553,63,29,FALSE,59.7
1997,Kushtia,Khulna,1929.253483419911,89.04552644108254,77.17185038098096,94,47,FALSE,46.8
1997,Magura,Khulna,1853.7960645673256,93.84529933459729,80.28101949155757,103,51,FALSE,21.4
1997,Meherpur,Khulna,2149.222491416311,72.57102211559524,90.96862163768552,74,36,FALSE,39.9
1997,Narail,Khulna,1620.2710723533,81.56492516128178,83.32062513473944,121,62,FALSE,25.8
1997,Satkhira,Khulna,1598.3317142752423,77.19529415905414,78.04437263828336,122,63,FALSE,18.5
1997,Jamalpur,Mymensingh,2126.809629289803,115.52665173568909,88.5244571513661,78,39,FALSE,35.5
1997,Mymensingh,Mymensingh,2561.763104142219,139.03186275251556,79.84463614093718,39,18,FALSE,62.1
1997,Netrokona,Mymensingh,2163.8811056279287,106.43000156134713,85.80805890123001,71,34,FALSE,29.4
1997,Sherpur,Mymensingh,2493.162615169136,142.5636687792882,86.35285443285835,46,21,FALSE,42.7
1997,Bogura,Rajshahi,1738.639701561226,83.8108734092395,80.9193966470056,111,56,FALSE,16.9
1997,Chapai Nawabganj,Rajshahi,1966.7515820622104,85.28943798502351,75.77944915601518,91,46,FALSE,28.2
1997,Joypurhat,Rajshahi,1710.68129996374,83.87880800714328,81.61903841012187,115,60,FALSE,53.6
1997,Naogaon,Rajshahi,2156.24982034916,110.20871797264418,83.46318240340415,72,35,FALSE,28.6
1997,Natore,Rajshahi,1844.9301726611973,115.83532768652697,82.0519996311012,104,52,FALSE,17.7
1997,Pabna,Rajshahi,1554.0981085352528,64.32334875808844,83.81708561902735,123,64,FALSE,28.6
1997,Rajshahi,Rajshahi,2217.6977615962446,90.89509980315968,78.58841259483678,65,31,FALSE,40.3
1997,Sirajganj,Rajshahi,1676.8229996028608,87.25112817727056,79.64446045289084,116,61,FALSE,30.6
1997,Dinajpur,Rangpur,2249.603920642175,113.34753462069098,74.69404817537458,64,30,FALSE,26.6
1997,Gaibandha,Rangpur,2085.7118828904127,107.75816108095664,86.85241820367864,82,42,FALSE,20.2
1997,Kurigram,Rangpur,2091.1671999874907,108.1080696458879,72.51701318278654,81,41,FALSE,23.4
1997,Lalmonirhat,Rangpur,2284.5543840664723,108.41407483792212,74.84784890191266,61,28,FALSE,31
1997,Nilphamari,Rangpur,1758.459896406816,70.82552011321134,74.89447967333037,110,55,FALSE,6.9
1997,Panchagarh,Rangpur,1928.05041119815,116.2791651024119,75.86762320989232,95,48,FALSE,16.5
1997,Rangpur,Rangpur,1733.9062786372217,92.28724248552538,69.41136403708984,113,58,FALSE,6
1997,Thakurgaon,Rangpur,1734.2488874219382,99.2871543173352,86.75687598146358,112,57,FALSE,19
1997,Habiganj,Sylhet,3396.826626956867,170.13196657950886,87.56971125724452,8,2,FALSE,60.1
1997,Moulvibazar,Sylhet,3698.867537608914,170.61537092055764,90.40327744893312,1,1,FALSE,63.3
1997,Sunamganj,Sylhet,3064.6531413977823,160.07513375674446,86.54166984418833,26,13,FALSE,42.3
1997,Sylhet,Sylhet,3202.025444343932,119.14638260245954,100.0867659297468,16,9,FALSE,45.6
1998,Barguna,Barishal,2892.2071867027,161.27905640960915,86.87246067539816,26,14,FALSE,89.1
1998,Barishal,Barishal,3497.081565622132,173.08169388412384,90.03469001133232,7,4,TRUE,87.1
1998,Bhola,Barishal,2719.338374235872,132.06889659913017,93.12996332151371,32,17,FALSE,87.1
1998,Jhalokati,Barishal,2802.024488893147,114.99000612276936,83.00861718608051,28,15,FALSE,87.9
1998,Patuakhali,Barishal,2915.0506597971653,125.82184837513964,95.61289015653873,24,13,FALSE,89.1
1998,Pirojpur,Barishal,2610.2100325140736,122.16432940420898,92.05281143798764,39,20,FALSE,77.4
1998,Bandarban,Chattogram,2487.583704619175,132.99824331853722,99.09751986497882,45,23,FALSE,78.2
1998,Brahmanbaria,Chattogram,3064.739233589211,154.51189395235818,96.30642733799873,18,12,FALSE,87.9
1998,Chandpur,Chattogram,2646.371453520881,76.86297544924477,89.87537208271739,34,18,FALSE,80.6
1998,Chattogram,Chattogram,3082.036277016802,169.55212937461485,87.01857898,16,10,FALSE,81.9
1998,Cox's Bazar,Chattogram,3089.7230631308603,217.7152148818176,83.11302400678747,14,9,FALSE,80.6
1998,Cumilla,Chattogram,3366.1347196974784,161.73557531613696,101.5814130345909,9,6,FALSE,80.2
1998,Feni,Chattogram,2775.4508568990614,101.74854793246888,96.65895815111286,29,16,FALSE,88.7
1998,Khagrachari,Chattogram,2596.3033073676,96.83187633400216,99.82721092707727,40,21,FALSE,73.4
1998,Lakshmipur,Chattogram,3156.087035473951,151.6269262622322,95.02554196018784,12,7,FALSE,92.3
1998,Noakhali,Chattogram,3079.9452525332194,151.53118789614183,89.7067391086303,17,11,FALSE,66.1
1998,Rangamati,Chattogram,3705.9508957772055,120.9913021940802,99.64492217100056,3,2,TRUE,83.1
1998,Dhaka,Dhaka,2157.7894301088927,69.16529000201754,86.02483102223307,69,33,FALSE,58.1
1998,Faridpur,Dhaka,1610.0115457249233,105.51549386536584,94.08504877072038,121,59,FALSE,28.2
1998,Gazipur,Dhaka,2016.7418275556936,106.84936210745826,84.32257662988202,86,40,FALSE,52
1998,Gopalganj,Dhaka,1553.2651629383186,77.3977947102088,92.15872289216904,124,60,FALSE,42.3
1998,Madaripur,Dhaka,1902.5716395413467,68.91040378971036,86.84268510922472,99,46,FALSE,36.3
1998,Manikganj,Dhaka,2091.0117356567525,129.59165649065673,83.70686640443618,79,37,FALSE,56
1998,Munshiganj,Dhaka,2280.2752770107104,80.87063363462278,79.36006755089693,57,28,FALSE,68.1
1998,Narayanganj,Dhaka,2344.1626292415945,102.08174068178464,86.46951575348687,52,25,FALSE,46
1998,Narsingdi,Dhaka,2630.180482952038,137.31303191068116,94.74942004218096,37,19,TRUE,60.9
1998,Rajbari,Dhaka,2160.193269798592,89.39018367552652,86.30605148592021,68,32,FALSE,71
1998,Shariatpur,Dhaka,2391.45158956804,143.37654709379663,85.15064294377328,50,24,FALSE,69
1998,Tangail,Dhaka,2183.143935000137,117.44813562375612,82.2680869169994,66,31,FALSE,66.9
1998,Bagerhat,Khulna,2183.7563256109447,129.39503005847826,85.95314802047011,65,30,FALSE,68.5
1998,Chuadanga,Khulna,1775.080753545945,106.65204339126753,76.8811417138221,111,54,FALSE,46
1998,Jashore,Khulna,1990.4367772702008,121.35998899556569,73.44730274697685,88,41,FALSE,37.9
1998,Jhenaidah,Khulna,2333.061245518938,150.76877943707024,89.32646867525412,53,26,FALSE,76.2
1998,Khulna,Khulna,1847.7506347903309,117.08288251419256,79.76226342588609,104,50,FALSE,24.6
1998,Kushtia,Khulna,2074.7615022657374,112.79271941093468,81.00832093209026,80,38,FALSE,52.8
1998,Magura,Khulna,1820.325488703984,74.55749940947871,77.86102581833917,109,53,FALSE,50
1998,Meherpur,Khulna,1985.9941252681213,86.50478538864485,70.06085559445705,89,42,FALSE,55.6
1998,Narail,Khulna,2135.358983276537,95.61636444453184,89.896116771804,72,34,FALSE,48.4
1998,Satkhira,Khulna,1906.2271420059524,101.48665084183838,76.22540036654762,98,45,FALSE,40.7
1998,Mymensingh,Mymensingh,2539.646019711434,148.92889629017716,98.15372761310472,43,22,FALSE,50.8
1998,Bogura,Rajshahi,1648.3881557351144,69.03173566033702,70.08755129396953,118,57,FALSE,29
1998,Chapai Nawabganj,Rajshahi,1841.2482358554264,121.69997083893628,79.99899381504493,106,51,FALSE,23.4
1998,Joypurhat,Rajshahi,1870.6438106157311,117.53305252506392,83.68080773438295,103,49,FALSE,37.1
1998,Naogaon,Rajshahi,2132.376379341266,112.34205645605672,67.47258473434992,73,35,FALSE,34.3
1998,Natore,Rajshahi,1828.3231426524023,111.2169027951882,75.34853443712612,107,52,FALSE,16.1
1998,Pabna,Rajshahi,2044.916975978644,113.44578963752691,75.33058945079156,84,39,FALSE,48
1998,Rajshahi,Rajshahi,1979.06009035494,94.10228129209032,71.7306027231733,90,43,FALSE,36.3
1998,Sirajganj,Rajshahi,1764.412894626816,87.26902866810784,84.95311939727628,113,55,FALSE,37.1
1998,Dinajpur,Rangpur,2118.059482389837,165.69701289372966,88.36441653329686,75,36,TRUE,40.3
1998,Gaibandha,Rangpur,2293.441543750381,167.21431079641096,71.51940385839917,56,27,TRUE,32.3
1998,Kurigram,Rangpur,2262.480732767824,74.9300284464897,78.45098148032704,60,29,FALSE,30.2
1998,Lalmonirhat,Rangpur,1976.3286962859315,101.00664545615186,84.86059433103266,92,44,FALSE,26.2
1998,Nilphamari,Rangpur,1898.3351128748184,100.59364597249916,81.60232738852399,100,47,FALSE,14.9
1998,Panchagarh,Rangpur,1745.21568757641,76.92375956982221,97.99742050946897,116,56,TRUE,11.7
1998,Rangpur,Rangpur,1890.038004810407,90.9251004813405,95.91876943934264,101,48,TRUE,27
1998,Thakurgaon,Rangpur,1624.8435437203216,102.45145599033472,72.05856535495064,120,58,FALSE,14.1
1998,Habiganj,Sylhet,3939.9848933178646,328.0767542607435,100.49279929558136,2,1,TRUE,64.9
1998,Moulvibazar,Sylhet,3109.673417537933,100.61922356622006,95.78107473230462,13,8,FALSE,48.8
1998,Sunamganj,Sylhet,3387.699451357213,256.9114453990008,96.4669770933385,8,5,TRUE,58.9
1998,Sylhet,Sylhet,3504.2924651338594,173.4912045261737,99.50581995779535,5,3,FALSE,82.7
1998,Barguna,Barishal,2200.477531108787,65.97603393894482,86.13719115103011,62,33,FALSE,50
1998,Barishal,Barishal,2548.688315010849,88.69708556596214,92.59754494650636,42,21,FALSE,60.9
1998,Bhola,Barishal,2941.495137219698,211.5057664357759,92.33438253873987,22,10,TRUE,86.7
1998,Jhalokati,Barishal,2823.130103036068,175.4481286733143,86.17079946912344,27,13,FALSE,79.4
1998,Patuakhali,Barishal,2508.961555718883,144.0399082163358,85.3110984254649,44,22,FALSE,69.8
1998,Pirojpur,Barishal,2349.655527812487,109.76708895576886,93.6863265758947,51,27,FALSE,71.4
1998,Bandarban,Chattogram,2725.9397640290563,138.95942383891267,84.5730095582702,31,15,FALSE,47.2
1998,Brahmanbaria,Chattogram,3500.1436059226235,165.41702896181246,90.69969612374987,6,3,FALSE,71.8
1998,Chandpur,Chattogram,2562.158387573501,179.0250780772023,97.62817633304832,41,20,FALSE,63.3
1998,Chattogram,Chattogram,2640.804862001788,107.81078399374115,98.265968801061,35,17,FALSE,69
1998,Cox's Bazar,Chattogram,3598.7280561189705,193.9575575176124,86.9502436087418,4,2,FALSE,85.5
1998,Cumilla,Chattogram,2987.4408679591584,145.35403149464963,94.1631597994112,19,7,FALSE,88.3
1998,Feni,Chattogram,2903.744080914936,110.06708912349188,94.4938723761131,25,12,FALSE,72.2
1998,Khagrachari,Chattogram,2966.921208227109,111.58434299898136,104.73506101085496,21,9,FALSE,88.3
1998,Lakshmipur,Chattogram,3204.390453965793,194.12576529904504,94.36571904125826,11,5,FALSE,76.6
1998,Noakhali,Chattogram,2976.3478836498,146.5653225694873,103.99525306073885,20,8,FALSE,56
1998,Rangamati,Chattogram,2634.253020136407,153.3176928113227,91.77186836980488,36,18,FALSE,64.5
1998,Dhaka,Dhaka,2196.4995215681374,86.59236058431662,86.85526947261914,64,35,FALSE,31.9
1998,Faridpur,Dhaka,2033.8787456007287,74.78389518670878,91.77209096081822,85,46,FALSE,47.2
1998,Gazipur,Dhaka,2179.962355552333,116.43510240384288,83.58014479598012,67,36,FALSE,51.2
1998,Gopalganj,Dhaka,2198.430362999628,128.35515392647704,82.4109761512854,63,34,FALSE,43.1
1998,Kishoreganj,Dhaka,2414.617050736888,140.3739949171034,89.75287284292598,49,26,FALSE,50.4
1998,Madaripur,Dhaka,2423.731906973534,107.05436142771734,80.91726971728153,48,25,FALSE,52.8
1998,Manikganj,Dhaka,1943.7200279527588,106.9832544699563,78.73845428976536,96,52,FALSE,24.2
1998,Munshiganj,Dhaka,2324.543554694062,123.98329869760738,88.1452396655474,54,28,FALSE,43.5
1998,Narayanganj,Dhaka,2306.1545164857625,76.04351713821109,88.09493382395387,55,29,FALSE,51.6
1998,Narsingdi,Dhaka,1841.385800716223,78.61004806715124,81.72123816275722,105,55,FALSE,50.4
1998,Rajbari,Dhaka,2276.3338623633235,82.93636212886415,84.71857989460116,58,30,FALSE,46
1998,Shariatpur,Dhaka,1635.1147180363505,95.61205246873456,78.70803088427647,119,62,FALSE,21
1998,Tangail,Dhaka,2739.576626882569,118.0980029644247,92.3357828189915,30,14,TRUE,59.3
1998,Bagerhat,Khulna,2110.940371474056,118.7067715343046,84.09264079883337,78,42,FALSE,66.5
1998,Chuadanga,Khulna,2136.341771508416,113.1930393453309,75.17640841548847,71,38,FALSE,54.8
1998,Jashore,Khulna,2468.280744430684,151.1173839422386,77.11341230501714,47,24,FALSE,61.7
1998,Jhenaidah,Khulna,2246.2912908500643,77.37633981905793,81.07707055869426,61,32,FALSE,50
1998,Khulna,Khulna,1958.6181281325296,79.60614769292863,78.8044927451736,95,51,FALSE,26.6
1998,Kushtia,Khulna,2009.1026792152577,142.29791829122394,82.45717451409023,87,47,FALSE,25.8
1998,Magura,Khulna,2057.934352823037,111.11441174379893,82.03436037010849,82,44,FALSE,46.4
1998,Meherpur,Khulna,2267.425912881408,94.41353645806764,81.72005941330404,59,31,FALSE,36.3
1998,Narail,Khulna,2140.2218653922378,131.886027308048,76.63445267557721,70,37,FALSE,57.3
1998,Satkhira,Khulna,2072.491239478466,109.10149875250028,78.97129829247716,81,43,FALSE,28.6
1998,Jamalpur,Mymensingh,2621.017650298153,149.61565136778842,86.0766892452495,38,19,TRUE,56.5
1998,Mymensingh,Mymensingh,1977.7290954257503,117.06483429459264,89.97149390825787,91,48,FALSE,19.8
1998,Netrokona,Mymensingh,2117.5698586263647,106.6016942300369,77.44452436682319,76,40,FALSE,25.4
1998,Sherpur,Mymensingh,2481.6835737110414,138.77113282951214,81.84375573435386,46,23,FALSE,38.3
1998,Bogura,Rajshahi,1791.801382284961,96.1437616009062,64.12659319627866,110,57,FALSE,9.3
1998,Chapai Nawabganj,Rajshahi,1878.46244147484,49.20183214697905,64.7979091087515,102,54,FALSE,34.3
1998,Joypurhat,Rajshahi,1576.2144610244495,85.90096464360309,71.53068628823536,123,64,FALSE,14.9
1998,Naogaon,Rajshahi,1752.4835177400612,82.56694452257837,75.08864343516488,115,60,FALSE,24.6
1998,Natore,Rajshahi,1701.7676567549152,101.38344058384936,59.500324617137366,117,61,FALSE,20.2
1998,Pabna,Rajshahi,1770.1125177002427,103.62950265833136,77.8232950549522,112,58,FALSE,43.5
1998,Rajshahi,Rajshahi,2126.6776723990592,114.96938851304036,74.36645437087415,74,39,FALSE,30.6
1998,Sirajganj,Rajshahi,1580.2420212812094,113.72442508365384,80.38087606732478,122,63,FALSE,20.6
1998,Dinajpur,Rangpur,1961.2666662333568,109.90243597204288,86.07166760545933,94,50,FALSE,17.7
1998,Gaibandha,Rangpur,1907.0470533197604,95.3865817363208,78.53024451076574,97,53,FALSE,11.7
1998,Kurigram,Rangpur,1826.238456879192,89.4494033368853,86.50566487832188,108,56,FALSE,8.5
1998,Lalmonirhat,Rangpur,1755.431665039027,105.7055078641084,71.48806112843894,114,59,FALSE,5.2
1998,Nilphamari,Rangpur,2051.5063810077195,62.642228592805104,71.11643435177956,83,45,FALSE,28.2
1998,Panchagarh,Rangpur,1973.8838100981964,97.59173331393951,75.55968089522673,93,49,FALSE,21.4
1998,Rangpur,Rangpur,2115.2141856897474,84.98244692781543,87.45613577417083,77,41,FALSE,27
1998,Thakurgaon,Rangpur,2659.0019653097715,108.96609598984428,94.7693225583712,33,16,TRUE,39.5
1998,Habiganj,Sylhet,3086.226226068228,169.88080586802707,87.90179416057248,15,6,FALSE,45.6
1998,Moulvibazar,Sylhet,3260.308173941251,170.23889772269217,104.68851148426876,10,4,FALSE,48.4
1998,Sunamganj,Sylhet,2917.783979878001,149.8380796273329,103.24668425305344,23,11,FALSE,48
1998,Sylhet,Sylhet,4064.46025668316,226.41105157923988,93.7961101846763,1,1,TRUE,52.8
1999,Barguna,Barishal,2420.914602658439,125.291454578564,96.0573702178723,49,24,FALSE,78.2
1999,Barishal,Barishal,2739.047657204137,160.9589675156151,99.64365735446748,34,17,FALSE,65.7
1999,Bhola,Barishal,2693.0239396178727,139.57668743362368,98.76344672669389,37,18,FALSE,85.1
1999,Jhalokati,Barishal,3053.7873357923013,156.14101615383785,88.84786610738142,17,7,FALSE,88.7
1999,Patuakhali,Barishal,2863.763145841373,127.35028185478204,92.6530427483334,26,12,FALSE,75.8
1999,Pirojpur,Barishal,2463.444641711985,144.89051089629712,94.77577281612676,46,22,FALSE,79.8
1999,Bandarban,Chattogram,3496.6914023747045,115.14101967261205,102.80961783343548,5,2,FALSE,77
1999,Brahmanbaria,Chattogram,2558.676259753058,134.16487275836218,98.2840103530136,41,19,FALSE,76.6
1999,Chandpur,Chattogram,2811.9777952427457,140.65093483555833,100.4242502264991,28,14,FALSE,76.6
1999,Chattogram,Chattogram,2935.1460231337783,186.538847028676,93.2500926934174,22,10,FALSE,88.3
1999,Cox's Bazar,Chattogram,3492.5424888105954,223.58529226776184,100.61749387102353,6,3,TRUE,83.5
1999,Cumilla,Chattogram,2842.015679334504,194.6326301109614,95.45535474084689,27,13,FALSE,60.1
1999,Feni,Chattogram,2895.9137131416715,175.59776038261143,102.70728410337304,23,11,FALSE,79.4
1999,Khagrachari,Chattogram,2944.2990556975674,141.45408036066647,107.10550586146088,20,9,FALSE,91.1
1999,Lakshmipur,Chattogram,3399.9830370366944,166.22270463493865,101.47707520455292,8,4,FALSE,92.7
1999,Noakhali,Chattogram,2997.2123754767904,188.02773801303192,101.02379770506188,19,8,FALSE,85.1
1999,Rangamati,Chattogram,2359.1950081045625,117.441864306825,87.74997746026378,56,30,FALSE,67.3
1999,Dhaka,Dhaka,2518.6603411920937,174.97868571760876,81.96678333556562,42,20,TRUE,75
1999,Faridpur,Dhaka,2098.789527111681,107.4667920550562,86.75733422785751,83,41,FALSE,50.8
1999,Gazipur,Dhaka,2321.383514654964,131.7900204806638,81.52393735096622,58,31,FALSE,46.8
1999,Gopalganj,Dhaka,2064.5456959225685,108.4222996496062,82.80413029875699,90,44,FALSE,48.8
1999,Madaripur,Dhaka,2450.9681780289925,147.5591217610939,85.21922853615916,47,23,FALSE,50.8
1999,Manikganj,Dhaka,2416.1563598043813,110.44025692448434,82.25197424800699,50,25,FALSE,77.4
1999,Munshiganj,Dhaka,2197.0235388148967,124.87502094294663,97.31595221598648,72,37,FALSE,61.7
1999,Narayanganj,Dhaka,2387.257994607552,117.25120468499205,83.5870795894992,52,27,FALSE,62.1
1999,Narsingdi,Dhaka,1690.524759786062,73.76921116120687,97.65965562929092,120,59,TRUE,19.4
1999,Rajbari,Dhaka,2482.8150251749453,152.44190106179025,89.97079318583725,44,21,FALSE,60.9
1999,Shariatpur,Dhaka,1903.7574858143416,125.56591207383728,68.32995718976906,109,56,FALSE,38.3
1999,Tangail,Dhaka,1843.172051979037,99.6174641822478,90.06942755871216,113,58,FALSE,35.5
1999,Bagerhat,Khulna,2119.681253901789,116.54036100850055,84.95814233544918,79,39,FALSE,48.4
1999,Chuadanga,Khulna,2013.942525418663,124.50968418537065,77.38073854894053,97,47,FALSE,52
1999,Jashore,Khulna,2376.5718827809974,92.94470043325396,72.43488840053344,54,28,FALSE,78.6
1999,Jhenaidah,Khulna,1926.60897410176,95.97475101071178,77.82427046534693,106,54,FALSE,42.7
1999,Khulna,Khulna,1993.00693216242,112.35379774525242,81.2509317880238,100,48,FALSE,43.5
1999,Kushtia,Khulna,2124.2000055352564,115.18011362600367,84.23140754995748,78,38,FALSE,68.1
1999,Magura,Khulna,1957.171200071854,146.39363430994126,96.63913923353064,102,50,FALSE,45.6
1999,Meherpur,Khulna,1941.2790980173816,103.0056941790221,69.3128949744591,105,53,FALSE,47.2
1999,Narail,Khulna,2300.002772171186,97.52558224852224,80.06941993780814,59,32,FALSE,71
1999,Satkhira,Khulna,2079.305622515638,149.62920475240333,84.91394515798852,86,43,TRUE,64.1
1999,Mymensingh,Mymensingh,2774.6681821811653,116.78541668804058,81.9972238381048,29,15,TRUE,47.6
1999,Bogura,Rajshahi,2104.7235276431816,113.56273163436256,76.49426991150023,81,40,FALSE,59.7
1999,Chapai Nawabganj,Rajshahi,1949.3522600756748,84.13000618161325,72.02865333297078,104,52,FALSE,31
1999,Joypurhat,Rajshahi,2056.943218303748,109.03090830876027,79.24790195051995,91,45,FALSE,41.1
1999,Naogaon,Rajshahi,1887.443460001405,116.0519078973826,69.42322051893002,110,57,FALSE,43.1
1999,Natore,Rajshahi,1958.772371515713,123.1405338118105,82.83919259093048,101,49,FALSE,34.7
1999,Pabna,Rajshahi,1352.5228109098084,73.67005159981977,82.2102596516845,124,60,FALSE,34.7
1999,Rajshahi,Rajshahi,2250.565356471625,126.54096613921776,80.63820036044153,67,35,TRUE,52.8
1999,Sirajganj,Rajshahi,2040.5077671215888,119.255319263586,83.65270952985482,92,46,FALSE,59.3
1999,Dinajpur,Rangpur,1953.635293231867,88.69065352878624,77.02300781473653,103,51,FALSE,16.1
1999,Gaibandha,Rangpur,2360.3078487875364,74.00171539624205,71.6562571432373,55,29,FALSE,35.1
1999,Kurigram,Rangpur,2295.753853588465,109.69511784977936,87.59338261908334,60,33,FALSE,38.7
1999,Lalmonirhat,Rangpur,2284.0621081821846,86.50179064268536,82.22841770872618,63,34,FALSE,27.8
1999,Nilphamari,Rangpur,2406.4211459309013,85.76798618760716,86.76739503076259,51,26,FALSE,39.1
1999,Panchagarh,Rangpur,2087.4043424811784,80.47780606331148,70.11384576784789,85,42,FALSE,20.6
1999,Rangpur,Rangpur,2247.4865481160373,145.75935564210053,75.60590434932867,68,36,TRUE,25.4
1999,Thakurgaon,Rangpur,1914.9836080682016,78.5946007851947,84.37096342145857,108,55,FALSE,18.1
1999,Habiganj,Sylhet,3335.830573576135,163.9342046611081,97.2143419597368,10,5,FALSE,52
1999,Moulvibazar,Sylhet,3794.638763667811,223.1364707590239,107.73163164262547,2,1,TRUE,67.7
1999,Sunamganj,Sylhet,3162.930639633511,126.71789147366192,101.62775573543723,15,6,FALSE,60.1
1999,Sylhet,Sylhet,2758.9395823947893,165.7390335735726,98.88788792180796,31,16,FALSE,48
1999,Barguna,Barishal,2762.375160320124,141.78160317121797,77.67569892031541,30,15,FALSE,51.2
1999,Barishal,Barishal,2754.646483744759,109.19523534794077,89.91068577829282,32,16,FALSE,62.1
1999,Bhola,Barishal,3292.240616323508,177.03244507070605,86.17163607095871,11,6,TRUE,89.5
1999,Jhalokati,Barishal,2704.929282579388,108.55036104704848,73.7602520134315,36,19,FALSE,72.6
1999,Patuakhali,Barishal,2747.307377532283,142.72138451332907,87.15022533727014,33,17,FALSE,75
1999,Pirojpur,Barishal,2893.3101600324603,148.90350175555815,90.43494269637152,24,13,FALSE,64.5
1999,Bandarban,Chattogram,2877.52009932385,140.3156796684525,90.04392183831237,25,14,FALSE,55.6
1999,Brahmanbaria,Chattogram,3609.345308663362,239.15373726558244,105.7426814006888,3,2,TRUE,75.8
1999,Chandpur,Chattogram,3404.407736849494,141.40834022743778,95.69087627202056,7,4,FALSE,77.8
1999,Chattogram,Chattogram,3176.494008076648,169.64349645494934,94.77417552556886,14,9,FALSE,58.5
1999,Cox's Bazar,Chattogram,2156.582323514599,107.9019117543334,94.3969270370585,75,38,FALSE,58.9
1999,Cumilla,Chattogram,3346.186952855305,123.40004019930043,96.16241994183628,9,5,FALSE,89.9
1999,Feni,Chattogram,2937.8554777668737,124.6887119004448,98.72224275849938,21,12,FALSE,86.7
1999,Khagrachari,Chattogram,3217.2846360839144,134.7269358486473,92.13582395497176,13,8,FALSE,71.4
1999,Lakshmipur,Chattogram,2718.0797322683866,116.54525838766736,99.55040772106398,35,18,FALSE,80.2
1999,Noakhali,Chattogram,3161.81015738748,205.17343738348632,106.05869847253678,16,10,FALSE,67.3
1999,Rangamati,Chattogram,3023.444637120542,146.6297182685565,99.58024498264238,18,11,FALSE,70.2
1999,Dhaka,Dhaka,2254.314434701236,68.53859525991244,74.19088370660941,66,32,FALSE,45.2
1999,Faridpur,Dhaka,2021.090810253792,146.5783135813694,88.05059292194956,96,50,FALSE,28.6
1999,Gazipur,Dhaka,2203.390391888256,142.19654979331875,80.57205900057227,71,35,FALSE,68.1
1999,Gopalganj,Dhaka,2438.96978557682,114.86878085085895,83.76435388443142,48,25,FALSE,53.2
1999,Kishoreganj,Dhaka,2377.3176725366907,111.48985719033192,84.10499811493065,53,26,FALSE,47.6
1999,Madaripur,Dhaka,2135.3502071922776,141.0899674474527,85.1058497098295,76,39,FALSE,47.6
1999,Manikganj,Dhaka,2172.182006411815,86.12175287023732,78.83810416791691,73,36,FALSE,30.6
1999,Munshiganj,Dhaka,2129.8424168237234,85.64599606197461,79.49424043954333,77,40,FALSE,42.3
1999,Narayanganj,Dhaka,2266.577630921608,135.60233556927284,92.15284666677546,65,31,FALSE,55.2
1999,Narsingdi,Dhaka,2065.430962250596,107.89373375546596,82.06146262356349,89,46,FALSE,47.6
1999,Rajbari,Dhaka,1780.0756278645677,109.7370227700676,77.75245053921171,117,59,FALSE,14.9
1999,Shariatpur,Dhaka,2286.324785947944,118.67168069333746,86.41671090283424,62,29,FALSE,39.9
1999,Tangail,Dhaka,2030.641219060244,91.70607575351168,80.23791615083408,93,47,FALSE,37.1
1999,Bagerhat,Khulna,2024.3344727313304,82.16727671074965,81.58250169189844,95,49,FALSE,27
1999,Chuadanga,Khulna,2600.336771095444,103.80774011838103,78.06744595411485,40,22,TRUE,60.1
1999,Jashore,Khulna,2100.7611244575182,130.87721571760758,86.00209885661964,82,42,FALSE,28.2
1999,Jhenaidah,Khulna,2109.914659340985,127.37890061049907,82.11263108909112,80,41,FALSE,58.1
1999,Khulna,Khulna,1999.822378322536,106.87158623304929,82.19605043547675,99,52,FALSE,24.6
1999,Kushtia,Khulna,2069.1545596195306,89.97356247697091,66.93970518107984,88,45,FALSE,56
1999,Magura,Khulna,2169.8372052329864,97.4905977390547,77.02259624010694,74,37,FALSE,32.7
1999,Meherpur,Khulna,2208.501951182321,102.56340295975154,80.2811430236134,70,34,FALSE,53.6
1999,Narail,Khulna,1708.32209759366,69.95668107790706,69.2637516304091,118,60,FALSE,23
1999,Satkhira,Khulna,2216.690019974865,67.62297184630225,67.8038552562948,69,33,FALSE,54.8
1999,Jamalpur,Mymensingh,2292.8516800027537,94.42250624394454,83.23559821633742,61,28,FALSE,33.5
1999,Mymensingh,Mymensingh,2675.9780510173687,127.10771270286652,85.94616177567914,38,20,FALSE,48.4
1999,Netrokona,Mymensingh,2483.443206398256,95.64251289825675,88.21187500545527,43,23,FALSE,49.6
1999,Sherpur,Mymensingh,2327.5136197207366,152.4293359843061,76.7793575460766,57,27,TRUE,30.6
1999,Bogura,Rajshahi,1926.147477335499,105.78429452004468,88.38332080911445,107,53,FALSE,28.2
1999,Chapai Nawabganj,Rajshahi,2078.181574242791,84.9875118034169,74.53382988697318,87,44,FALSE,37.1
1999,Joypurhat,Rajshahi,1691.5550203785062,65.53667789895445,75.75025182929203,119,61,FALSE,10.5
1999,Naogaon,Rajshahi,2002.0020756262825,91.19506164861328,76.83217212171874,98,51,FALSE,29.8
1999,Natore,Rajshahi,1535.2188006425722,69.44479647734427,74.20507946582477,123,64,FALSE,16.9
1999,Pabna,Rajshahi,1866.39377564189,112.46202271639672,91.85007146295573,111,54,FALSE,31
1999,Rajshahi,Rajshahi,2025.5288193040703,63.3293474408568,79.87334252165535,94,48,FALSE,23
1999,Sirajganj,Rajshahi,2089.699713276861,153.91490509315508,67.36567939365878,84,43,TRUE,34.3
1999,Dinajpur,Rangpur,2273.031466110604,91.72159898740148,75.56421694711581,64,30,FALSE,26.2
1999,Gaibandha,Rangpur,2623.3798781970254,144.80718559131483,79.31204984813553,39,21,TRUE,41.1
1999,Kurigram,Rangpur,1638.216070873242,64.66780629292093,84.01779296012573,122,63,FALSE,4.8
1999,Lalmonirhat,Rangpur,1790.7749486660832,103.1396838402524,74.35134783088175,115,57,FALSE,4.8
1999,Nilphamari,Rangpur,1786.513007509956,111.53965830286364,80.18402917354081,116,58,FALSE,4
1999,Panchagarh,Rangpur,1831.4306112350368,78.01469049434016,90.77796139507063,114,56,FALSE,12.9
1999,Rangpur,Rangpur,1638.5770003821908,66.651229270152,64.3373365330303,121,62,FALSE,2.8
1999,Thakurgaon,Rangpur,1863.7365452624813,99.2825946431804,74.55963199544192,112,55,FALSE,10.1
1999,Habiganj,Sylhet,3802.310289727782,176.91000381688494,106.28465285625526,1,1,FALSE,54
1999,Moulvibazar,Sylhet,3508.45151417374,154.72640419353323,96.77198386613377,4,3,FALSE,54
1999,Sunamganj,Sylhet,2469.948923699388,173.9355235986534,99.3366796437252,45,24,FALSE,34.3
1999,Sylhet,Sylhet,3267.499227685244,155.54923793191023,104.26600265317973,12,7,FALSE,51.6
2000,Barguna,Barishal,2487.381611402868,162.10872803578673,92.66951471465596,49,26,FALSE,80.2
2000,Barishal,Barishal,2622.5303684179544,149.2580107930519,95.9218739748645,40,19,FALSE,80.6
2000,Bhola,Barishal,3198.9588789034974,104.54667038112252,97.98927469060104,8,6,TRUE,96.4
2000,Jhalokati,Barishal,2717.4950744110947,148.57069490676935,75.67240684796087,31,15,FALSE,71
2000,Patuakhali,Barishal,2023.6722885107,127.45361320273916,82.34047161901815,93,44,FALSE,60.5
2000,Pirojpur,Barishal,2644.2953714953846,120.87305676424256,91.333458866865,37,17,FALSE,83.9
2000,Bandarban,Chattogram,3287.5510678092423,153.77676689384407,92.23318332671168,7,5,FALSE,82.3
2000,Brahmanbaria,Chattogram,2927.504866173452,188.8721789788195,95.22525839326993,21,12,FALSE,86.7
2000,Chandpur,Chattogram,2623.0895230613714,134.86465176693383,91.68381183597651,39,18,FALSE,73.8
2000,Chattogram,Chattogram,2999.479103100304,150.12738071196944,99.14181079936616,19,10,FALSE,79.8
2000,Cox's Bazar,Chattogram,2703.732984340899,123.01073430909224,107.5860534353215,33,16,FALSE,71.4
2000,Cumilla,Chattogram,2978.754117145471,152.3201636030761,105.31339570092749,20,11,FALSE,85.1
2000,Feni,Chattogram,3442.3158654065583,68.86260569522565,89.57612318820186,2,2,FALSE,79.8
2000,Khagrachari,Chattogram,2584.2731601468395,119.23648912244148,103.04902774180236,44,22,FALSE,80.6
2000,Lakshmipur,Chattogram,3295.471250350216,172.78947069587855,91.59388415856868,6,4,FALSE,84.3
2000,Noakhali,Chattogram,3160.9167846011587,163.42143511333347,88.23079242030259,10,8,FALSE,71
2000,Rangamati,Chattogram,3011.7064673597374,193.66463866428063,87.72469662403441,18,9,FALSE,91.9
2000,Dhaka,Dhaka,2408.9657885916445,153.71018025537663,89.92948442888104,54,29,FALSE,40.3
2000,Faridpur,Dhaka,2352.408365177777,117.85827054370436,92.81875647260566,60,31,FALSE,63.7
2000,Gazipur,Dhaka,2883.376898917259,134.5849968370359,91.23288085136792,23,13,TRUE,56.9
2000,Gopalganj,Dhaka,2620.4604358821207,164.18098340512492,90.07316298700287,41,20,TRUE,60.5
2000,Madaripur,Dhaka,2339.4418050427857,95.45520547542894,81.75798450094938,63,33,FALSE,47.2
2000,Manikganj,Dhaka,2468.8048603065527,149.85002503216947,91.80529590529896,50,27,FALSE,68.1
2000,Munshiganj,Dhaka,2543.6869341677902,134.92095852308609,81.44109809635114,45,23,FALSE,63.3
2000,Narayanganj,Dhaka,2211.0150019171574,136.73852180936126,90.53008845361394,76,37,FALSE,48.4
2000,Narsingdi,Dhaka,2199.8803099672978,115.2200133836118,83.35366741420923,77,38,FALSE,46.4
2000,Rajbari,Dhaka,1804.1164553989804,89.8243847592712,85.1548354805311,108,51,FALSE,52
2000,Shariatpur,Dhaka,2511.475601762025,92.9181998589328,89.28656946450954,47,24,FALSE,55.6
2000,Tangail,Dhaka,2301.257907344589,94.57093398344982,80.41012598917624,67,35,FALSE,58.5
2000,Bagerhat,Khulna,2088.256859165904,114.8740498633139,85.23936927708885,87,42,FALSE,36.7
2000,Chuadanga,Khulna,1888.377353348128,87.57886778456411,60.89199852098935,100,48,FALSE,60.1
2000,Jashore,Khulna,1748.7642527357002,94.477536784603,84.96985375270778,110,53,FALSE,15.3
2000,Jhenaidah,Khulna,2272.400757715555,121.52893814342404,93.04542532324191,69,36,FALSE,46
2000,Khulna,Khulna,2388.1849433220104,126.98321757586004,79.03936097664781,57,30,FALSE,73
2000,Kushtia,Khulna,1850.3405964771964,94.91092324607628,74.2922113562396,105,50,FALSE,49.6
2000,Magura,Khulna,2592.748506469747,177.2648694906593,81.59120736534783,43,21,TRUE,48.4
2000,Meherpur,Khulna,1487.3637666791496,95.14270791057298,87.91309302187805,121,59,FALSE,34.3
2000,Narail,Khulna,2317.690790727253,135.75225380043165,77.69791824758084,66,34,TRUE,55.2
2000,Satkhira,Khulna,2155.527769506112,102.90936479517352,94.52661739690453,82,41,FALSE,60.9
2000,Mymensingh,Mymensingh,2173.630828530097,100.98483267969613,92.27379232165524,79,39,FALSE,44.4
2000,Bogura,Rajshahi,1657.6997503818973,87.93907040542187,79.01880257728416,115,55,FALSE,46.4
2000,Chapai Nawabganj,Rajshahi,1975.3203270525032,130.06768030857276,83.32544464365432,97,46,FALSE,52
2000,Joypurhat,Rajshahi,1888.3522038590263,118.89271073532996,85.96451003635475,101,49,FALSE,46.4
2000,Naogaon,Rajshahi,2157.311200230125,156.97987514292757,82.33934793908921,81,40,TRUE,56.5
2000,Natore,Rajshahi,1587.8140553190185,91.20320232068389,81.10601319407539,118,57,FALSE,32.7
2000,Pabna,Rajshahi,1163.1681244314193,44.29111479991499,75.3238086114837,124,60,FALSE,35.9
2000,Rajshahi,Rajshahi,1917.4882325294427,105.62022850823794,82.08549738334763,99,47,FALSE,42.7
2000,Sirajganj,Rajshahi,1591.422556778695,74.47059599499086,91.6478422019472,117,56,TRUE,31
2000,Dinajpur,Rangpur,1504.257042389318,66.22625091044631,78.71130448561102,120,58,FALSE,9.7
2000,Gaibandha,Rangpur,2046.3704999522768,142.25237261750956,81.14937155295267,90,43,FALSE,19.4
2000,Kurigram,Rangpur,1791.756874916471,81.60280700750607,90.76341499029571,109,52,FALSE,11.3
2000,Lalmonirhat,Rangpur,1987.701439606188,98.41521646533144,82.04972854963243,95,45,FALSE,16.5
2000,Nilphamari,Rangpur,2459.0548833383773,137.0911062643193,80.01421400830888,52,28,FALSE,36.7
2000,Panchagarh,Rangpur,2347.3282338279128,130.6922647924229,86.24446809438855,61,32,FALSE,40.3
2000,Rangpur,Rangpur,1732.6948245945252,115.53534145578068,78.79685337226381,111,54,FALSE,9.3
2000,Thakurgaon,Rangpur,2509.651750481275,113.2532471600044,91.71431578044962,48,25,TRUE,41.9
2000,Habiganj,Sylhet,2882.7010049193696,162.750496373532,99.56411589167638,24,14,FALSE,41.9
2000,Moulvibazar,Sylhet,3361.3936015753047,228.80160402793933,98.97204273774372,3,3,FALSE,61.3
2000,Sunamganj,Sylhet,3492.687591132371,265.00758005688783,105.96103855320314,1,1,TRUE,72.6
2000,Sylhet,Sylhet,3183.497709029068,137.4068379865356,106.65495736653556,9,7,FALSE,71.8
2000,Barguna,Barishal,2788.7988721038287,143.21678142036495,84.99509200980069,28,14,FALSE,54
2000,Barishal,Barishal,2657.506283489453,156.20359611275853,92.29455587339515,35,19,FALSE,68.1
2000,Bhola,Barishal,3136.1709711365656,141.75603676036866,83.22058550595982,12,4,FALSE,79
2000,Jhalokati,Barishal,2752.2030625238435,120.59672068575328,77.83496166090481,30,16,FALSE,78.6
2000,Patuakhali,Barishal,2461.3223598522577,157.51030432912577,86.13077569978879,51,24,FALSE,48.8
2000,Pirojpur,Barishal,2607.165934221832,135.36416576960147,89.21509515329134,42,22,FALSE,69.4
2000,Bandarban,Chattogram,2872.056300118036,151.33711191328408,92.43064181926478,25,11,FALSE,68.5
2000,Brahmanbaria,Chattogram,3094.62383639907,107.79680997260718,101.56160655670963,15,7,FALSE,60.5
2000,Chandpur,Chattogram,3084.5104260267744,193.47139766804852,97.0949526166788,16,8,FALSE,74.6
2000,Chattogram,Chattogram,3335.165666118864,205.7660471677565,91.32365553559184,5,2,FALSE,75.8
2000,Cox's Bazar,Chattogram,2675.577295266388,136.07149099878595,87.14745224364248,34,18,FALSE,66.1
2000,Cumilla,Chattogram,3123.802726620545,190.27021259988288,104.7736226742046,13,5,FALSE,85.1
2000,Feni,Chattogram,2845.284325169108,124.84632692077832,95.64724599247198,27,13,FALSE,62.5
2000,Khagrachari,Chattogram,3105.896417476985,200.36142255830995,97.97650224682442,14,6,FALSE,62.9
2000,Lakshmipur,Chattogram,2923.8286603801425,147.5364745277606,87.27231375003741,22,10,FALSE,83.5
2000,Noakhali,Chattogram,3157.281424870464,175.85300916763168,93.87289038931976,11,3,FALSE,72.2
2000,Rangamati,Chattogram,2641.769238917386,121.6923112649051,93.77216830086286,38,21,FALSE,78.2
2000,Dhaka,Dhaka,2392.0123107988065,123.69976592280877,81.70611030567056,56,27,FALSE,45.6
2000,Faridpur,Dhaka,1550.165514132871,113.02167741553366,74.06256519941843,119,62,FALSE,9.3
2000,Gazipur,Dhaka,2362.684510418901,97.88229670561242,75.97464501163333,59,29,FALSE,50.4
2000,Gopalganj,Dhaka,2026.3074820528072,121.41720245643138,81.35024145982756,92,49,FALSE,24.6
2000,Kishoreganj,Dhaka,2225.229950898107,124.50510992980182,77.49067590059917,74,38,FALSE,64.5
2000,Madaripur,Dhaka,2372.360129853528,146.45703242191243,83.48612935222225,58,28,FALSE,35.5
2000,Manikganj,Dhaka,2710.839534558261,136.49791503605218,78.2016469520445,32,17,TRUE,59.3
2000,Munshiganj,Dhaka,2396.828040327792,97.73868494832055,87.61763552063397,55,26,FALSE,62.1
2000,Narayanganj,Dhaka,1721.3836998537722,64.04275566021693,78.65108853382593,113,59,FALSE,25
2000,Narsingdi,Dhaka,2857.013430727141,127.68367939448716,79.46336334489067,26,12,TRUE,69
2000,Rajbari,Dhaka,2252.158991280045,138.47708890636184,76.30506908612962,72,36,FALSE,41.9
2000,Shariatpur,Dhaka,2333.418507525781,110.61461516587768,86.83286288532503,65,32,FALSE,49.6
2000,Tangail,Dhaka,2335.9482268892298,103.39607627479482,82.2538724464341,64,31,FALSE,69
2000,Bagerhat,Khulna,2455.676884424769,115.82892430633922,76.94654179275607,53,25,FALSE,48.4
2000,Chuadanga,Khulna,2288.743790878996,101.63060868229302,63.341818259143565,68,33,FALSE,62.5
2000,Jashore,Khulna,2240.949279231402,107.43944805745276,80.8369954231086,73,37,FALSE,37.9
2000,Jhenaidah,Khulna,1861.544816257432,95.60753754794509,80.8468007183397,102,53,FALSE,21.8
2000,Khulna,Khulna,1982.9570104923007,120.45141215873922,83.31840070640365,96,51,FALSE,58.5
2000,Kushtia,Khulna,2268.760510132801,125.53522257227792,81.33242196179823,70,34,FALSE,32.7
2000,Magura,Khulna,2528.3523094044226,126.75768807469636,78.99088166523089,46,23,FALSE,45.2
2000,Meherpur,Khulna,1804.1966253071328,77.86025456113417,83.0839456865206,107,57,FALSE,54.4
2000,Narail,Khulna,2088.903607856078,106.82865058054132,80.71130011732282,86,45,FALSE,29.4
2000,Satkhira,Khulna,2221.6911653124857,109.8094105104756,71.96730897146958,75,39,FALSE,37.5
2000,Jamalpur,Mymensingh,2117.715665756917,102.82528875815969,79.70548047400024,85,44,FALSE,26.2
2000,Mymensingh,Mymensingh,2263.7504398029523,131.54219783976092,89.22093232331329,71,35,FALSE,24.6
2000,Netrokona,Mymensingh,1834.0459832265392,79.27545187140201,91.62465641828425,106,56,FALSE,14.1
2000,Sherpur,Mymensingh,2344.49922713386,118.41802313341351,85.50004998622245,62,30,FALSE,38.3
2000,Bogura,Rajshahi,2030.344587796781,97.54846115016797,78.00336332951052,91,48,FALSE,52
2000,Chapai Nawabganj,Rajshahi,2002.509722364915,59.52105161485336,70.90375851812973,94,50,FALSE,29
2000,Joypurhat,Rajshahi,2058.299514632612,104.04710089703924,78.75460983740864,89,47,FALSE,28.6
2000,Naogaon,Rajshahi,1646.306071143947,80.44400195398137,75.35804282061729,116,61,FALSE,22.2
2000,Natore,Rajshahi,1728.504374535226,67.46104274799183,89.97146760091212,112,58,TRUE,46.4
2000,Pabna,Rajshahi,1860.8540464748653,106.48638628186356,74.0283148507767,103,54,FALSE,54.8
2000,Rajshahi,Rajshahi,2125.5042556304606,109.7036414251311,80.08474260710065,84,43,FALSE,37.5
2000,Sirajganj,Rajshahi,1326.746884827868,68.8933424493742,78.41236545155084,123,64,FALSE,20.6
2000,Dinajpur,Rangpur,2072.326255901216,96.1775239312288,82.65863762220518,88,46,FALSE,16.9
2000,Gaibandha,Rangpur,2163.168525534919,105.11801751681509,74.4925531825558,80,41,FALSE,24.2
2000,Kurigram,Rangpur,1970.362202901587,88.48711822790678,81.19215944531913,98,52,FALSE,13.3
2000,Lalmonirhat,Rangpur,1860.6976000147663,92.43866837849868,71.19416509801368,104,55,FALSE,9.3
2000,Nilphamari,Rangpur,2146.129714899728,104.78119280790467,75.54719766250156,83,42,FALSE,21
2000,Panchagarh,Rangpur,1451.4278493006016,64.36706970352483,67.40806397462768,122,63,FALSE,2.8
2000,Rangpur,Rangpur,2176.273349611652,99.80618215646436,81.0447834616958,78,40,FALSE,19.4
2000,Thakurgaon,Rangpur,1696.3862468204206,80.76914603569105,85.99349340617007,114,60,FALSE,7.7
2000,Habiganj,Sylhet,2655.36877946475,156.45612350823416,94.31064609346636,36,20,FALSE,44
2000,Moulvibazar,Sylhet,2774.9553484935723,117.1353872488838,105.95643735447884,29,15,FALSE,48.4
2000,Sunamganj,Sylhet,3355.027771646829,173.66260605812204,93.84890769829065,4,1,FALSE,54.4
2000,Sylhet,Sylhet,3043.961891382015,209.7423886044239,98.14584998912134,17,9,FALSE,52.4
2001,Barguna,Barishal,3181.687607102073,204.55936965720664,99.67244114115178,12,7,TRUE,91.9
2001,Barishal,Barishal,2870.884340402612,123.73912620726584,102.51798531006932,25,13,FALSE,89.5
2001,Bhola,Barishal,2421.0402847077216,132.59424413563193,99.223891360427,47,21,FALSE,69.4
2001,Jhalokati,Barishal,2433.773306787391,130.59516563137166,93.59980624354472,46,20,FALSE,80.2
2001,Patuakhali,Barishal,2804.916460776448,155.93145772580118,90.55158602161136,29,16,FALSE,85.5
2001,Pirojpur,Barishal,2014.335184193868,113.47803838450356,94.4009982176762,93,44,FALSE,58.5
2001,Bandarban,Chattogram,2514.301372539075,131.86182730008136,92.80402296070702,41,19,FALSE,81.5
2001,Brahmanbaria,Chattogram,3435.918371398984,175.6677259975353,99.22041123853909,6,5,FALSE,87.9
2001,Chandpur,Chattogram,3451.1994600461294,169.19312656859907,109.33762409676034,4,4,FALSE,98.8
2001,Chattogram,Chattogram,2855.8698846408647,94.95011999215691,96.21469765236871,27,15,FALSE,77
2001,Cox's Bazar,Chattogram,3034.1045159845253,132.6183293721174,103.30443119564367,19,9,FALSE,79.4
2001,Cumilla,Chattogram,2858.374743356062,181.4942696546124,98.6115365112572,26,14,FALSE,74.2
2001,Feni,Chattogram,2724.6021523165573,151.75732228646046,99.71164571985037,34,18,FALSE,81.5
2001,Khagrachari,Chattogram,2986.0965246571923,117.91019507875086,93.38988970000194,21,11,FALSE,79
2001,Lakshmipur,Chattogram,3115.225164502634,224.3058944692827,94.68027244922418,14,8,FALSE,92.7
2001,Noakhali,Chattogram,2931.7617742611483,147.27064345892734,103.35778741029397,24,12,FALSE,87.9
2001,Rangamati,Chattogram,3032.981431294011,192.0403185907936,95.02001736229766,20,10,FALSE,67.7
2001,Dhaka,Dhaka,2157.5817759199217,84.76538272656914,85.6398624760325,73,32,FALSE,63.7
2001,Faridpur,Dhaka,2034.3110792767704,135.6605555365551,78.12812959020383,88,40,FALSE,48
2001,Gazipur,Dhaka,2123.6778274660232,107.45981140249384,90.0300979545309,77,35,FALSE,25.8
2001,Gopalganj,Dhaka,2404.7452812739407,80.42515134829958,85.3165023670592,49,23,FALSE,69.8
2001,Madaripur,Dhaka,2162.201321010393,140.26657420874005,86.92403434354705,72,31,FALSE,48
2001,Manikganj,Dhaka,2750.8648969967926,144.3736185133599,90.70900538680596,33,17,TRUE,54
2001,Munshiganj,Dhaka,1980.314854854676,136.92143361500075,92.09434199748054,99,47,FALSE,49.2
2001,Narayanganj,Dhaka,2408.493504873285,135.85856605285792,84.18390236414075,48,22,FALSE,62.9
2001,Narsingdi,Dhaka,2219.736113646484,101.69990533624656,77.71341976840844,67,30,FALSE,58.9
2001,Rajbari,Dhaka,2284.4756907915307,159.30888732742426,94.74047551024812,59,25,FALSE,52.8
2001,Shariatpur,Dhaka,2099.3288086034386,131.00935025637102,88.24417001825347,79,36,FALSE,30.2
2001,Tangail,Dhaka,2385.256155711547,74.84093679190661,90.34993412821996,50,24,FALSE,55.2
2001,Bagerhat,Khulna,1761.0702895106808,112.5522137072897,82.78741870175789,115,56,FALSE,47.2
2001,Chuadanga,Khulna,2238.74727707221,97.51799036591996,77.47261802583553,65,28,FALSE,56.9
2001,Jashore,Khulna,2032.643040161712,115.72354286577914,87.08589097987259,89,41,FALSE,60.5
2001,Jhenaidah,Khulna,2226.0669943759563,85.18862137903822,85.39502704962867,66,29,FALSE,67.7
2001,Khulna,Khulna,2149.82117287247,52.15970767956864,87.5671739395144,74,33,FALSE,61.7
2001,Kushtia,Khulna,1818.964802833043,89.01756759054179,82.36446188534637,111,55,FALSE,45.2
2001,Magura,Khulna,2045.0788969898963,91.84276835866096,86.12516656344789,86,39,FALSE,54
2001,Meherpur,Khulna,2241.812334740684,92.4549929968685,85.2533208514968,63,27,FALSE,70.2
2001,Narail,Khulna,2139.5454127820253,91.26853441626903,93.6941379408404,76,34,FALSE,31.9
2001,Satkhira,Khulna,1938.041088341556,110.8099916502658,82.88101412560053,104,50,FALSE,22.6
2001,Mymensingh,Mymensingh,1961.8072293160749,93.53899101389123,86.71621686293004,100,48,FALSE,18.1
2001,Bogura,Rajshahi,1485.6622813175954,63.360264679716096,69.78644321588553,119,58,FALSE,32.7
2001,Chapai Nawabganj,Rajshahi,1959.2754930255785,104.0661320357321,84.96508912725793,101,49,FALSE,19
2001,Joypurhat,Rajshahi,1988.519716007483,131.21976080237582,79.4602591073894,97,46,TRUE,29.8
2001,Naogaon,Rajshahi,1357.2364322178987,101.92476169993844,76.69435361487521,122,59,FALSE,23
2001,Natore,Rajshahi,2270.991067231565,94.43961537630352,91.97278063732853,62,26,TRUE,59.3
2001,Pabna,Rajshahi,1916.8393222035293,96.08643651630908,84.56413598792572,105,51,FALSE,28.6
2001,Rajshahi,Rajshahi,2050.6944511485817,107.15729095527853,74.07843756890784,85,38,FALSE,40.7
2001,Sirajganj,Rajshahi,1199.7084626317487,59.70630882872145,81.31214694606112,124,60,FALSE,7.3
2001,Dinajpur,Rangpur,2031.822051503971,113.7555390202696,82.51194507912074,91,42,FALSE,18.5
2001,Gaibandha,Rangpur,2075.205069953687,118.6302626702063,85.47701884410674,81,37,FALSE,25.4
2001,Kurigram,Rangpur,2030.159927862208,88.09279267346017,80.56827078504689,92,43,FALSE,21.8
2001,Lalmonirhat,Rangpur,1640.823914940406,47.52020857289418,81.75628899727852,117,57,FALSE,8.5
2001,Nilphamari,Rangpur,2009.6418667265225,79.23877678850621,77.62430808673355,95,45,FALSE,14.1
2001,Panchagarh,Rangpur,1857.193524778716,124.92899093537474,78.49571060505579,108,53,FALSE,28.2
2001,Rangpur,Rangpur,1895.9188176469152,93.61163462434308,84.35364627901464,106,52,FALSE,18.1
2001,Thakurgaon,Rangpur,1840.367615607435,111.87909628192732,86.28626027895066,110,54,FALSE,15.7
2001,Habiganj,Sylhet,3463.5216960698835,178.64542159435925,112.01457450910743,3,3,FALSE,62.9
2001,Moulvibazar,Sylhet,3574.5804192253654,133.92772665089925,123.38902782492656,1,1,TRUE,62.5
2001,Sunamganj,Sylhet,3324.325935514874,234.22738993879943,118.85112035632244,7,6,TRUE,64.1
2001,Sylhet,Sylhet,3472.766320508148,184.5330853269386,96.84933675585488,2,2,FALSE,65.3
2001,Barguna,Barishal,2841.438168829497,178.21214759431965,89.47289464131353,28,13,FALSE,62.1
2001,Barishal,Barishal,2169.5814801879847,173.41053787454337,98.2801538216388,71,41,FALSE,62.1
2001,Bhola,Barishal,2949.4704500794987,171.0129821489773,79.2599943988744,23,12,FALSE,89.9
2001,Jhalokati,Barishal,2620.2447677413343,145.60371916279215,98.98929118247054,39,21,FALSE,45.6
2001,Patuakhali,Barishal,2756.442797097532,114.35983675615287,91.79700720705324,32,16,FALSE,87.1
2001,Pirojpur,Barishal,2658.5202053950866,122.89213289081516,106.75162769826578,36,18,TRUE,77.8
2001,Bandarban,Chattogram,2785.589535854646,171.91872841479992,85.91295998067132,31,15,FALSE,73
2001,Brahmanbaria,Chattogram,3069.3945804040413,119.789184706403,89.43679903956782,18,10,FALSE,60.9
2001,Chandpur,Chattogram,2470.462420406945,99.80553807695902,92.23374639842564,44,25,FALSE,61.7
2001,Chattogram,Chattogram,2510.0719991821693,138.41176459437472,96.40234465028486,42,23,FALSE,59.3
2001,Cox's Bazar,Chattogram,2713.5155768438326,124.60189900234866,86.99510763125862,35,17,FALSE,72.2
2001,Cumilla,Chattogram,3079.805150605353,186.17694618351285,93.83932699858134,17,9,FALSE,72.2
2001,Feni,Chattogram,2955.4192957877653,169.63081675736157,81.51386347495624,22,11,FALSE,83.9
2001,Khagrachari,Chattogram,3440.505264006252,182.79859096076063,97.0923947751535,5,1,FALSE,91.9
2001,Lakshmipur,Chattogram,3212.9597835813693,223.018524724518,87.70006153692157,10,4,FALSE,69.8
2001,Noakhali,Chattogram,3139.5385246400147,77.47608484784011,97.06241694037578,13,6,FALSE,75
2001,Rangamati,Chattogram,3193.0166991836268,132.4931014763402,107.88113950007336,11,5,TRUE,77.4
2001,Dhaka,Dhaka,1815.5963825044687,77.71035371794119,79.87616737424126,112,57,FALSE,36.3
2001,Faridpur,Dhaka,2465.8804123225063,183.45539731321247,90.94563691106308,45,26,TRUE,56
2001,Gazipur,Dhaka,2141.911775815279,122.38884945310171,85.47942574744125,75,42,FALSE,37.5
2001,Gopalganj,Dhaka,2339.504659328305,95.95553266984096,82.80908694421476,53,29,FALSE,47.2
2001,Kishoreganj,Dhaka,1938.4475808100767,73.38596924944864,89.5886652410004,103,54,FALSE,36.3
2001,Madaripur,Dhaka,2303.930967455686,100.18973518805694,79.46829990950144,58,34,FALSE,51.2
2001,Manikganj,Dhaka,2170.8068070803843,103.74351724577376,86.32500020026053,70,40,FALSE,49.2
2001,Munshiganj,Dhaka,2307.505174838162,158.68241923783145,77.99726480537855,57,33,TRUE,36.3
2001,Narayanganj,Dhaka,2334.603445321972,99.78693220000672,83.76060058686245,54,30,FALSE,41.5
2001,Narsingdi,Dhaka,2377.303887302841,162.7670394069711,86.14356911195577,52,28,TRUE,44.4
2001,Rajbari,Dhaka,2311.5043900859487,131.59638604411688,83.69864933166333,56,32,FALSE,42.3
2001,Shariatpur,Dhaka,1956.7980374684053,119.09037860999116,79.4242193293157,102,53,FALSE,37.1
2001,Tangail,Dhaka,2649.173324226185,144.0176364755985,82.86802086900919,38,20,FALSE,54.4
2001,Bagerhat,Khulna,2272.427111633194,110.03667036692396,76.7239990792177,61,36,FALSE,67.3
2001,Chuadanga,Khulna,2282.5283987001944,74.34314757720786,76.92858724932266,60,35,FALSE,66.9
2001,Jashore,Khulna,2519.5598265890003,152.18297111540576,76.13537301616219,40,22,TRUE,45.6
2001,Jhenaidah,Khulna,2329.517730501923,170.62956336118273,80.47196355309701,55,31,TRUE,57.7
2001,Khulna,Khulna,2383.2376916979665,146.43310829830605,72.24678869726519,51,27,TRUE,63.3
2001,Kushtia,Khulna,1983.9388165066955,115.8973563661656,74.26667982130498,98,52,FALSE,14.5
2001,Magura,Khulna,2804.564826558667,110.12606086261574,78.00091244636356,30,14,TRUE,66.5
2001,Meherpur,Khulna,2066.8671696812444,115.56135683356018,79.93217118084912,83,46,FALSE,61.3
2001,Narail,Khulna,2054.349127340828,71.95467379814491,88.75337385079351,84,47,FALSE,35.5
2001,Satkhira,Khulna,2036.9477105552392,69.3398598720024,76.1398280518606,87,48,FALSE,46
2001,Jamalpur,Mymensingh,1788.7392199224778,93.25222919353034,84.71323285217333,113,58,FALSE,10.9
2001,Mymensingh,Mymensingh,2652.187045577101,88.5169551384157,90.90127722604991,37,19,FALSE,58.1
2001,Netrokona,Mymensingh,2174.626029176465,118.77939791412427,89.40634305569556,69,39,FALSE,32.7
2001,Sherpur,Mymensingh,2239.7505712486027,145.35675343934437,75.10057612914089,64,37,FALSE,30.2
2001,Bogura,Rajshahi,1382.72361501236,74.85535041959199,89.25552038046419,121,63,FALSE,23.8
2001,Chapai Nawabganj,Rajshahi,2004.692878391931,150.32050189833444,75.07396563914169,96,51,TRUE,19
2001,Joypurhat,Rajshahi,1769.2171694734154,93.5484884570994,69.45769620556504,114,59,FALSE,19.8
2001,Naogaon,Rajshahi,1856.9891154479192,94.2547051848606,73.84822892535601,109,56,FALSE,41.1
2001,Natore,Rajshahi,1594.3475545436177,104.94181746161424,74.04520705716287,118,61,FALSE,22.6
2001,Pabna,Rajshahi,1889.617663293116,89.32348693666214,71.42786596987978,107,55,FALSE,39.5
2001,Rajshahi,Rajshahi,1464.4790740689807,60.61875522111531,80.47633602566829,120,62,FALSE,22.2
2001,Sirajganj,Rajshahi,1706.0046493803718,50.33541953312014,78.68320210047061,116,60,FALSE,39.9
2001,Dinajpur,Rangpur,2009.901523863895,114.30024381340978,66.11618334975634,94,50,FALSE,28.6
2001,Gaibandha,Rangpur,2088.717893322234,87.51957525018607,87.02221366820358,80,44,FALSE,22.2
2001,Kurigram,Rangpur,2070.307480787797,88.37615599765266,73.12204368834968,82,45,FALSE,19
2001,Lalmonirhat,Rangpur,2485.6025568429045,102.8898921616418,76.56974578736195,43,24,TRUE,35.5
2001,Nilphamari,Rangpur,2109.170101680362,120.38282023504212,85.57751708528801,78,43,FALSE,23.4
2001,Panchagarh,Rangpur,1278.146026766171,62.15637449392967,71.65634908503213,123,64,FALSE,4
2001,Rangpur,Rangpur,2183.538708553838,97.05591056112203,78.58101809369742,68,38,FALSE,25.8
2001,Thakurgaon,Rangpur,2032.5714309501727,111.28854217012515,85.53196977590596,90,49,FALSE,14.5
2001,Habiganj,Sylhet,3308.860103639029,114.38338178556825,99.1207685922234,8,2,FALSE,68.1
2001,Moulvibazar,Sylhet,3278.112447935468,171.8754827541358,96.36954496618124,9,3,FALSE,60.1
2001,Sunamganj,Sylhet,3087.4209993328927,141.88669289101196,94.01732518546947,15,7,FALSE,45.6
2001,Sylhet,Sylhet,3087.1570223943345,165.56780072104306,100.00165994685916,16,8,FALSE,44.8
2002,Barguna,Barishal,2950.1122430868104,160.33730920725367,84.8165909594403,20,10,FALSE,88.7
2002,Barishal,Barishal,2276.3704270744706,91.45060157517582,85.8722086243051,60,28,FALSE,73.8
2002,Bhola,Barishal,2839.429845142184,174.86597590538852,85.71557284354533,26,14,FALSE,83.5
2002,Jhalokati,Barishal,2781.160931001288,104.82727925927782,102.08273001430288,31,17,TRUE,87.1
2002,Patuakhali,Barishal,2848.377306982326,171.14364809188334,103.94456870599772,25,13,TRUE,86.3
2002,Pirojpur,Barishal,2652.9889521104224,63.06867532231614,89.81815378984736,34,19,FALSE,86.7
2002,Bandarban,Chattogram,3215.08764322706,226.8878591345652,100.509928643017,13,5,TRUE,90.7
2002,Brahmanbaria,Chattogram,3415.7850506373693,167.9371738820093,106.47060475237332,4,2,TRUE,88.7
2002,Chandpur,Chattogram,2805.3822163174414,111.59147984977176,97.78719794751872,30,16,FALSE,86.3
2002,Chattogram,Chattogram,2826.6591875787094,159.94821655075924,102.40990769313832,27,15,FALSE,82.7
2002,Cox's Bazar,Chattogram,2967.2372529081167,99.35140121473148,87.6419064646679,19,9,FALSE,83.5
2002,Cumilla,Chattogram,3388.1079803419834,183.3992316460944,98.14781878341634,6,3,FALSE,90.7
2002,Feni,Chattogram,3200.3121820285155,132.96928997026723,90.21065556575245,15,7,FALSE,88.7
2002,Khagrachari,Chattogram,3093.098895256018,218.80890493344168,93.66407847387715,16,8,TRUE,75
2002,Lakshmipur,Chattogram,2889.801832572609,153.78125623899513,107.97887887021336,23,12,FALSE,87.9
2002,Noakhali,Chattogram,3203.353493295007,156.69809096283447,89.15456089428409,14,6,FALSE,89.5
2002,Rangamati,Chattogram,2590.949026391469,97.91226946435177,101.23459199398424,37,20,FALSE,84.3
2002,Dhaka,Dhaka,2283.319378193868,147.5686470209802,89.44700048463801,58,26,FALSE,47.2
2002,Faridpur,Dhaka,2463.9816504936025,108.52901833850876,89.23771170398649,47,23,FALSE,70.6
2002,Gazipur,Dhaka,2245.369587370384,88.36167907381763,89.33384712276701,62,29,FALSE,48.4
2002,Gopalganj,Dhaka,2402.148191435036,142.61248593768522,89.14199947986302,50,24,FALSE,62.1
2002,Madaripur,Dhaka,1783.5203240976482,103.57503645437384,82.15297006146392,109,53,FALSE,40.7
2002,Manikganj,Dhaka,1974.798932560591,76.60440762335088,95.50701329285496,93,43,FALSE,22.2
2002,Munshiganj,Dhaka,2537.425694208272,75.56296254925401,91.0484966837273,38,21,FALSE,54.8
2002,Narayanganj,Dhaka,2159.548351345828,124.29901357713992,84.83995300430932,66,30,FALSE,52.4
2002,Narsingdi,Dhaka,2493.0422770074774,153.4848899755842,81.96231946196623,41,22,FALSE,55.6
2002,Rajbari,Dhaka,1709.942929322776,114.9788326423372,96.06160395099984,113,55,FALSE,24.2
2002,Shariatpur,Dhaka,1933.4490276532736,121.282730648788,90.14372766825448,97,45,FALSE,58.5
2002,Tangail,Dhaka,2147.3771381650763,80.0226593670989,81.69008793878639,69,33,FALSE,64.9
2002,Bagerhat,Khulna,1824.793342749956,65.31919914835223,79.56158201854387,105,49,FALSE,44
2002,Chuadanga,Khulna,2280.661202774502,71.12713104077787,84.1246612745868,59,27,FALSE,75
2002,Jashore,Khulna,2002.3597486438307,119.81629930080716,80.56432105747953,88,41,FALSE,38.7
2002,Jhenaidah,Khulna,2045.9529131602967,118.79292137700575,78.80669982358593,81,39,FALSE,38.7
2002,Khulna,Khulna,2105.0780846543767,130.1121532661421,80.67440170187774,77,37,FALSE,59.7
2002,Kushtia,Khulna,1960.7042487786143,89.11721841779016,94.37802701655832,94,44,FALSE,52
2002,Magura,Khulna,2115.8880100426054,122.21481744080629,77.16356734395609,74,35,FALSE,61.7
2002,Meherpur,Khulna,1320.24666922897,62.15791561602103,84.89777315411357,124,60,FALSE,37.1
2002,Narail,Khulna,1903.7652021269728,88.32474577093829,66.55932617898351,99,46,FALSE,34.7
2002,Satkhira,Khulna,2335.8727961349355,149.5992788145091,96.9915831949498,55,25,TRUE,69.8
2002,Mymensingh,Mymensingh,2021.9181628917097,87.99600159099448,98.72480262883616,85,40,FALSE,44
2002,Bogura,Rajshahi,2129.8419733390915,98.9100331069335,77.36423440172827,72,34,FALSE,63.3
2002,Chapai Nawabganj,Rajshahi,1875.6636291514164,75.9753020069355,88.2425467215369,102,47,FALSE,41.9
2002,Joypurhat,Rajshahi,2150.5632158532503,99.29674938922976,76.19648219826462,68,32,TRUE,39.1
2002,Naogaon,Rajshahi,1791.0496029444469,122.91688210395463,95.03597930903304,108,52,TRUE,41.5
2002,Natore,Rajshahi,1425.985439842828,71.34029873758395,86.92040449789636,122,58,FALSE,30.6
2002,Pabna,Rajshahi,1990.9665063153127,113.9274102570087,83.13778576344642,89,42,FALSE,46.8
2002,Rajshahi,Rajshahi,1392.8489018038763,103.48169283040798,86.29158484769246,123,59,FALSE,26.6
2002,Sirajganj,Rajshahi,2158.141352814116,95.28013414117476,82.81934024871885,67,31,FALSE,54.8
2002,Dinajpur,Rangpur,1525.8536876513767,69.68818737952955,76.54339085503446,121,57,FALSE,16.5
2002,Gaibandha,Rangpur,1527.8515034887669,64.02648752702002,92.0960820542385,120,56,FALSE,14.1
2002,Kurigram,Rangpur,1810.942537763156,75.03655527710501,84.72509668905337,106,50,FALSE,12.5
2002,Lalmonirhat,Rangpur,1836.765853949876,122.23315482934753,77.27797178583047,103,48,FALSE,33.5
2002,Nilphamari,Rangpur,1777.1058790426562,94.24520507724708,84.81545782034938,110,54,FALSE,6.9
2002,Panchagarh,Rangpur,2106.820770706685,68.09350767906636,78.00225833709652,76,36,FALSE,21.4
2002,Rangpur,Rangpur,1799.9991938245478,107.17594857029508,78.70956203062397,107,51,FALSE,16.1
2002,Thakurgaon,Rangpur,2064.3151285804106,93.7883237288918,77.4967036858457,79,38,FALSE,35.1
2002,Habiganj,Sylhet,2756.627053355966,75.73435034571695,98.9038295018034,32,18,FALSE,45.6
2002,Moulvibazar,Sylhet,3352.2207230865306,220.66213602640127,109.52760966456646,9,4,FALSE,61.3
2002,Sunamganj,Sylhet,2935.237411821544,134.91274203355798,105.41297297083356,21,11,FALSE,60.1
2002,Sylhet,Sylhet,4092.4980896605175,195.671988435467,101.13650673421289,1,1,TRUE,58.5
2002,Barguna,Barishal,2713.388329671345,98.60143644151567,94.40776428303276,33,15,FALSE,71
2002,Barishal,Barishal,2474.061545522709,120.89273728473916,84.7994774213409,45,23,FALSE,77.4
2002,Bhola,Barishal,2507.673201180945,118.73669616636124,82.64407384007308,40,19,FALSE,83.9
2002,Jhalokati,Barishal,2490.142437389291,119.2933708688405,96.78895704487992,42,20,FALSE,50.4
2002,Patuakhali,Barishal,2464.051052532645,131.39237660176516,77.52696646777224,46,24,FALSE,70.2
2002,Pirojpur,Barishal,2823.9669227857867,134.61261528881528,85.35268703833674,28,13,FALSE,72.2
2002,Bandarban,Chattogram,3378.233949747188,185.15789794368428,92.02485463761104,7,4,FALSE,72.6
2002,Brahmanbaria,Chattogram,2805.5087165837385,125.15030139926048,89.95038723044955,29,14,FALSE,75.8
2002,Chandpur,Chattogram,2638.363608104344,195.5469801588189,102.33836433152145,36,17,FALSE,72.2
2002,Chattogram,Chattogram,3359.821875158561,156.76669387154004,96.6276355553616,8,5,FALSE,66.1
2002,Cox's Bazar,Chattogram,3274.733157330133,156.0534602681943,93.46942796976018,11,7,FALSE,61.7
2002,Cumilla,Chattogram,2887.576244571605,189.52356498267525,88.329428004348,24,12,FALSE,84.7
2002,Feni,Chattogram,3023.2865677853893,138.72371142236335,92.70459507467132,18,10,FALSE,71.4
2002,Khagrachari,Chattogram,2644.323120155664,131.26881194711862,90.05127269184472,35,16,FALSE,50.4
2002,Lakshmipur,Chattogram,3074.091495208183,173.57825465704778,91.94599417471422,17,9,FALSE,64.1
2002,Noakhali,Chattogram,2928.836833030955,206.3910955611683,89.1903958872567,22,11,FALSE,67.7
2002,Rangamati,Chattogram,3408.153836159685,165.237030520014,96.4401554682327,5,3,FALSE,85.9
2002,Dhaka,Dhaka,2289.3539552878,74.10546823428106,84.82450381636876,57,32,FALSE,44.8
2002,Faridpur,Dhaka,2354.6493288329743,137.82741016862542,87.43357153872059,53,29,FALSE,54.4
2002,Gazipur,Dhaka,1979.8468333022147,69.00068685780117,80.20091028759786,92,50,FALSE,43.1
2002,Gopalganj,Dhaka,2482.3460471162102,135.90095517543654,82.72983824752913,43,21,FALSE,62.1
2002,Kishoreganj,Dhaka,2362.2843524335603,132.95752526624707,82.80651936291851,51,27,FALSE,43.1
2002,Madaripur,Dhaka,2521.966798572745,126.63480203145366,84.73299807559378,39,18,FALSE,73.4
2002,Manikganj,Dhaka,2062.082901621263,91.23029559631284,81.22968981709013,80,42,FALSE,21.8
2002,Munshiganj,Dhaka,1737.5459352848875,112.87175388858546,86.80619393812434,111,57,FALSE,27
2002,Narayanganj,Dhaka,2041.0185712220928,73.34071434027607,77.34060052333457,83,44,FALSE,26.6
2002,Narsingdi,Dhaka,2353.5834559800005,143.77343684745725,87.80289308718417,54,30,FALSE,56
2002,Rajbari,Dhaka,1984.839742631333,100.95180515811694,76.44716592808635,90,48,FALSE,16.1
2002,Shariatpur,Dhaka,2295.5079014843486,156.971046618845,81.53920410576889,56,31,TRUE,45.6
2002,Tangail,Dhaka,2359.527872909908,93.8433179875888,81.33574077545993,52,28,FALSE,35.9
2002,Bagerhat,Khulna,1894.52679824118,95.40014871569636,84.72183690966139,101,55,FALSE,20.2
2002,Chuadanga,Khulna,2447.478700429888,145.34694965027182,79.75132539624083,48,25,TRUE,58.1
2002,Jashore,Khulna,2007.4461285653165,109.0947129757396,82.24923506367735,86,46,FALSE,53.6
2002,Jhenaidah,Khulna,2120.2919941956784,90.8845210819344,69.88343833318791,73,39,FALSE,39.5
2002,Khulna,Khulna,2087.2619275927414,92.86266296641936,81.81609204319518,78,41,FALSE,54.4
2002,Kushtia,Khulna,2045.5021181325776,99.37545213638266,81.62138049848826,82,43,FALSE,50.8
2002,Magura,Khulna,2244.058671778627,133.69949094374613,91.65365104661558,63,34,FALSE,55.6
2002,Meherpur,Khulna,1680.6743599283386,85.62398963327118,71.05473579862765,116,61,FALSE,7.7
2002,Narail,Khulna,1982.6748914295144,130.6372655033342,73.35452079870463,91,49,FALSE,29
2002,Satkhira,Khulna,2442.560847429412,111.88309332252044,85.34693012589659,49,26,TRUE,37.9
2002,Jamalpur,Mymensingh,2478.0128904767494,147.1337533914842,75.30664081378615,44,22,FALSE,39.5
2002,Mymensingh,Mymensingh,2005.4556238418968,92.03408295076358,78.31777198908438,87,47,FALSE,27
2002,Netrokona,Mymensingh,2138.688807433257,137.35450540411273,95.38539798278548,70,37,FALSE,45.6
2002,Sherpur,Mymensingh,2272.137774759757,76.27137504912825,83.89687357340758,61,33,FALSE,56
2002,Bogura,Rajshahi,2213.1282719112264,96.7311416240249,76.47171503501772,64,35,FALSE,46.8
2002,Chapai Nawabganj,Rajshahi,1938.5011969842856,122.53257904157296,77.31208472587701,95,51,FALSE,24.6
2002,Joypurhat,Rajshahi,1660.88724694674,68.25301854694558,64.00497055624615,117,62,FALSE,38.3
2002,Naogaon,Rajshahi,1592.7164815753365,68.1528143339352,93.34378174534136,119,64,TRUE,13.7
2002,Natore,Rajshahi,1836.081948822679,79.69057173146697,82.56711406163689,104,56,FALSE,31
2002,Pabna,Rajshahi,2040.7834508221024,91.88924683734602,80.12270807073453,84,45,FALSE,24.2
2002,Rajshahi,Rajshahi,2109.819999167248,113.99936734087498,70.86378865578405,75,40,FALSE,33.9
2002,Sirajganj,Rajshahi,1719.978159738645,93.56784265589172,67.25513411947969,112,58,FALSE,31.9
2002,Dinajpur,Rangpur,1934.8798664776289,57.561903746025216,79.68456339146071,96,52,FALSE,14.9
2002,Gaibandha,Rangpur,2167.863253321555,138.5681041053979,78.86733292698901,65,36,FALSE,28.6
2002,Kurigram,Rangpur,1913.6610873086888,94.74861679617447,80.14873477066669,98,53,FALSE,11.3
2002,Lalmonirhat,Rangpur,1903.0927342127984,106.97944137326,84.4248577028323,100,54,FALSE,12.9
2002,Nilphamari,Rangpur,1683.6089595791368,76.20611061730179,96.39429001161172,115,60,TRUE,10.1
2002,Panchagarh,Rangpur,1626.2269104570191,82.65968039109327,76.24650233127804,118,63,FALSE,15.7
2002,Rangpur,Rangpur,1707.5486401947746,65.68795618281709,84.54276681402057,114,59,FALSE,9.7
2002,Thakurgaon,Rangpur,2134.44533192261,100.99898325552722,79.73582737187104,71,38,FALSE,31.9
2002,Habiganj,Sylhet,3472.584860480061,171.63189024104702,104.8720604117414,3,2,FALSE,54.8
2002,Moulvibazar,Sylhet,3229.916197772043,168.98411517571918,105.2961808648524,12,8,FALSE,48
2002,Sunamganj,Sylhet,3351.0823645753844,187.1679844258273,101.50930157645824,10,6,FALSE,57.3
2002,Sylhet,Sylhet,4005.385888661224,251.96458554364065,96.03682810312408,2,1,TRUE,50.8
2003,Barguna,Barishal,2780.778279877617,162.4559117819498,92.13081966111294,28,13,FALSE,75.8
2003,Barishal,Barishal,2295.335323578498,110.99950650609142,95.91837857670905,56,28,FALSE,72.2
2003,Bhola,Barishal,2794.82960864236,120.85556870469354,87.24830420589196,25,11,FALSE,83.5
2003,Jhalokati,Barishal,2303.6924236415184,128.22296335486644,89.0925414959204,55,27,FALSE,73.4
2003,Patuakhali,Barishal,2720.199956180576,114.31907271144712,95.7964511053457,32,15,FALSE,85.5
2003,Pirojpur,Barishal,2704.0884781040163,131.47227282722264,93.07269027133572,34,17,FALSE,83.5
2003,Bandarban,Chattogram,3470.4647367741454,156.5030725276139,88.7575216166503,5,3,FALSE,90.7
2003,Brahmanbaria,Chattogram,2711.2527329214663,161.24661813123492,96.45085908058824,33,16,FALSE,82.7
2003,Chandpur,Chattogram,2835.327055507161,175.75906979294066,106.28605992938458,23,9,FALSE,74.2
2003,Chattogram,Chattogram,3334.490703991023,194.5047814113109,96.51333476626333,11,5,FALSE,81.9
2003,Cox's Bazar,Chattogram,2554.778395853552,192.00680512767383,85.03129977127038,41,22,FALSE,66.1
2003,Cumilla,Chattogram,2640.286627204024,121.97017531519816,98.4544869119131,37,19,FALSE,74.6
2003,Feni,Chattogram,2788.2732232547964,96.8221589245663,104.74493784951964,26,12,FALSE,89.1
2003,Khagrachari,Chattogram,2963.5461437858107,187.7380663249175,89.02646071605542,21,8,FALSE,91.9
2003,Lakshmipur,Chattogram,2582.9546443590384,118.0481942697993,106.59663873886883,39,21,FALSE,75.8
2003,Noakhali,Chattogram,3176.4880892560886,81.71882148620486,93.00800178721268,15,6,FALSE,78.6
2003,Rangamati,Chattogram,2810.207487043846,165.57879730708345,88.52882662211847,24,10,FALSE,82.7
2003,Dhaka,Dhaka,1511.8230672056434,81.08949719829809,86.10387796871744,122,59,FALSE,23
2003,Faridpur,Dhaka,1965.0912840411213,100.61806808446276,86.47712510364015,96,47,FALSE,38.7
2003,Gazipur,Dhaka,1966.467524012316,96.3374333440144,80.65425844757924,95,46,FALSE,40.7
2003,Gopalganj,Dhaka,2346.8817397626312,97.43907652414154,82.00399778859389,49,26,FALSE,64.5
2003,Madaripur,Dhaka,2103.312617854757,128.7646920702484,86.47236345181443,82,38,FALSE,49.2
2003,Manikganj,Dhaka,2090.1836637885067,39.85818753137508,82.09102867936772,85,40,FALSE,44.4
2003,Munshiganj,Dhaka,2198.0334943188745,106.76116068914068,91.79568797863016,75,35,FALSE,55.2
2003,Narayanganj,Dhaka,2737.4850454754705,170.6468524725637,82.55049568123661,31,14,TRUE,76.2
2003,Narsingdi,Dhaka,2122.4310081717454,146.9692348870566,91.69078751323704,81,37,FALSE,57.7
2003,Rajbari,Dhaka,2612.0368254129075,146.80506025478385,88.53885573781676,38,20,TRUE,82.3
2003,Shariatpur,Dhaka,2659.37709316563,128.2758613916542,103.76544573295168,35,18,TRUE,69
2003,Tangail,Dhaka,2208.986001096598,105.56619861713912,86.73722570789829,74,34,FALSE,57.7
2003,Bagerhat,Khulna,1932.392834580328,127.98869395137744,86.47394145999351,100,50,FALSE,59.7
2003,Chuadanga,Khulna,1814.2537133361127,95.9454204992878,99.62855379917544,107,53,TRUE,50
2003,Jashore,Khulna,1772.9806393283293,63.67976441924211,91.86934879129278,112,56,FALSE,25.4
2003,Jhenaidah,Khulna,2240.3796548669266,159.47943756241293,78.83274788889571,67,32,FALSE,71
2003,Khulna,Khulna,1705.134428465827,96.30257239076072,98.00192802100936,118,57,TRUE,29.4
2003,Kushtia,Khulna,1958.6233752903888,96.44423989298686,96.00184718975986,97,48,TRUE,46
2003,Magura,Khulna,1989.2249194397143,107.81560114041056,91.53020399400926,91,43,FALSE,36.7
2003,Meherpur,Khulna,2467.197850209306,97.79253737905071,81.26950491760603,45,24,FALSE,47.6
2003,Narail,Khulna,2257.581147160601,118.14626508879503,95.53242414327887,63,31,FALSE,73.4
2003,Satkhira,Khulna,2037.3298871312013,124.65379220502903,90.8308723745729,89,42,FALSE,63.3
2003,Mymensingh,Mymensingh,2487.742781744116,88.35220860521102,97.44415413959096,43,23,FALSE,71
2003,Bogura,Rajshahi,2096.837353003174,106.99263201147492,85.3829665513243,83,39,FALSE,37.5
2003,Chapai Nawabganj,Rajshahi,1857.1514133898688,65.82526355251149,87.54172077858354,104,52,FALSE,48
2003,Joypurhat,Rajshahi,1981.9687902809524,67.71202363001146,76.05563775000371,92,44,FALSE,52
2003,Naogaon,Rajshahi,2080.5598488714445,109.17788684035632,74.1866494253818,86,41,FALSE,62.1
2003,Natore,Rajshahi,1509.3285619739308,75.7537139239474,75.36069956970391,123,60,FALSE,38.3
2003,Pabna,Rajshahi,2272.904228536021,130.52187210838127,74.63813688885188,59,30,TRUE,62.1
2003,Rajshahi,Rajshahi,1784.89624478927,80.31026202977941,90.95887687393176,111,55,TRUE,24.6
2003,Sirajganj,Rajshahi,1552.3932271638664,62.4441024563707,74.85428156322095,120,58,FALSE,45.6
2003,Dinajpur,Rangpur,2219.598106301527,138.3348577215115,88.03987278483083,71,33,FALSE,29.8
2003,Gaibandha,Rangpur,1922.116108235646,123.59178519232653,75.77392188960184,101,51,FALSE,16.9
2003,Kurigram,Rangpur,1804.2314002987707,75.183071962956,82.61327769884643,110,54,FALSE,23.4
2003,Lalmonirhat,Rangpur,2392.1634642410254,73.05689913126581,83.7201594834933,48,25,FALSE,37.5
2003,Nilphamari,Rangpur,1966.8685737148253,114.46685242346388,82.06075074305447,94,45,FALSE,16.5
2003,Panchagarh,Rangpur,2280.9378350698016,117.9881478947094,68.63545414032643,58,29,FALSE,39.1
2003,Rangpur,Rangpur,2165.86113802656,97.33372277745748,79.41889574672261,80,36,FALSE,31.5
2003,Thakurgaon,Rangpur,1945.9238290283445,99.47384954895152,84.9385203736378,99,49,FALSE,22.2
2003,Habiganj,Sylhet,3646.6539063675614,189.2701617123573,111.26857523764032,2,1,FALSE,52.4
2003,Moulvibazar,Sylhet,3347.86546850103,118.69644817322336,100.28257244397516,10,4,FALSE,62.5
2003,Sunamganj,Sylhet,3556.7141368862567,202.95384270261013,103.9450019556636,4,2,FALSE,55.6
2003,Sylhet,Sylhet,3120.1831688233005,68.02531271059802,106.53233000806216,17,7,FALSE,48.8
2003,Barguna,Barishal,2169.5774964740303,101.95551156184816,91.0948090614054,79,44,FALSE,48.4
2003,Barishal,Barishal,2778.77543725555,117.14861917883908,85.4904694052513,29,16,FALSE,82.7
2003,Bhola,Barishal,2772.64577108639,115.0377639668031,93.49854129977469,30,17,FALSE,79
2003,Jhalokati,Barishal,3280.7828777041814,168.4962810421466,87.73899602959685,14,9,TRUE,75.8
2003,Patuakhali,Barishal,2434.310430060093,106.50510721582786,81.70728106096104,47,23,FALSE,71.8
2003,Pirojpur,Barishal,2787.873223076005,86.96950214366201,78.8986624277519,27,15,FALSE,65.3
2003,Bandarban,Chattogram,3331.579248334802,119.17142509771456,87.68925443772213,12,7,FALSE,69.8
2003,Brahmanbaria,Chattogram,2646.475106219993,138.16032927582398,100.81775491383334,36,18,FALSE,58.1
2003,Chandpur,Chattogram,3023.082995610798,144.73889649629734,87.79848923986658,19,12,FALSE,73
2003,Chattogram,Chattogram,2992.494511720244,144.40718398731929,94.86184753224563,20,13,FALSE,66.9
2003,Cox's Bazar,Chattogram,2904.134672637828,143.74872394111705,109.23475854617983,22,14,TRUE,57.3
2003,Cumilla,Chattogram,3159.987719596919,113.7814826965432,95.71589575794852,16,10,FALSE,52.8
2003,Feni,Chattogram,2446.046782897624,158.86922756380784,93.7579537936237,46,22,FALSE,65.3
2003,Khagrachari,Chattogram,3110.978392833574,233.68290128526613,82.46953353296547,18,11,TRUE,72.2
2003,Lakshmipur,Chattogram,3282.081609255543,187.772331574724,88.01235539661764,13,8,FALSE,86.7
2003,Noakhali,Chattogram,3637.328256705515,151.6016118808593,90.20930830238076,3,2,TRUE,77
2003,Rangamati,Chattogram,3389.853507761362,205.3359119778888,98.74318200043786,8,5,FALSE,72.6
2003,Dhaka,Dhaka,2024.0145799204504,113.58114626407804,89.3059971349757,90,48,FALSE,44.8
2003,Faridpur,Dhaka,2227.1065870274874,109.96131367689756,78.59621246679993,68,36,FALSE,39.5
2003,Gazipur,Dhaka,2255.678673473853,84.6840697150927,84.15908555510708,64,33,FALSE,48.4
2003,Gopalganj,Dhaka,2561.4682627445013,142.3615471007459,83.18211571906028,40,19,FALSE,42.7
2003,Kishoreganj,Dhaka,2219.7234851303688,95.95505671377336,88.9707184005065,70,38,FALSE,41.5
2003,Madaripur,Dhaka,2262.6101266670275,171.99645193858308,86.51305787378925,61,31,TRUE,30.6
2003,Manikganj,Dhaka,1806.064623828376,114.98986378794764,92.98980628100767,109,56,FALSE,24.2
2003,Munshiganj,Dhaka,2272.806142843153,88.06012293813328,97.79451187770096,60,30,FALSE,47.2
2003,Narayanganj,Dhaka,1946.287254225893,117.82125870386976,77.42360666700833,98,50,FALSE,56.9
2003,Narsingdi,Dhaka,2477.34971929318,152.83502699227242,91.41295394622516,44,21,FALSE,60.1
2003,Rajbari,Dhaka,2313.519849080993,136.58870442533754,68.94240538674896,52,26,FALSE,39.5
2003,Shariatpur,Dhaka,2194.965202469189,103.09356938932548,87.9196514116523,76,41,FALSE,25.8
2003,Tangail,Dhaka,2303.8123118773724,130.10079533471082,80.22088122620374,54,28,FALSE,64.9
2003,Bagerhat,Khulna,2215.270710337422,87.39004421943069,85.978696685004,73,40,FALSE,34.7
2003,Chuadanga,Khulna,2068.5859967697297,126.7679100051708,75.78694556102933,87,46,FALSE,29.8
2003,Jashore,Khulna,2289.5889233234047,136.67859118378345,83.0031324036626,57,29,FALSE,38.3
2003,Jhenaidah,Khulna,1765.9381785715846,118.39029812685696,80.35134183646055,113,57,FALSE,24.6
2003,Khulna,Khulna,2220.207771841011,91.50644498106698,85.49675348155571,69,37,FALSE,40.7
2003,Kushtia,Khulna,2253.03358493549,118.4818498665922,88.21518832852024,65,34,FALSE,33.9
2003,Magura,Khulna,1846.560798,87.58339194750857,82.8889942350833,105,53,FALSE,52.8
2003,Meherpur,Khulna,2171.399082748276,111.59900800341376,79.33297837354678,78,43,FALSE,41.5
2003,Narail,Khulna,1836.9153120315443,90.59902579865206,83.63178977782557,106,54,FALSE,39.1
2003,Satkhira,Khulna,2258.276487867267,94.75844636899105,82.8860737002478,62,32,FALSE,46.8
2003,Jamalpur,Mymensingh,2092.349505557429,84.9514173891012,90.17484905159048,84,45,FALSE,27
2003,Mymensingh,Mymensingh,2216.84868326985,128.12632840708005,93.05985247671764,72,39,FALSE,47.6
2003,Netrokona,Mymensingh,2323.0538384925567,97.37624405282874,80.2153335606606,51,25,FALSE,46.8
2003,Sherpur,Mymensingh,2305.6572918399097,120.60203684703905,77.63701140896451,53,27,FALSE,36.7
2003,Bogura,Rajshahi,1362.1323675410704,52.19449007346774,70.30474952369607,124,64,FALSE,29.8
2003,Chapai Nawabganj,Rajshahi,2060.761072125604,116.71214340809104,70.72951493482626,88,47,FALSE,38.3
2003,Joypurhat,Rajshahi,1698.9638793061708,104.7135329230343,83.29875392836576,119,62,FALSE,11.7
2003,Naogaon,Rajshahi,1552.176376563853,89.00919335545669,64.42328087735675,121,63,FALSE,20.2
2003,Natore,Rajshahi,1745.1610918917668,64.49086721245529,71.52442991768527,115,59,FALSE,9.7
2003,Pabna,Rajshahi,1890.6959315160943,103.09504250419948,87.12997885735533,102,51,FALSE,21.8
2003,Rajshahi,Rajshahi,1872.644230915112,50.298398842971146,86.9266513137379,103,52,FALSE,33.9
2003,Sirajganj,Rajshahi,1763.4582994961754,74.72799234805304,72.32381815270321,114,58,FALSE,19.4
2003,Dinajpur,Rangpur,1981.1694926983264,118.69565057855648,83.44866982856233,93,49,FALSE,16.1
2003,Gaibandha,Rangpur,2186.311464856407,93.4678522634174,79.28830997707601,77,42,FALSE,21.8
2003,Kurigram,Rangpur,1814.2455717182445,83.60823761155214,87.99437223164998,108,55,FALSE,7.7
2003,Lalmonirhat,Rangpur,1715.61519408376,107.64524989267947,78.3919534528199,117,61,FALSE,16.1
2003,Nilphamari,Rangpur,2544.9412791866444,162.76004194105855,80.41481242933449,42,20,TRUE,37.1
2003,Panchagarh,Rangpur,2324.6172782014937,134.48714349124742,77.00431731603273,50,24,FALSE,44.4
2003,Rangpur,Rangpur,2241.516479557288,119.35309182889328,79.8219438088553,66,35,FALSE,24.2
2003,Thakurgaon,Rangpur,1725.342270175276,68.79553091396586,67.35142024171716,116,60,FALSE,5.2
2003,Habiganj,Sylhet,3373.379880591978,131.8443301005062,100.1080881547376,9,6,FALSE,58.1
2003,Moulvibazar,Sylhet,3845.619114573913,133.425239214427,108.4828527866768,1,1,TRUE,52
2003,Sunamganj,Sylhet,3413.561973505204,152.49318364496185,103.74298318658713,7,4,FALSE,48.8
2003,Sylhet,Sylhet,3421.689464831243,174.05099928867563,100.83901369137938,6,3,FALSE,52.4
2004,Barguna,Barishal,2906.8258762001965,109.16295302451424,102.73072438306704,29,14,FALSE,80.2
2004,Barishal,Barishal,2781.5760274495024,112.03122943671188,97.11495342708209,33,16,FALSE,74.6
2004,Bhola,Barishal,2952.542970824663,174.43940978618906,87.64921726028876,26,11,FALSE,87.9
2004,Jhalokati,Barishal,3031.8191980871893,228.69359939468623,98.13170508342697,20,9,TRUE,87.1
2004,Patuakhali,Barishal,2639.4509569512875,153.06370771016506,91.34704474192928,40,19,FALSE,82.7
2004,Pirojpur,Barishal,2907.554837077181,143.87255364750365,96.01037741555892,28,13,FALSE,88.7
2004,Bandarban,Chattogram,2522.0287543439604,199.2234380655453,108.19433889851312,47,24,FALSE,81.5
2004,Brahmanbaria,Chattogram,2082.9537266656257,108.43285930289836,95.74616555807636,82,39,FALSE,45.2
2004,Chandpur,Chattogram,2772.880434335035,165.92717524238446,99.7206090726702,34,17,FALSE,69.8
2004,Chattogram,Chattogram,3105.1418715536606,181.0652883730343,107.81958799570474,17,7,FALSE,92.3
2004,Cox's Bazar,Chattogram,3005.645091401897,144.22148450875306,91.55665453168452,22,10,FALSE,71.4
2004,Cumilla,Chattogram,3427.569536626376,186.4305263613765,104.2904754971366,7,5,FALSE,88.3
2004,Feni,Chattogram,3523.23965893875,190.45606549391755,102.80215862382386,2,2,FALSE,98.8
2004,Khagrachari,Chattogram,2942.231062329135,129.2300849156589,88.33236963604595,27,12,FALSE,84.7
2004,Lakshmipur,Chattogram,2614.02331980907,112.38084395133608,103.30630789762262,42,20,FALSE,81
2004,Noakhali,Chattogram,3039.799267577475,131.20696290768802,98.48572530263984,19,8,FALSE,80.6
2004,Rangamati,Chattogram,3224.6706390892746,116.31589334233848,97.40835745163092,12,6,FALSE,91.1
2004,Dhaka,Dhaka,1735.744160845174,76.23010769638442,86.49900534837896,116,56,FALSE,43.1
2004,Faridpur,Dhaka,2828.372634609862,123.33353659850964,94.29524691144124,31,15,TRUE,63.7
2004,Gazipur,Dhaka,1874.2238151876752,59.66614949316598,94.37992084079085,107,51,FALSE,25
2004,Gopalganj,Dhaka,2247.2983564594883,71.72979264241931,90.72165147617189,64,30,FALSE,64.9
2004,Madaripur,Dhaka,2332.6243712553405,175.35816750244473,93.5381050473306,57,28,TRUE,58.9
2004,Manikganj,Dhaka,2578.0852086057744,145.30837770519318,82.34778009836171,43,21,FALSE,75.8
2004,Munshiganj,Dhaka,2567.2323883960185,116.498775450265,92.37244353261634,45,22,TRUE,66.5
2004,Narayanganj,Dhaka,2232.324967923864,125.69566244432436,88.65591860967318,65,31,FALSE,67.3
2004,Narsingdi,Dhaka,2442.94634783744,138.34022159671272,88.54715555948826,49,26,FALSE,69.8
2004,Rajbari,Dhaka,2567.114452291958,151.88240362019343,90.83911092777788,46,23,FALSE,70.6
2004,Shariatpur,Dhaka,1937.206890106336,87.2323516305612,73.09448681561878,98,46,FALSE,57.3
2004,Tangail,Dhaka,2320.270397452592,118.7391484592008,94.86743422082834,60,29,FALSE,68.1
2004,Bagerhat,Khulna,2201.919674825997,56.06514885350482,92.4333904419806,70,33,FALSE,41.1
2004,Chuadanga,Khulna,2131.741622762335,122.73076258756242,82.96349532243693,77,36,FALSE,66.1
2004,Jashore,Khulna,2169.0666078436243,106.4465834224858,84.90190427257089,72,34,FALSE,68.5
2004,Jhenaidah,Khulna,2110.951519021736,78.75409847584328,78.21433554121094,79,37,FALSE,55.2
2004,Khulna,Khulna,1908.5386827390807,84.33800018332505,86.41410846771036,103,48,FALSE,31.5
2004,Kushtia,Khulna,1926.3111109655983,85.6535051256827,81.99979787356774,100,47,FALSE,39.5
2004,Magura,Khulna,2029.1228195272688,102.86866090462328,82.22637168479083,88,41,FALSE,58.9
2004,Meherpur,Khulna,2480.6010561208327,122.27083145174036,82.7194622277614,48,25,FALSE,66.9
2004,Narail,Khulna,2209.1365074081946,122.4869449504511,85.99767220576285,69,32,FALSE,32.7
2004,Satkhira,Khulna,2088.7626589872566,104.811251342198,80.91808127156958,81,38,FALSE,58.9
2004,Mymensingh,Mymensingh,1733.4885218144984,76.6921602376827,93.17975622460082,117,57,FALSE,33.5
2004,Bogura,Rajshahi,2168.3146611367706,164.0021473349383,84.56886264272671,73,35,TRUE,31.9
2004,Chapai Nawabganj,Rajshahi,1978.6575508206563,85.19456078290467,76.15230100790215,95,45,FALSE,47.2
2004,Joypurhat,Rajshahi,2016.766399306334,90.4141674513634,80.30896337454936,91,44,FALSE,34.3
2004,Naogaon,Rajshahi,1706.2911420376745,117.5478275121968,89.62147864349905,118,58,FALSE,41.1
2004,Natore,Rajshahi,2028.6579475116184,81.91928833920929,76.59323364174827,89,42,FALSE,54.4
2004,Pabna,Rajshahi,2023.8262501041445,92.14643918085063,88.26122960505214,90,43,FALSE,50.4
2004,Rajshahi,Rajshahi,1876.4465595871384,95.33510743372872,86.55541109960924,106,50,FALSE,38.7
2004,Sirajganj,Rajshahi,1815.921268548865,84.00357236542686,75.10600206816349,111,54,FALSE,49.2
2004,Dinajpur,Rangpur,1873.9533309375709,82.04518057709635,73.57629704208863,108,52,FALSE,22.6
2004,Gaibandha,Rangpur,2033.27425484953,95.85840459686948,84.02999834886039,87,40,FALSE,22.2
2004,Kurigram,Rangpur,2363.832265669412,104.04384328185358,97.35206015665288,53,27,TRUE,32.7
2004,Lalmonirhat,Rangpur,1296.8049473507804,46.82626009685293,88.41212469620508,124,60,FALSE,26.6
2004,Nilphamari,Rangpur,1900.4686834708564,87.51962950615322,79.23629136579763,104,49,FALSE,19
2004,Panchagarh,Rangpur,1870.2804306332207,66.72811880412148,94.28181794029652,109,53,FALSE,15.7
2004,Rangpur,Rangpur,1792.863037849888,85.64020460802297,86.9873641572788,112,55,FALSE,31.9
2004,Thakurgaon,Rangpur,1654.8232572597633,109.46452791851604,84.16272398735441,119,59,FALSE,8.9
2004,Habiganj,Sylhet,3654.780861259815,219.034235735998,91.10027827569722,1,1,TRUE,71.8
2004,Moulvibazar,Sylhet,3463.176818348261,226.6054366386348,103.4355431215484,5,3,FALSE,52.4
2004,Sunamganj,Sylhet,3447.464511014605,249.613188489008,110.8483359352804,6,4,TRUE,62.5
2004,Sylhet,Sylhet,2708.274503844013,163.26857071142308,97.18568439722742,38,18,FALSE,43.1
2004,Barguna,Barishal,2617.257743567948,98.81712560203582,91.96924592248996,41,22,FALSE,56.9
2004,Barishal,Barishal,3180.0558140461435,207.60458744485385,93.11219239032388,16,10,TRUE,72.2
2004,Bhola,Barishal,2643.708352926035,154.408607527413,83.61824823501482,39,21,FALSE,60.1
2004,Jhalokati,Barishal,2569.1475503459915,155.38504356282888,82.15887547550537,44,23,FALSE,68.1
2004,Patuakhali,Barishal,3002.217767241979,150.81296343148435,83.38343976798569,23,13,FALSE,87.1
2004,Pirojpur,Barishal,2762.1682910335708,131.49928755209203,97.43872735659691,36,19,FALSE,49.6
2004,Bandarban,Chattogram,3396.08280240384,182.7013634968725,87.97172544893853,8,3,FALSE,68.5
2004,Brahmanbaria,Chattogram,2770.299554960768,132.12875508259492,100.85835125016426,35,18,FALSE,65.3
2004,Chandpur,Chattogram,3082.5144128456805,115.8482719300275,95.7850585034694,18,11,FALSE,66.9
2004,Chattogram,Chattogram,2957.9623693850667,172.33228295386286,91.1594145765707,25,15,FALSE,52
2004,Cox's Bazar,Chattogram,3468.57031640078,208.0052633329109,95.46381842694082,4,2,FALSE,93.1
2004,Cumilla,Chattogram,3200.196165385932,188.3389522426993,90.22586426608768,15,9,FALSE,71.8
2004,Feni,Chattogram,3304.529526583694,131.4818614047169,96.62083139421136,10,5,FALSE,68.5
2004,Khagrachari,Chattogram,3205.007339223928,164.19503235726182,93.10123168490556,14,8,FALSE,57.7
2004,Lakshmipur,Chattogram,3374.497186942913,173.2566908689353,94.25758717425622,9,4,FALSE,80.6
2004,Noakhali,Chattogram,3269.068634281456,170.2466383032104,86.02424791708643,11,6,FALSE,66.1
2004,Rangamati,Chattogram,2817.0748665740607,150.22354590638375,99.37876843404642,32,17,FALSE,60.9
2004,Dhaka,Dhaka,1981.8188439621144,92.9629130656234,85.34758058842138,94,50,FALSE,41.1
2004,Faridpur,Dhaka,1759.8466283092,86.26170480902074,77.4284533570945,115,60,FALSE,12.5
2004,Gazipur,Dhaka,1970.2124665877056,101.53933453099924,83.70925231067599,96,51,FALSE,19.4
2004,Gopalganj,Dhaka,1923.0858476004032,90.28455928719538,79.7029267870443,102,55,FALSE,25.4
2004,Kishoreganj,Dhaka,1985.3861288339472,92.8885565214826,85.83758872565375,93,49,FALSE,25.4
2004,Madaripur,Dhaka,2395.884221487179,128.92632467664075,91.09851652449647,52,26,FALSE,54
2004,Manikganj,Dhaka,2349.9202103944995,124.81014080622764,101.83328485073142,55,28,TRUE,60.1
2004,Munshiganj,Dhaka,2228.458046597272,127.59630705965138,86.24605539042028,67,36,FALSE,43.1
2004,Narayanganj,Dhaka,2328.278054229032,120.71740161572696,78.20985331891272,58,30,FALSE,52
2004,Narsingdi,Dhaka,2156.564699117618,110.99221052627608,90.59905379905014,74,39,FALSE,31.9
2004,Rajbari,Dhaka,2360.995507861352,166.6271510074116,83.48476224605244,54,27,TRUE,40.7
2004,Shariatpur,Dhaka,1926.057971021948,75.73639526521612,89.06184555184146,101,54,FALSE,46.8
2004,Tangail,Dhaka,1881.316327619392,66.51629266202532,84.70671091135983,105,56,FALSE,38.7
2004,Bagerhat,Khulna,2266.2733876437264,138.374869875388,86.44461915379682,63,34,FALSE,49.2
2004,Chuadanga,Khulna,2342.474720840644,116.0845801608769,89.54680413272284,56,29,FALSE,41.9
2004,Jashore,Khulna,2053.041172524744,124.41613745227257,80.96686242885212,84,45,FALSE,43.5
2004,Jhenaidah,Khulna,2313.405737949073,89.71963251847853,76.67481577197267,61,32,FALSE,46.8
2004,Khulna,Khulna,2152.0127685514285,101.07250624205412,79.96280248958624,75,40,FALSE,52.4
2004,Kushtia,Khulna,2221.108455474573,124.97151933859752,73.83862628351856,68,37,FALSE,31.9
2004,Magura,Khulna,1764.5355051781687,109.44666467053838,82.3554862172785,114,59,FALSE,37.1
2004,Meherpur,Khulna,2843.600684177102,134.83856421741805,84.33674616750045,30,16,TRUE,53.2
2004,Narail,Khulna,2717.2876961987927,74.74083349763976,84.9284135347465,37,20,TRUE,52.4
2004,Satkhira,Khulna,2416.90818234812,99.7111023833097,85.04163778537098,50,24,TRUE,49.6
2004,Jamalpur,Mymensingh,2228.600312846135,66.77193272013187,89.25650818125536,66,35,FALSE,28.2
2004,Mymensingh,Mymensingh,2148.233952823858,102.9171223126787,75.3433708466743,76,41,FALSE,25.4
2004,Netrokona,Mymensingh,2412.9868396399443,154.4697315743732,89.34670055521684,51,25,TRUE,33.1
2004,Sherpur,Mymensingh,2198.716297312537,102.95016125422524,93.13386277002262,71,38,FALSE,37.1
2004,Bogura,Rajshahi,2041.876273250492,108.71023690283424,82.05261738113424,85,46,FALSE,32.7
2004,Chapai Nawabganj,Rajshahi,2069.401014884952,127.92809527978554,76.70930614814327,83,44,FALSE,30.2
2004,Joypurhat,Rajshahi,1610.552118151974,121.76584055484564,87.61355565156286,121,62,FALSE,20.2
2004,Naogaon,Rajshahi,2322.084073516828,80.22949268147694,65.21621308556772,59,31,TRUE,32.7
2004,Natore,Rajshahi,1852.6917706513373,70.46406358209778,75.51463692488876,110,57,FALSE,40.7
2004,Pabna,Rajshahi,1568.7650116634886,64.39109002753057,69.08858899811048,122,63,FALSE,34.7
2004,Rajshahi,Rajshahi,2119.950201350752,72.48949364179569,84.57539096213154,78,42,FALSE,61.3
2004,Sirajganj,Rajshahi,1934.137919452358,71.32784993319545,74.72530801059288,99,53,FALSE,28.6
2004,Dinajpur,Rangpur,2103.541395807729,102.9818466064332,89.8449450954403,80,43,FALSE,18.5
2004,Gaibandha,Rangpur,1780.1121331128193,130.262140332311,70.7482393390456,113,58,FALSE,5.6
2004,Kurigram,Rangpur,2037.44882216298,132.3329185448414,71.31418882031637,86,47,FALSE,20.6
2004,Lalmonirhat,Rangpur,1483.5208435600125,77.07488969472638,90.70363800325724,123,64,FALSE,3.6
2004,Nilphamari,Rangpur,1991.592190828325,64.96962852036322,79.30028351480935,92,48,FALSE,20.6
2004,Panchagarh,Rangpur,1642.807486096841,59.08260806661198,78.68930140066561,120,61,FALSE,19.4
2004,Rangpur,Rangpur,1937.821259744931,96.36040380462612,90.91064318963544,97,52,FALSE,16.5
2004,Thakurgaon,Rangpur,2306.0050392071275,112.51950531751996,71.15125062607129,62,33,FALSE,27.8
2004,Habiganj,Sylhet,3007.4244467649914,193.211857909576,98.43976385512926,21,12,FALSE,44
2004,Moulvibazar,Sylhet,3215.1016382611515,99.9893339360524,96.26123169573384,13,7,FALSE,46.8
2004,Sunamganj,Sylhet,2984.8112161206323,120.46100892834748,105.47033635483588,24,14,FALSE,50.4
2004,Sylhet,Sylhet,3477.2305462570744,224.1876831898252,102.39861923077189,3,1,FALSE,50.4
2005,Barguna,Barishal,2777.369724197693,161.48777320368816,97.37347229148725,29,16,FALSE,67.3
2005,Barishal,Barishal,2597.7731525646486,141.87750803629845,94.20400843995051,34,19,FALSE,81.5
2005,Bhola,Barishal,2436.70732050755,83.55014279205417,91.147566788193,42,22,FALSE,83.1
2005,Jhalokati,Barishal,2592.9846819828863,140.03020569956607,102.37251730663404,35,20,TRUE,80.6
2005,Patuakhali,Barishal,2987.498078919369,184.88103938453528,94.29998811991848,19,9,FALSE,75.4
2005,Pirojpur,Barishal,3016.997351821305,234.55133738548852,89.26499267071385,17,7,TRUE,93.5
2005,Bandarban,Chattogram,3021.0181841588114,175.3891667974503,96.04940969230782,16,6,FALSE,91.9
2005,Brahmanbaria,Chattogram,2814.1470233818272,128.57631026187946,98.72409233347122,25,14,FALSE,64.1
2005,Chandpur,Chattogram,2881.703369431819,147.61319445069486,88.86444623778951,22,12,FALSE,88.7
2005,Chattogram,Chattogram,2818.1010698135915,143.379151551609,103.3976157319655,24,13,FALSE,89.9
2005,Cox's Bazar,Chattogram,2667.176229960256,130.2810537785154,111.72353908186324,31,17,TRUE,78.2
2005,Cumilla,Chattogram,3354.9489305386974,189.1278829275323,99.123233155025,9,4,FALSE,85.5
2005,Feni,Chattogram,2784.520294552126,178.81480538821305,100.82607552193086,28,15,FALSE,87.5
2005,Khagrachari,Chattogram,2942.522478398844,158.5365207988416,93.18072368342614,21,11,FALSE,78.6
2005,Lakshmipur,Chattogram,3006.03538129801,238.16352934721755,104.39299036246165,18,8,TRUE,80.6
2005,Noakhali,Chattogram,2946.561777563324,130.00131195497883,94.8825971485666,20,10,FALSE,70.2
2005,Rangamati,Chattogram,2014.289062530896,134.33290470440798,101.33491594329182,91,42,FALSE,60.5
2005,Dhaka,Dhaka,2251.512785268059,156.9050884663214,81.30057363570495,55,28,FALSE,69
2005,Faridpur,Dhaka,1903.3648204343183,101.12759381065489,92.25110699851876,106,49,FALSE,49.6
2005,Gazipur,Dhaka,2151.2366176830205,129.6804196195175,84.03486333364573,71,36,FALSE,42.3
2005,Gopalganj,Dhaka,2178.9176301717016,170.2151476847819,83.5929218089513,64,34,TRUE,51.6
2005,Madaripur,Dhaka,2200.8895514379738,101.739521950559,81.85702792712199,61,32,FALSE,50.4
2005,Manikganj,Dhaka,2204.884705486624,115.56514119946924,80.21463519948206,60,31,FALSE,46
2005,Munshiganj,Dhaka,1753.5822562704664,73.46671258424018,87.05779278210592,111,51,FALSE,49.6
2005,Narayanganj,Dhaka,2294.370854089845,117.74028491760828,94.80623875038962,50,24,FALSE,63.3
2005,Narsingdi,Dhaka,2050.9131535484808,74.7371352371122,92.73148007505812,85,41,FALSE,61.3
2005,Rajbari,Dhaka,2090.8008205500705,107.45437494915149,82.16693849513548,79,40,FALSE,46
2005,Shariatpur,Dhaka,2635.386523008975,107.60129839556282,86.55075212551762,33,18,FALSE,68.5
2005,Tangail,Dhaka,2312.867063952598,121.65849505949583,92.304587118277,47,23,FALSE,66.5
2005,Bagerhat,Khulna,2158.103934137257,93.83106873700206,99.75882172401722,69,35,TRUE,71.4
2005,Chuadanga,Khulna,1999.3782842291464,60.87907398286941,83.28772982438701,93,43,FALSE,37.1
2005,Jashore,Khulna,1989.525753461751,116.84010681317672,86.07536178397723,96,45,FALSE,45.2
2005,Jhenaidah,Khulna,1998.0849534431256,75.04398927459306,74.81994467203488,94,44,FALSE,38.7
2005,Khulna,Khulna,2206.163789430127,135.2714609048742,89.3044568874496,59,30,FALSE,43.1
2005,Kushtia,Khulna,1777.5381922159909,70.45059130705363,80.4406175666511,110,50,FALSE,48.8
2005,Magura,Khulna,1918.4715835822813,88.03980362403449,81.21672563581158,104,48,FALSE,54.8
2005,Meherpur,Khulna,2260.3408787644416,126.17448240404764,103.04244738812108,54,27,TRUE,68.5
2005,Narail,Khulna,1748.580452641829,92.86261492194056,89.83536710685988,112,52,FALSE,43.5
2005,Satkhira,Khulna,1709.8475096058296,103.50897217848458,89.65212829212764,116,55,FALSE,46
2005,Mymensingh,Mymensingh,2107.667443906873,102.51590308665602,86.34982310320659,76,38,FALSE,43.1
2005,Bogura,Rajshahi,1721.0515843861117,101.09642628699784,78.68996051841864,115,54,FALSE,49.6
2005,Chapai Nawabganj,Rajshahi,1689.5736422327002,95.94044995235372,67.38366808201631,117,56,FALSE,29
2005,Joypurhat,Rajshahi,1723.3231170156166,94.6593261159742,78.16889658782303,114,53,FALSE,32.7
2005,Naogaon,Rajshahi,2272.495943694756,173.97275943084165,80.29051814073199,52,25,TRUE,50.8
2005,Natore,Rajshahi,1651.6097467129405,66.22337465827245,73.76810764332436,120,58,FALSE,37.5
2005,Pabna,Rajshahi,1308.8902789993049,72.37690962625109,78.79041049631736,124,60,FALSE,37.5
2005,Rajshahi,Rajshahi,1443.8565244925944,71.09217991000055,75.11054558336839,123,59,FALSE,31.9
2005,Sirajganj,Rajshahi,2188.2332689529485,142.30558614328208,84.63044270450209,63,33,TRUE,59.7
2005,Dinajpur,Rangpur,1957.8132843399112,74.9651733654258,78.25820605788347,99,46,FALSE,15.3
2005,Gaibandha,Rangpur,1662.0646539597112,89.74526970831818,74.99611335516636,118,57,FALSE,13.3
2005,Kurigram,Rangpur,2261.6829683836804,99.65277999366552,77.96939874584493,53,26,FALSE,34.3
2005,Lalmonirhat,Rangpur,2218.0027714618686,123.23213904667442,83.49173951939792,57,29,FALSE,50
2005,Nilphamari,Rangpur,2557.3127069981115,112.05965503925609,81.56247288770072,39,21,TRUE,44
2005,Panchagarh,Rangpur,1929.1423163413351,91.83938073059898,73.79408345047447,102,47,FALSE,12.1
2005,Rangpur,Rangpur,2146.211187900203,122.76121398974286,87.08061029387274,72,37,FALSE,25.4
2005,Thakurgaon,Rangpur,2104.0553102484937,114.88555257722663,88.61630748168307,77,39,FALSE,32.3
2005,Habiganj,Sylhet,3334.395495724135,187.76811148370305,98.91617526921526,11,5,FALSE,67.7
2005,Moulvibazar,Sylhet,3688.3979333100615,250.062251273693,110.3765897235655,3,2,TRUE,60.1
2005,Sunamganj,Sylhet,3678.415344504861,176.26339411952316,101.23427655045845,4,3,FALSE,56
2005,Sylhet,Sylhet,3838.9670787618034,140.11702448525511,94.57611147511456,1,1,FALSE,64.1
2005,Barguna,Barishal,2053.0947368984903,95.03247130734296,94.71189829342212,84,44,FALSE,43.1
2005,Barishal,Barishal,1727.5742024012638,91.5123700312235,88.81402744693538,113,61,FALSE,36.7
2005,Bhola,Barishal,2096.963353630181,77.08539862543537,99.6707848340241,78,39,FALSE,66.5
2005,Jhalokati,Barishal,2584.7738502879074,109.53926643290552,104.34085105410335,36,16,TRUE,71.8
2005,Patuakhali,Barishal,2474.905311673603,70.23701335267701,91.5753340597424,40,19,FALSE,52.4
2005,Pirojpur,Barishal,2474.624709118989,161.34780127979226,89.61171594805087,41,20,FALSE,75.4
2005,Bandarban,Chattogram,2803.4525938891857,120.27403178054834,99.92333735134068,27,13,FALSE,52.8
2005,Brahmanbaria,Chattogram,2830.0474257255687,155.19630999691265,87.43624710098146,23,11,FALSE,75
2005,Chandpur,Chattogram,2389.537581479235,98.9176558959714,91.56836679947013,43,21,FALSE,79
2005,Chattogram,Chattogram,3559.9028493457345,227.17356557699225,86.29642382936629,7,4,TRUE,81.9
2005,Cox's Bazar,Chattogram,3119.109751234196,168.09378998161276,93.73127608189472,13,8,FALSE,84.7
2005,Cumilla,Chattogram,3625.366378800092,162.93314796180283,87.6965544776604,6,3,TRUE,91.5
2005,Feni,Chattogram,3271.002648069278,93.96846715331073,93.45543419855238,12,7,FALSE,64.5
2005,Khagrachari,Chattogram,3074.5277577408524,130.45946935310437,80.91046977012869,15,10,FALSE,83.5
2005,Lakshmipur,Chattogram,2724.2910175179973,137.03269576519477,81.13569873234492,30,14,FALSE,74.6
2005,Noakhali,Chattogram,2805.6825813720925,138.1175516536282,96.60506195177898,26,12,FALSE,70.2
2005,Rangamati,Chattogram,3340.891029028604,215.57489398754524,88.55207448555947,10,6,TRUE,64.1
2005,Dhaka,Dhaka,2075.431198160225,99.91833558414538,76.96199015596383,82,42,FALSE,27
2005,Faridpur,Dhaka,2246.7889792999044,143.6148029261884,89.10989963601388,56,28,FALSE,34.7
2005,Gazipur,Dhaka,2293.041213690554,127.51108099415067,90.09830745905164,51,27,FALSE,58.9
2005,Gopalganj,Dhaka,2214.745480473248,122.46862036117236,83.17700733164544,58,29,FALSE,50
2005,Kishoreganj,Dhaka,1986.239197152728,104.15217077073724,85.06979942665234,97,52,FALSE,25.8
2005,Madaripur,Dhaka,2164.017944164219,81.70686368482303,82.34586045628384,68,34,FALSE,34.3
2005,Manikganj,Dhaka,2166.7579262150007,87.63364807585057,73.96132207845456,67,33,FALSE,42.7
2005,Munshiganj,Dhaka,1994.493141584219,109.1280611270282,94.8921469788502,95,51,FALSE,44.4
2005,Narayanganj,Dhaka,2050.350665178179,105.01916230507278,98.96050722961276,86,45,TRUE,32.7
2005,Narsingdi,Dhaka,2295.8715603069545,105.76302408747472,83.7724689376089,49,26,FALSE,61.3
2005,Rajbari,Dhaka,2152.463425312742,137.2168833310513,79.72421492525278,70,35,FALSE,33.9
2005,Shariatpur,Dhaka,2172.8597031802574,104.97472596560262,84.02031297867909,65,31,FALSE,54
2005,Tangail,Dhaka,2637.837699779046,119.78726290464223,90.07208500058776,32,15,FALSE,54.8
2005,Bagerhat,Khulna,2044.497223696872,90.43997894983248,90.3362081449026,88,47,FALSE,29.8
2005,Chuadanga,Khulna,2086.862643518682,85.09364018,81.5541760885414,80,40,FALSE,28.2
2005,Jashore,Khulna,2023.509854340928,80.3371484806317,80.76993561572333,90,49,FALSE,39.5
2005,Jhenaidah,Khulna,2346.914007941635,129.11981699789638,82.99995085509528,45,23,FALSE,54.4
2005,Khulna,Khulna,1850.3629572441848,128.5113169627681,70.58348358423301,108,59,FALSE,23
2005,Kushtia,Khulna,1920.983339645856,83.34106608672117,86.03051678101457,103,56,FALSE,24.6
2005,Magura,Khulna,2075.5307180073764,86.29158788357947,86.01523667640798,81,41,FALSE,47.2
2005,Meherpur,Khulna,2170.865268009745,103.37153129200163,79.04688910362161,66,32,FALSE,66.9
2005,Narail,Khulna,1959.2698142666943,85.82048248721823,76.05738197515215,98,53,FALSE,52
2005,Satkhira,Khulna,2062.016135277681,99.30970982160495,76.43596137303531,83,43,FALSE,37.9
2005,Jamalpur,Mymensingh,2316.2025101719087,122.23473710822104,93.8539515750319,46,24,FALSE,36.3
2005,Mymensingh,Mymensingh,2560.530640936314,169.39402527347224,78.28390676872047,38,18,TRUE,43.5
2005,Netrokona,Mymensingh,2584.046556785188,103.41197656451266,83.38617236828588,37,17,FALSE,49.2
2005,Sherpur,Mymensingh,1999.9270516270008,104.92626832876496,88.6793304909807,92,50,FALSE,33.5
2005,Bogura,Rajshahi,2114.4277422987,105.9072123840635,77.67718428456054,74,37,FALSE,35.9
2005,Chapai Nawabganj,Rajshahi,2120.003015857877,80.34471163297826,79.96147574552603,73,36,FALSE,29.8
2005,Joypurhat,Rajshahi,1906.6248584118168,83.30336858360297,79.92411628520203,105,57,FALSE,20.2
2005,Naogaon,Rajshahi,2047.6418800363367,125.41349317714536,74.25446721812895,87,46,FALSE,40.3
2005,Natore,Rajshahi,2113.848681042749,105.01014935186772,76.8074916431411,75,38,FALSE,58.1
2005,Pabna,Rajshahi,2190.703419905288,116.55016651949308,84.65776967411088,62,30,TRUE,44
2005,Rajshahi,Rajshahi,1559.40953681699,89.9997899977563,77.33665966812376,122,64,FALSE,8.9
2005,Sirajganj,Rajshahi,1608.2141456029908,109.30493120261367,72.20902711963195,121,63,FALSE,14.1
2005,Dinajpur,Rangpur,2032.1258850696563,102.92767661554107,84.29968243638754,89,48,FALSE,15.7
2005,Gaibandha,Rangpur,2302.278112411824,131.53527839590038,73.26421109511531,48,25,FALSE,36.7
2005,Kurigram,Rangpur,1815.4834781950603,81.61263169309453,74.6013349962801,109,60,FALSE,8.1
2005,Lalmonirhat,Rangpur,1948.1425126330337,103.1641145253241,76.06722508669024,101,55,FALSE,12.1
2005,Nilphamari,Rangpur,1862.088801191124,100.7753707212571,84.52954627535917,107,58,FALSE,8.1
2005,Panchagarh,Rangpur,1953.46805141988,94.09376528915402,70.76853786332913,100,54,FALSE,18.1
2005,Rangpur,Rangpur,2353.300071793192,131.72685885147163,75.15218063830311,44,22,FALSE,36.3
2005,Thakurgaon,Rangpur,1657.7978081971569,64.23657987721963,81.75291346158227,119,62,FALSE,2.8
2005,Habiganj,Sylhet,3649.2207269220858,171.99528165192558,103.83208932491664,5,2,FALSE,51.6
2005,Moulvibazar,Sylhet,3087.3732791192847,150.12936188889776,105.02174968683742,14,9,FALSE,50.8
2005,Sunamganj,Sylhet,3470.606332965748,210.7327824352793,93.99930330552806,8,5,FALSE,53.6
2005,Sylhet,Sylhet,3776.9464984493584,250.81245923118905,118.1873404070725,2,1,TRUE,51.6
2006,Barguna,Barishal,2959.617512871443,163.7695238444359,89.69040100036904,23,9,FALSE,79
2006,Barishal,Barishal,2463.582791077322,119.98869261643632,93.83379334044072,49,24,FALSE,62.9
2006,Bhola,Barishal,2906.6578139245325,151.0959505560596,91.11101435665812,25,10,FALSE,81.9
2006,Jhalokati,Barishal,2420.9047548254903,82.75478338643504,97.15441113816662,52,26,FALSE,76.2
2006,Patuakhali,Barishal,2507.2776284178267,146.79290775694423,109.73687998731148,45,22,TRUE,74.2
2006,Pirojpur,Barishal,2450.968043424383,136.9827108539412,98.58069744004764,50,25,FALSE,70.2
2006,Bandarban,Chattogram,2591.615880750845,62.26609814225023,94.1987809733243,43,20,FALSE,59.7
2006,Brahmanbaria,Chattogram,3106.3063901672635,208.2106311825808,101.16443523016086,20,7,FALSE,90.3
2006,Chandpur,Chattogram,2839.197824516432,60.699555361389216,99.18323870598854,29,13,FALSE,74.2
2006,Chattogram,Chattogram,3315.53214148481,170.07799227052217,91.18725275921464,9,4,FALSE,77.8
2006,Cox's Bazar,Chattogram,3397.492964434208,195.6165683995212,106.57850558688445,6,3,FALSE,62.1
2006,Cumilla,Chattogram,2679.3470215662364,154.26627949569988,99.07706922551353,38,17,FALSE,71
2006,Feni,Chattogram,3062.565655014314,202.9219981336613,100.79130445651998,21,8,FALSE,67.7
2006,Khagrachari,Chattogram,2836.547101224808,144.36174136758868,94.98630987855722,32,14,FALSE,61.7
2006,Lakshmipur,Chattogram,2725.9611678386204,112.51751639421306,101.5186385831224,34,15,FALSE,73
2006,Noakhali,Chattogram,3127.741060032808,182.2914076720228,94.32938332418529,19,6,FALSE,92.7
2006,Rangamati,Chattogram,2861.364722190559,94.56825487027652,102.80980921606016,28,12,FALSE,79.4
2006,Dhaka,Dhaka,2212.930156874143,131.98216494938043,85.46345338877396,70,34,FALSE,66.1
2006,Faridpur,Dhaka,2626.515975208834,221.6719314566893,89.92914232441137,40,19,TRUE,60.5
2006,Gazipur,Dhaka,2261.7805982062064,145.4263224402732,80.70025077693795,64,32,FALSE,57.3
2006,Gopalganj,Dhaka,2092.164334627272,107.03917836669952,86.1640887157191,80,40,FALSE,35.5
2006,Madaripur,Dhaka,1989.22093290664,117.73612323655296,81.33803342385158,94,46,FALSE,58.1
2006,Manikganj,Dhaka,1974.766037114872,103.69708551689943,88.80705722537438,100,51,FALSE,57.7
2006,Munshiganj,Dhaka,2326.6139947130923,91.10436641260152,87.38874451769345,59,29,FALSE,76.2
2006,Narayanganj,Dhaka,2233.181252156833,123.83938838703568,87.69234134811862,67,33,FALSE,58.5
2006,Narsingdi,Dhaka,1894.740280555804,115.65709973096476,99.22577713702324,111,55,TRUE,39.9
2006,Rajbari,Dhaka,2099.9265511233816,94.52113990727818,89.18965226721501,79,39,FALSE,47.6
2006,Shariatpur,Dhaka,1937.8412167652032,63.35554365770911,86.93347557545007,106,52,FALSE,37.1
2006,Tangail,Dhaka,2489.616019603024,154.09521957493948,81.68214964078476,48,23,TRUE,51.6
2006,Bagerhat,Khulna,1913.071278291157,96.79961920466116,87.6831674527199,109,54,FALSE,51.6
2006,Chuadanga,Khulna,2029.149188926248,99.73283553234587,93.87653079873188,88,42,FALSE,59.3
2006,Jashore,Khulna,2679.602299345391,96.85487035038489,94.47263693034338,37,16,TRUE,79
2006,Jhenaidah,Khulna,2148.8499500994417,111.5889005791406,82.83523327624948,77,37,FALSE,58.1
2006,Khulna,Khulna,2350.7923316199685,146.48031866695624,91.48932892025095,55,27,TRUE,69
2006,Kushtia,Khulna,2003.938283607236,99.63825911118111,94.34885216415682,91,45,FALSE,62.1
2006,Magura,Khulna,1975.9141636721213,112.74664875251815,98.93536315799548,99,50,TRUE,47.6
2006,Meherpur,Khulna,1982.768231849392,90.86050469130026,83.54034680929074,98,49,FALSE,31
2006,Narail,Khulna,1875.1089081356545,116.84079080186368,95.72916618690512,113,56,FALSE,50.8
2006,Satkhira,Khulna,2134.842839598464,147.01117164414143,91.7612375252746,78,38,FALSE,49.6
2006,Mymensingh,Mymensingh,2639.422193669453,114.8637904708656,97.01365323549469,39,18,FALSE,50.4
2006,Bogura,Rajshahi,1985.8672880846848,87.83246652555914,81.88796127001315,96,48,FALSE,32.7
2006,Chapai Nawabganj,Rajshahi,2265.0530105135194,128.73280222228118,82.76239881945145,63,31,TRUE,74.2
2006,Joypurhat,Rajshahi,1511.655716546342,97.44513355479155,84.99367285561193,121,59,FALSE,42.7
2006,Naogaon,Rajshahi,1419.3566275937549,108.8525956318326,78.82030694203009,123,60,FALSE,45.6
2006,Natore,Rajshahi,1921.4183932085343,85.45603157655646,81.71129507483353,108,53,FALSE,54
2006,Pabna,Rajshahi,2068.116588098169,111.98185911877786,92.50237952064052,85,41,TRUE,48
2006,Rajshahi,Rajshahi,2181.297855436196,71.69123837839223,76.47679221990063,73,35,FALSE,49.2
2006,Sirajganj,Rajshahi,1569.1213240475668,77.35138848108168,77.23314867824817,120,58,FALSE,16.9
2006,Dinajpur,Rangpur,2010.396813131153,128.1470079078571,81.6238279276287,90,44,FALSE,15.7
2006,Gaibandha,Rangpur,2331.860201532252,114.04835557588792,76.27111965518858,58,28,FALSE,36.7
2006,Kurigram,Rangpur,1987.3402805347373,116.0203172157334,88.23990224638133,95,47,FALSE,17.3
2006,Lalmonirhat,Rangpur,2518.80616727277,114.71834813373565,70.8858473579831,44,21,TRUE,34.7
2006,Nilphamari,Rangpur,1834.010304102472,117.52446939328698,68.47500507350814,116,57,FALSE,11.3
2006,Panchagarh,Rangpur,2310.313803547333,108.093318295825,84.0292000560896,60,30,FALSE,28.6
2006,Rangpur,Rangpur,2027.9230123911973,104.78799103069218,85.9760595124229,89,43,FALSE,26.6
2006,Thakurgaon,Rangpur,2173.366264302598,145.31329610158758,89.6293195683113,74,36,FALSE,29.8
2006,Habiganj,Sylhet,2864.2520690047154,175.1576417257739,110.19114859340635,27,11,FALSE,46.8
2006,Moulvibazar,Sylhet,3683.864674064642,330.50902703647165,105.60569004386308,2,2,TRUE,55.2
2006,Sunamganj,Sylhet,3254.0099661322315,154.10319290863896,112.7109858142389,14,5,FALSE,54.8
2006,Sylhet,Sylhet,3722.4894062738094,129.10427509900455,107.50718328944164,1,1,FALSE,66.9
2006,Barguna,Barishal,3221.425735537056,174.8901706686001,91.1125489736822,15,10,TRUE,77.4
2006,Barishal,Barishal,2716.199444109962,99.78604673519432,92.42445134110712,36,21,FALSE,75
2006,Bhola,Barishal,2719.7668345946886,181.2161997124491,88.11955308035017,35,20,TRUE,66.5
2006,Jhalokati,Barishal,2884.009903398344,177.01409020296825,80.55190032808872,26,16,FALSE,88.7
2006,Patuakhali,Barishal,2996.6128780497525,138.40942260086976,92.70227944326516,22,14,FALSE,87.9
2006,Pirojpur,Barishal,3315.404322980839,142.7677944848929,88.4841139732478,10,6,TRUE,76.2
2006,Bandarban,Chattogram,3514.8482738349994,204.8534306605932,100.8651700236222,4,2,FALSE,70.2
2006,Brahmanbaria,Chattogram,3130.792738464565,146.90279166043328,89.28848520931662,18,13,FALSE,62.1
2006,Chandpur,Chattogram,3178.1353998508025,116.46335748649356,97.23621773650584,16,11,FALSE,58.5
2006,Chattogram,Chattogram,2839.08647342357,149.43495356084307,96.08534477408097,30,17,FALSE,65.3
2006,Cox's Bazar,Chattogram,3350.9085548194826,146.57955398870106,86.40451683240741,8,5,FALSE,75
2006,Cumilla,Chattogram,3628.066300969854,181.5373964733989,100.38877821245016,3,1,TRUE,91.5
2006,Feni,Chattogram,3138.3625442029297,171.6698179277132,90.07424463106786,17,12,FALSE,63.3
2006,Khagrachari,Chattogram,3306.7218623494537,167.04437793331064,95.69444812923422,11,7,FALSE,85.5
2006,Lakshmipur,Chattogram,2500.360568818605,162.60894501476926,92.33927943620132,46,24,FALSE,59.3
2006,Noakhali,Chattogram,2431.714638704512,147.45774067692025,95.83541307597974,51,26,FALSE,73
2006,Rangamati,Chattogram,2955.1183811502924,156.84623755792043,91.1725979173977,24,15,FALSE,83.5
2006,Dhaka,Dhaka,2411.2743138224914,153.26638313383165,83.407939270518,53,27,FALSE,60.5
2006,Faridpur,Dhaka,1942.7142844917123,115.41221047801508,77.94507563877015,104,53,FALSE,25
2006,Gazipur,Dhaka,1841.8235643311564,74.81809563920302,86.93021160325196,115,59,FALSE,29.4
2006,Gopalganj,Dhaka,2216.7809478506315,67.04728091843991,78.20398763708748,69,36,FALSE,40.7
2006,Kishoreganj,Dhaka,2077.547640539236,108.69833002540815,75.15149395101606,83,43,FALSE,25.8
2006,Madaripur,Dhaka,2049.0815030507724,114.5145263684727,93.85942702610843,87,46,FALSE,37.9
2006,Manikganj,Dhaka,2003.3664062260807,71.67536728192002,79.96056269454485,92,47,FALSE,25.8
2006,Munshiganj,Dhaka,2614.2461229262435,117.34787014541875,77.90237107844852,42,23,TRUE,52
2006,Narayanganj,Dhaka,2498.828664834276,107.3702591663112,83.63006905701823,47,25,FALSE,69.8
2006,Narsingdi,Dhaka,2249.703357685175,113.52985246732074,75.68086315412049,66,34,FALSE,52.4
2006,Rajbari,Dhaka,2074.504284232672,83.94837139049089,84.57602189596878,84,44,FALSE,54
2006,Shariatpur,Dhaka,1958.9057851104508,102.61471304822318,89.69118577869457,102,51,FALSE,34.3
2006,Tangail,Dhaka,2155.134502015387,126.80078529403224,87.75393727048052,76,40,FALSE,27.8
2006,Bagerhat,Khulna,1851.114222343201,104.87245010460629,76.96717918088103,114,58,FALSE,19.8
2006,Chuadanga,Khulna,1982.978058970809,70.66830393589564,85.90753939914755,97,49,FALSE,44.8
2006,Jashore,Khulna,1942.6450273292533,92.55321858939872,76.1072205480841,105,54,FALSE,44.8
2006,Jhenaidah,Khulna,2196.066685326426,114.2317665358578,75.56416635133839,71,37,FALSE,45.6
2006,Khulna,Khulna,2188.860933586018,122.23287119781216,81.14114567656976,72,38,FALSE,43.1
2006,Kushtia,Khulna,1894.486435612511,83.1370036033172,88.45579400492527,112,57,FALSE,28.2
2006,Magura,Khulna,2333.3037517775333,116.35475003242668,78.1450678600809,57,30,FALSE,37.9
2006,Meherpur,Khulna,2382.534471164241,122.38475957066017,67.91872838433619,54,28,FALSE,48
2006,Narail,Khulna,2302.1614384833365,115.64208079779358,89.850094514922,61,31,FALSE,37.5
2006,Satkhira,Khulna,2084.974506690763,109.27852301369596,82.25103087415718,81,41,FALSE,52.4
2006,Jamalpur,Mymensingh,1484.7537979283777,76.96740299462338,96.73906708906512,122,63,TRUE,24.6
2006,Mymensingh,Mymensingh,2292.89252562109,121.0684205513227,81.07837888047013,62,32,FALSE,41.5
2006,Netrokona,Mymensingh,2838.8523022416707,230.22860963708263,89.5763383548171,31,18,TRUE,50.8
2006,Sherpur,Mymensingh,2726.768065373461,108.65913901244993,81.07085493273797,33,19,FALSE,43.1
2006,Bogura,Rajshahi,2000.5820650800144,91.60267527051352,83.41058826318842,93,48,FALSE,23.8
2006,Chapai Nawabganj,Rajshahi,2084.3857398971127,98.8406230650126,85.16349941388482,82,42,FALSE,41.9
2006,Joypurhat,Rajshahi,1402.8851318543554,51.60434695459335,77.67855648710353,124,64,FALSE,11.7
2006,Naogaon,Rajshahi,2155.859132052637,146.32562749953266,76.07398831292092,75,39,TRUE,25
2006,Natore,Rajshahi,1964.5693064789168,91.78848022855657,68.9958912972773,101,50,FALSE,31.9
2006,Pabna,Rajshahi,1829.078397505832,85.36240072961147,75.6896540517346,117,60,FALSE,11.7
2006,Rajshahi,Rajshahi,1958.437433807412,114.2474689033235,73.94524068398692,103,52,FALSE,42.7
2006,Sirajganj,Rajshahi,1634.7752110390504,111.13986719195998,80.8694313715969,118,61,FALSE,16.1
2006,Dinajpur,Rangpur,1598.9617014487967,82.45562503890683,81.33538295331162,119,62,FALSE,16.1
2006,Gaibandha,Rangpur,2337.6120023493813,116.17316725080404,95.24093740044748,56,29,FALSE,28.2
2006,Kurigram,Rangpur,2626.046194018493,153.4781109896283,86.25842717071725,41,22,TRUE,40.7
2006,Lalmonirhat,Rangpur,1922.3089283359773,84.05448162068954,87.02113930120335,107,55,FALSE,13.7
2006,Nilphamari,Rangpur,1896.206741200957,75.50863075816082,74.71500635986355,110,56,FALSE,7.3
2006,Panchagarh,Rangpur,2219.2369384957515,128.47329526676413,75.87267596291582,68,35,FALSE,25.8
2006,Rangpur,Rangpur,2054.337838640773,83.4234636985372,77.34167574044247,86,45,FALSE,19.4
2006,Thakurgaon,Rangpur,2255.9122901967594,111.19120312817276,80.16156822366715,65,33,FALSE,27.4
2006,Habiganj,Sylhet,3279.1136497645334,180.14008251835816,101.30538234554004,12,8,FALSE,46.4
2006,Moulvibazar,Sylhet,3407.73962869039,133.0545330808425,94.27547546238362,5,3,FALSE,66.1
2006,Sunamganj,Sylhet,3256.2417500658926,190.3886161438316,98.8686546046868,13,9,FALSE,49.6
2006,Sylhet,Sylhet,3385.061504602596,98.77275354064956,102.87889493827524,7,4,FALSE,51.6
2007,Barguna,Barishal,2594.805409152094,97.86007978731848,105.29993804141566,38,18,TRUE,84.3
2007,Barishal,Barishal,2554.334245611286,143.7182846766153,85.80186207500527,40,19,FALSE,82.7
2007,Bhola,Barishal,2734.299375346151,110.04786006640856,91.84250225619157,33,16,FALSE,80.2
2007,Jhalokati,Barishal,2496.5710554223765,157.99838373761224,91.3636503814804,42,21,FALSE,77
2007,Patuakhali,Barishal,2843.620998692264,130.4750619149231,87.77441421238085,27,15,FALSE,76.6
2007,Pirojpur,Barishal,2727.740877404397,169.1610472559188,89.48843916097259,34,17,FALSE,86.7
2007,Bandarban,Chattogram,3496.624183349604,251.66061621874087,90.52176102931476,6,5,TRUE,95.2
2007,Brahmanbaria,Chattogram,3367.813784750236,220.9332474691749,111.79670150333848,10,8,TRUE,80.6
2007,Chandpur,Chattogram,3567.4850566137,162.5349929443027,92.50611813673903,4,3,TRUE,94
2007,Chattogram,Chattogram,3091.6456608113235,172.40401686629394,92.49938407267648,15,9,FALSE,85.1
2007,Cox's Bazar,Chattogram,2897.742904894195,192.3477974343775,95.92451715212933,25,13,FALSE,89.1
2007,Cumilla,Chattogram,3371.811954992856,128.96379489283527,96.89457667968918,9,7,FALSE,93.5
2007,Feni,Chattogram,3487.888148457747,145.01649006070664,107.78567836658544,8,6,TRUE,86.7
2007,Khagrachari,Chattogram,3916.81671441966,144.93221916051667,100.8202835451265,3,2,TRUE,69.4
2007,Lakshmipur,Chattogram,3562.4187013384308,242.7055549453848,103.75573255873198,5,4,TRUE,75.8
2007,Noakhali,Chattogram,2894.334713659472,199.22296817256017,95.46697337009458,26,14,FALSE,58.1
2007,Rangamati,Chattogram,3010.83159302526,192.5838590274651,104.59421518010689,19,11,FALSE,92.3
2007,Dhaka,Dhaka,2280.6150590282514,101.546905961238,88.49144381206428,62,30,FALSE,54.4
2007,Faridpur,Dhaka,2323.6533912150053,114.0255234682089,94.5883798440395,55,27,FALSE,45.6
2007,Gazipur,Dhaka,1727.0476755739196,82.33663345597458,88.79193044949749,112,56,FALSE,26.6
2007,Gopalganj,Dhaka,2050.8110151274423,104.4399552064503,96.55531853340298,85,42,FALSE,64.1
2007,Madaripur,Dhaka,2405.3273627279405,125.61946993879717,88.57167097452295,44,22,FALSE,57.7
2007,Manikganj,Dhaka,2305.138760847029,51.212754655789766,90.276772921166,58,29,FALSE,42.7
2007,Munshiganj,Dhaka,2230.3826704115545,107.94922466893718,91.76590766491545,65,31,FALSE,64.1
2007,Narayanganj,Dhaka,2039.8510772680088,89.21729413419644,82.07889248786414,86,43,FALSE,31.9
2007,Narsingdi,Dhaka,1976.704103565504,105.46350006993691,84.99112920669543,95,48,FALSE,36.3
2007,Rajbari,Dhaka,2337.128778656089,79.82340236122221,87.83279383830255,53,26,FALSE,62.1
2007,Shariatpur,Dhaka,2093.9824312100645,114.01708516750506,97.86147778041894,79,39,FALSE,47.2
2007,Tangail,Dhaka,2008.5775743776871,126.01318697349885,78.3235915209869,92,45,FALSE,49.2
2007,Bagerhat,Khulna,2107.356991905903,85.82454982513832,81.69122884519966,77,37,FALSE,55.6
2007,Chuadanga,Khulna,2166.353613,112.5801990418887,79.47278294242304,71,33,FALSE,34.7
2007,Jashore,Khulna,1979.1704113527903,138.38855039463107,74.34264426947452,94,47,FALSE,42.3
2007,Jhenaidah,Khulna,2362.0974434053974,133.06968450650336,85.56685363596773,48,24,FALSE,76.6
2007,Khulna,Khulna,2155.4984171796937,136.56436854266406,98.85819766942244,73,34,TRUE,46.8
2007,Kushtia,Khulna,2028.9152243292908,91.4239372708298,80.736562961122,90,44,FALSE,58.1
2007,Magura,Khulna,2380.250001368356,167.5336462416009,93.0321051402627,45,23,TRUE,67.7
2007,Meherpur,Khulna,2110.05649028788,127.9077190818062,82.36849659594897,76,36,FALSE,46.8
2007,Narail,Khulna,2349.389741056799,107.71603365580052,93.3489317975552,50,25,FALSE,68.5
2007,Satkhira,Khulna,1951.537589476193,82.5960730058402,89.93870166304133,97,50,FALSE,35.9
2007,Mymensingh,Mymensingh,2059.721145257133,125.6523426461182,96.77642645704952,82,41,FALSE,49.2
2007,Bogura,Rajshahi,1807.826038086726,82.9782648739003,89.56283170151474,104,51,FALSE,56
2007,Chapai Nawabganj,Rajshahi,1310.397859056868,56.388487338837486,79.31925438364196,124,60,FALSE,41.5
2007,Joypurhat,Rajshahi,2148.091394986496,92.2017930923878,79.59731586031785,74,35,FALSE,31.9
2007,Naogaon,Rajshahi,1678.7731551053091,115.70259376269992,77.3761156531998,117,58,FALSE,21.8
2007,Natore,Rajshahi,1624.9952487518908,49.61245580438372,84.8848712421824,120,59,FALSE,32.3
2007,Pabna,Rajshahi,1994.336062125445,121.36406125851845,81.29413120219724,93,46,FALSE,53.2
2007,Rajshahi,Rajshahi,1761.8463619595482,105.9598756175604,80.79884128585098,108,53,FALSE,43.5
2007,Sirajganj,Rajshahi,2094.180174827199,92.86824302437084,89.70050239832949,78,38,FALSE,60.5
2007,Dinajpur,Rangpur,1954.319749059121,98.2668458910066,82.67913849891912,96,49,FALSE,18.1
2007,Gaibandha,Rangpur,1799.085777399035,105.3177600276194,83.17919314110145,105,52,FALSE,31
2007,Kurigram,Rangpur,1761.0040820660288,73.81596297871185,83.41731638449417,109,54,FALSE,14.9
2007,Lalmonirhat,Rangpur,2319.2410596065924,119.39999399988238,85.33219241798167,57,28,FALSE,29.4
2007,Nilphamari,Rangpur,2197.6295673212708,107.1673236760527,78.80566676747311,68,32,FALSE,33.9
2007,Panchagarh,Rangpur,1681.6875733553854,98.728409318729,86.59624644073992,116,57,FALSE,27
2007,Rangpur,Rangpur,2091.7042720962327,101.6021522649307,84.52207796291665,81,40,FALSE,21.8
2007,Thakurgaon,Rangpur,1728.8261708074451,121.61562073815158,82.59591807324377,111,55,FALSE,13.3
2007,Habiganj,Sylhet,4028.945897787796,219.76615961149287,109.42670196676166,1,1,TRUE,54.4
2007,Moulvibazar,Sylhet,3084.596344289584,181.62176072682456,94.7451719791626,16,10,FALSE,56
2007,Sunamganj,Sylhet,3005.055869287343,220.47598768361684,102.24246099797126,20,12,FALSE,54
2007,Sylhet,Sylhet,2543.3146222430723,154.59160177102072,110.87433821897416,41,20,FALSE,43.1
2007,Barguna,Barishal,2679.546267670713,126.91875520052848,87.52138364750483,36,19,FALSE,73.4
2007,Barishal,Barishal,2904.7337646178976,172.7322300617994,92.95930986952972,24,12,FALSE,67.3
2007,Bhola,Barishal,2716.985324539667,132.45516481486126,88.04382205863891,35,18,FALSE,80.6
2007,Jhalokati,Barishal,1947.344976451477,82.39671475604237,86.58080996092659,98,48,FALSE,49.6
2007,Patuakhali,Barishal,2337.374470613784,103.640653513486,88.88097356405761,52,27,FALSE,75.4
2007,Pirojpur,Barishal,2113.654228655017,99.12199626455282,94.621373124284,75,40,FALSE,58.1
2007,Bandarban,Chattogram,2952.0597698946854,105.29549033663454,91.44202555759917,22,10,FALSE,74.2
2007,Brahmanbaria,Chattogram,3171.182347630692,197.53233013229067,90.76615351782722,12,4,FALSE,77.8
2007,Chandpur,Chattogram,3346.501937243864,151.55890126227447,94.02818286756496,11,3,FALSE,88.3
2007,Chattogram,Chattogram,2749.2357870123533,118.47718761632736,89.09284850711254,30,15,FALSE,56
2007,Cox's Bazar,Chattogram,2744.0284593927536,135.45829056348416,102.01462880810482,32,17,FALSE,58.5
2007,Cumilla,Chattogram,2762.445845587717,124.71598139187142,101.9752470789284,29,14,FALSE,83.5
2007,Feni,Chattogram,2964.627882061655,121.64928862975744,99.64190217271276,21,9,FALSE,64.1
2007,Khagrachari,Chattogram,3071.8294901689865,181.361352351912,92.8051067947569,17,7,FALSE,85.5
2007,Lakshmipur,Chattogram,2799.1659500529586,131.8956114209052,103.1011880708882,28,13,FALSE,46.4
2007,Noakhali,Chattogram,3142.1842647330154,191.71480991851607,97.38927186870076,13,5,FALSE,87.9
2007,Rangamati,Chattogram,3135.742195685905,158.02406752093268,85.97454285678883,14,6,FALSE,58.5
2007,Dhaka,Dhaka,2294.044066512385,99.90287187320116,86.24837363305048,60,31,FALSE,61.3
2007,Faridpur,Dhaka,2343.0322457463835,94.46298945996718,84.71225303687575,51,26,FALSE,38.7
2007,Gazipur,Dhaka,2333.9310984395725,206.61665332174368,87.505343064159,54,28,TRUE,59.3
2007,Gopalganj,Dhaka,1885.498066861312,105.58654794968966,93.26450499406218,101,51,FALSE,40.7
2007,Kishoreganj,Dhaka,2013.2232024743664,96.36399254043477,85.94544539358803,91,47,FALSE,47.2
2007,Madaripur,Dhaka,1889.089103870852,102.85339575440835,91.2597889198739,100,50,FALSE,22.6
2007,Manikganj,Dhaka,2638.675525118867,155.19738874228597,84.0321641521003,37,20,FALSE,69.4
2007,Munshiganj,Dhaka,2214.5071771950606,134.95630856855183,73.92521222171108,66,35,FALSE,58.5
2007,Narayanganj,Dhaka,2037.0072649751803,138.77007204909438,88.32651161273284,87,44,FALSE,28.6
2007,Narsingdi,Dhaka,2367.84458709668,169.6147392257356,82.233330590282,47,24,TRUE,51.2
2007,Rajbari,Dhaka,2284.019311010168,108.43716282993353,82.32913238650673,61,32,FALSE,33.9
2007,Shariatpur,Dhaka,2249.309920315673,134.98212508282882,67.86060624200458,63,33,FALSE,51.2
2007,Tangail,Dhaka,2583.919190928733,164.85640489860089,80.32662379094282,39,21,TRUE,56.5
2007,Bagerhat,Khulna,1753.5456870792564,79.20923969162155,81.48170985662104,110,56,FALSE,31.5
2007,Chuadanga,Khulna,1684.7476546837572,106.70999154766972,96.96249075851912,115,59,TRUE,26.6
2007,Jashore,Khulna,2029.341328178872,130.9484350835995,91.15048710324544,89,46,FALSE,35.1
2007,Jhenaidah,Khulna,1842.32543185974,93.61007590164743,79.09411235107055,102,52,FALSE,55.6
2007,Khulna,Khulna,2198.542730478628,104.84697532493064,90.33708754760944,67,36,FALSE,54.8
2007,Kushtia,Khulna,2056.990463914341,100.58672057765502,89.73036200595914,84,43,FALSE,31.5
2007,Magura,Khulna,2296.6602943534576,124.56831615290427,76.18330420281625,59,30,FALSE,43.5
2007,Meherpur,Khulna,2748.7373254572203,131.09658294641366,88.59730543232195,31,16,TRUE,77
2007,Narail,Khulna,1780.6414784805777,50.25027709664749,77.78151275926027,107,55,FALSE,31
2007,Satkhira,Khulna,2321.6527778513687,91.69081335659897,87.19063500354463,56,29,FALSE,38.3
2007,Jamalpur,Mymensingh,2356.631502124149,106.24552187976109,91.02473557982384,49,25,FALSE,37.5
2007,Mymensingh,Mymensingh,2172.0868362908527,108.29042594125043,89.45970548802218,70,38,FALSE,32.3
2007,Netrokona,Mymensingh,2444.339985089749,143.9143157589403,84.25799424665684,43,22,FALSE,62.5
2007,Sherpur,Mymensingh,2236.838098041115,122.2735866950766,92.1060070995346,64,34,FALSE,34.3
2007,Bogura,Rajshahi,1608.2415689597972,91.4675612800858,77.24273471250193,121,62,FALSE,15.7
2007,Chapai Nawabganj,Rajshahi,1580.8946943863752,101.56659895048486,87.08147159856638,122,63,FALSE,29.4
2007,Joypurhat,Rajshahi,1835.2021027190224,72.03790314317712,73.07987646498805,103,53,FALSE,36.7
2007,Naogaon,Rajshahi,1669.409782069869,76.3453781229597,76.22036722052965,118,60,FALSE,19.4
2007,Natore,Rajshahi,2032.4543749682296,88.78468970388042,79.5212165308282,88,45,FALSE,29.4
2007,Pabna,Rajshahi,1908.1391929936144,94.63733250081972,82.24616434446726,99,49,FALSE,29.8
2007,Rajshahi,Rajshahi,1483.3151955063763,51.9938147192657,78.59358437353251,123,64,FALSE,19.8
2007,Sirajganj,Rajshahi,2093.374087949193,108.8700788585554,79.31752052666901,80,41,FALSE,33.5
2007,Dinajpur,Rangpur,1707.8235293452303,105.1113083071324,94.08048618416272,113,57,TRUE,7.3
2007,Gaibandha,Rangpur,2159.5861943875934,133.17149462202775,85.22406340963147,72,39,FALSE,24.2
2007,Kurigram,Rangpur,1630.5677386675495,87.9684441787655,86.31357768704407,119,61,FALSE,3.6
2007,Lalmonirhat,Rangpur,2057.65129338376,119.52013645038856,78.28986500077919,83,42,FALSE,18.5
2007,Nilphamari,Rangpur,1792.903653883054,115.09465546042776,74.38313782545823,106,54,FALSE,12.5
2007,Panchagarh,Rangpur,1702.5886824068568,86.557437842976,73.39355602432897,114,58,FALSE,4.8
2007,Rangpur,Rangpur,2369.2993614899774,69.16599609214722,87.11091052429624,46,23,FALSE,32.7
2007,Thakurgaon,Rangpur,2177.7618028650563,125.9434470346214,81.88632611147302,69,37,FALSE,28.6
2007,Habiganj,Sylhet,2907.620790966963,172.4047574994488,99.05218046659073,23,11,FALSE,44.4
2007,Moulvibazar,Sylhet,3042.7357378328634,202.5308272699275,98.3866328067148,18,8,FALSE,48.8
2007,Sunamganj,Sylhet,3489.374081496346,205.04152390485052,95.83492883091918,7,2,FALSE,52.8
2007,Sylhet,Sylhet,3973.262128188733,167.88562316640784,89.70990177219643,2,1,FALSE,53.2
2008,Barguna,Barishal,2842.319583307421,140.81595170184698,93.10959807840696,25,14,FALSE,88.7
2008,Barishal,Barishal,3099.9621977189504,118.73891740599872,103.21532761482592,17,11,TRUE,87.5
2008,Bhola,Barishal,2274.445565587778,97.29411544204748,97.05909414466149,61,31,FALSE,71
2008,Jhalokati,Barishal,2694.784818011148,129.72564720169555,95.92392292737222,32,18,FALSE,87.5
2008,Patuakhali,Barishal,2044.0553473386583,136.72233601534467,79.89495335605503,91,45,FALSE,55.6
2008,Pirojpur,Barishal,2263.8860832108853,166.02572141904238,100.89941987619736,64,33,FALSE,69.4
2008,Bandarban,Chattogram,3319.7085544562588,115.30163285440582,97.4064610489445,10,7,FALSE,83.5
2008,Brahmanbaria,Chattogram,2758.632580985865,167.22312671033507,104.5469304277731,30,17,FALSE,85.1
2008,Chandpur,Chattogram,2778.132884349452,120.64314803547326,103.25495898835864,27,15,FALSE,69.8
2008,Chattogram,Chattogram,3212.1345839425194,126.35415379912328,107.1256818117287,11,8,FALSE,85.1
2008,Cox's Bazar,Chattogram,3498.630291665968,163.87431089049096,96.67263712619868,4,3,FALSE,79.8
2008,Cumilla,Chattogram,3106.0589081492053,159.8798840894852,101.57472303047597,15,10,FALSE,86.7
2008,Feni,Chattogram,3395.1828910264294,218.9297271845377,102.73912933304992,9,6,TRUE,93.1
2008,Khagrachari,Chattogram,2329.0352612963607,123.61608842655212,101.07658932049398,53,26,FALSE,78.6
2008,Lakshmipur,Chattogram,2774.177658822392,182.5754361833241,96.28326970133185,28,16,FALSE,87.1
2008,Noakhali,Chattogram,3135.18166917055,171.60102142971087,100.1667596694993,14,9,FALSE,80.2
2008,Rangamati,Chattogram,3051.738220901496,135.48699392001163,98.71849049509328,19,12,FALSE,88.3
2008,Dhaka,Dhaka,2333.565489724117,91.06145607854232,88.64761393624799,51,25,FALSE,68.5
2008,Faridpur,Dhaka,2846.5751300753195,174.82676414801628,77.89237388432494,24,13,TRUE,64.1
2008,Gazipur,Dhaka,2075.261029365712,75.76675406645825,89.33941097397971,85,41,FALSE,59.7
2008,Gopalganj,Dhaka,2564.6041741132285,111.48547379768736,84.31563753092993,37,20,FALSE,67.3
2008,Madaripur,Dhaka,2273.75284429794,145.44973456736935,84.26788299533722,62,32,FALSE,39.9
2008,Manikganj,Dhaka,1936.3097375810505,83.38937813084738,84.52670089717004,99,48,FALSE,26.2
2008,Munshiganj,Dhaka,2075.485841137944,119.39921885070422,86.70061827163974,84,40,FALSE,57.3
2008,Narayanganj,Dhaka,1959.856960342016,98.155638872745,89.50866428589664,96,47,FALSE,41.5
2008,Narsingdi,Dhaka,2318.279050365132,79.65369373042319,79.45286200380053,57,28,FALSE,62.1
2008,Rajbari,Dhaka,2115.218017524532,105.98020731928762,78.53430093025594,81,39,FALSE,55.6
2008,Shariatpur,Dhaka,2246.550738650932,134.78310504209898,92.44032902233288,66,35,FALSE,48.4
2008,Tangail,Dhaka,2298.9940638683784,148.94982215931984,90.01060148931528,59,29,FALSE,43.1
2008,Bagerhat,Khulna,2411.094498648702,136.72404656010545,81.59024297700242,46,22,FALSE,75
2008,Chuadanga,Khulna,2128.527662870981,129.28901209179088,85.91326975891019,79,38,FALSE,50.8
2008,Jashore,Khulna,1795.4738245241929,101.50337469691338,79.38252334228336,113,54,FALSE,46.4
2008,Jhenaidah,Khulna,1858.1290638414937,92.02548645154758,85.31036841859762,107,51,FALSE,27.8
2008,Khulna,Khulna,2371.698939740282,121.07905386724534,85.77456516181411,48,24,FALSE,48.8
2008,Kushtia,Khulna,2048.425117152384,97.80934184105308,81.32862026160592,89,44,FALSE,43.1
2008,Magura,Khulna,2261.8224952676505,85.58472927324284,81.54715947202533,65,34,FALSE,55.6
2008,Meherpur,Khulna,2482.029516866147,90.11922857653224,73.17662055289756,39,21,FALSE,56.9
2008,Narail,Khulna,2228.9233331875453,124.86372849853124,85.82777381463734,68,36,FALSE,50
2008,Satkhira,Khulna,2373.026160183005,157.9313132987224,80.90383425182209,47,23,TRUE,68.1
2008,Mymensingh,Mymensingh,1926.996274770157,90.32706249937428,96.4087858480216,101,49,FALSE,31.5
2008,Bogura,Rajshahi,1519.3988250225414,46.86528068032771,80.581899257966,124,60,FALSE,15.3
2008,Chapai Nawabganj,Rajshahi,2052.279949905723,87.16838713647985,88.66222309392658,88,43,FALSE,42.7
2008,Joypurhat,Rajshahi,2575.441022233617,129.68520342483475,88.92725134944693,36,19,TRUE,53.2
2008,Naogaon,Rajshahi,1801.838344449684,83.1556815763514,86.05146860549789,112,53,FALSE,39.1
2008,Natore,Rajshahi,1685.9875349457116,99.76474248878998,87.63048344034713,119,58,FALSE,12.5
2008,Pabna,Rajshahi,1712.633869965539,81.0962063834792,73.64434351281398,115,56,FALSE,41.5
2008,Rajshahi,Rajshahi,1705.4497568979596,92.99675596767128,87.23120460070515,116,57,FALSE,26.2
2008,Sirajganj,Rajshahi,1978.60518260232,116.22668110329612,78.17597976652091,95,46,FALSE,59.7
2008,Dinajpur,Rangpur,2052.518737995291,108.22428903590266,84.2350829581768,87,42,FALSE,27
2008,Gaibandha,Rangpur,2280.8691873560774,114.76447507809392,89.0479389418251,60,30,FALSE,32.3
2008,Kurigram,Rangpur,1770.5398259101446,97.31885580039366,99.10317725417958,114,55,TRUE,9.3
2008,Lalmonirhat,Rangpur,1818.1120775615848,88.6324384323543,85.74742949186647,109,52,FALSE,12.1
2008,Nilphamari,Rangpur,2218.8890913484124,120.52337635814654,79.18854766121626,71,37,FALSE,33.9
2008,Panchagarh,Rangpur,2324.3311540889413,114.966484302322,87.47067817063628,56,27,FALSE,35.1
2008,Rangpur,Rangpur,1922.7495923622964,129.39944981864434,86.46873420758368,102,50,FALSE,18.1
2008,Thakurgaon,Rangpur,1580.587673509888,88.07540962129448,85.36424292569951,123,59,FALSE,2
2008,Habiganj,Sylhet,4078.325176105648,157.13735376964996,112.15736181297856,1,1,TRUE,54.4
2008,Moulvibazar,Sylhet,3439.833118991087,236.95751081273508,114.01186656435296,6,5,FALSE,66.1
2008,Sunamganj,Sylhet,3465.920538093204,136.891299690701,113.52624450176997,5,4,FALSE,64.5
2008,Sylhet,Sylhet,3760.296688144518,242.5429392394429,106.16586651716185,2,2,FALSE,58.1
2008,Barguna,Barishal,2419.2846510628306,94.93529829308328,82.85082969474774,44,23,FALSE,81.9
2008,Barishal,Barishal,2678.782965625173,136.38018570269065,90.23619669463972,33,15,FALSE,79.8
2008,Bhola,Barishal,2745.0747161868608,156.81189258225746,95.77828315166398,31,14,FALSE,76.2
2008,Jhalokati,Barishal,2765.6494998424464,133.66896395033373,89.51801593223367,29,13,FALSE,58.1
2008,Patuakhali,Barishal,2502.5192046178663,110.2483910676064,92.45884345333484,38,18,FALSE,60.1
2008,Pirojpur,Barishal,2885.7589708164032,133.4516644457946,85.65341658396615,23,11,FALSE,87.1
2008,Bandarban,Chattogram,3414.783379770047,132.9321620203411,92.6669643780884,7,2,FALSE,73.8
2008,Brahmanbaria,Chattogram,2332.194554047338,102.97530482598457,94.6736464027746,52,27,FALSE,46.4
2008,Chandpur,Chattogram,2588.15085805304,93.24801660663508,91.35840404192398,35,17,FALSE,76.6
2008,Chattogram,Chattogram,2978.5461471842063,127.60806578046592,98.95231239427572,21,9,FALSE,86.3
2008,Cox's Bazar,Chattogram,2986.339717980296,151.04974187405628,99.95058529323173,20,8,FALSE,50
2008,Cumilla,Chattogram,3180.165075255793,131.0287049656298,106.78236667019664,12,4,TRUE,65.3
2008,Feni,Chattogram,2069.806969817075,95.7322554384839,88.62873707493617,86,45,FALSE,27
2008,Khagrachari,Chattogram,3102.694632298459,161.15557085305326,87.23963346772781,16,6,FALSE,77
2008,Lakshmipur,Chattogram,3408.67212354822,181.95571834877225,87.6178701128567,8,3,FALSE,62.5
2008,Noakhali,Chattogram,3167.1634035256893,155.25703432447284,108.49460832268127,13,5,TRUE,84.7
2008,Rangamati,Chattogram,3089.966160090178,88.60182482476122,100.93582445786444,18,7,FALSE,68.5
2008,Dhaka,Dhaka,2190.7050298314125,143.81197875842616,68.60152937546154,73,36,FALSE,49.2
2008,Faridpur,Dhaka,2043.6642125726844,108.718479574978,74.7620376,92,47,FALSE,34.7
2008,Gazipur,Dhaka,2448.0602585082324,138.34946327602836,82.42838453215793,40,19,FALSE,61.7
2008,Gopalganj,Dhaka,2144.524653558146,139.19522219968948,85.21200474321267,78,41,FALSE,33.1
2008,Kishoreganj,Dhaka,2423.011302032525,117.27523644430777,84.20590275258388,43,22,FALSE,43.5
2008,Madaripur,Dhaka,2165.1753366650414,108.57679200293,79.61061012150657,75,38,FALSE,46
2008,Manikganj,Dhaka,2220.135559988381,91.88510117316837,93.45874446361796,70,34,FALSE,46.4
2008,Munshiganj,Dhaka,2158.9377463694627,98.73079076727248,78.247373748439,76,39,FALSE,25
2008,Narayanganj,Dhaka,2364.445812154436,141.2178135628426,88.05085977330319,49,25,FALSE,37.1
2008,Narsingdi,Dhaka,2264.8595577647966,148.97007926423714,83.7482268056783,63,31,FALSE,45.2
2008,Rajbari,Dhaka,2429.6283420582613,119.5902625036263,83.23712051845625,41,20,FALSE,82.7
2008,Shariatpur,Dhaka,2029.96012238687,64.33688832586186,87.38721559714989,93,48,FALSE,48.8
2008,Tangail,Dhaka,2328.4676484335123,122.49308672683864,81.01816907692749,54,28,FALSE,41.9
2008,Bagerhat,Khulna,2328.324838631876,128.6841371625401,81.06676668268092,55,29,FALSE,47.2
2008,Chuadanga,Khulna,1946.1439175460853,152.27273388550344,74.29818901018494,98,51,TRUE,31.9
2008,Jashore,Khulna,1857.983644188636,54.14354080666853,73.37977756183926,108,57,FALSE,17.7
2008,Jhenaidah,Khulna,2090.4366878995893,75.16709531584515,81.40691873593846,83,44,FALSE,46.4
2008,Khulna,Khulna,2309.489184241352,93.1611741830072,81.73566945356579,58,30,FALSE,45.6
2008,Kushtia,Khulna,2415.733329825625,125.8716957423774,81.24948370814792,45,24,FALSE,79.4
2008,Magura,Khulna,1987.9892251316544,69.91789053839238,77.3059056203692,94,49,FALSE,25
2008,Meherpur,Khulna,2152.562679805434,89.50739571214876,67.60012600930267,77,40,FALSE,52
2008,Narail,Khulna,2124.69739870376,109.40793363465176,73.74565901360351,80,42,FALSE,52.4
2008,Satkhira,Khulna,2241.0967531530564,125.94378343965904,70.74409865002498,67,32,FALSE,47.2
2008,Jamalpur,Mymensingh,2428.6414377261794,133.70812962717014,92.78925944499328,42,21,FALSE,74.6
2008,Mymensingh,Mymensingh,2182.200649557826,106.7181266246428,85.89782224476798,74,37,FALSE,29.8
2008,Netrokona,Mymensingh,2362.1439449816785,129.86460548962106,90.42354551232675,50,26,FALSE,44
2008,Sherpur,Mymensingh,2213.666008721192,114.04271552598772,81.41714259021985,72,35,FALSE,56.5
2008,Bogura,Rajshahi,2045.816031144601,89.86735019690154,76.79479247419779,90,46,FALSE,50.4
2008,Chapai Nawabganj,Rajshahi,1682.4539996920316,78.97415596989961,78.86856330443456,122,64,FALSE,14.1
2008,Joypurhat,Rajshahi,1904.449050480823,95.03839854410464,83.26978383842392,103,53,FALSE,31.9
2008,Naogaon,Rajshahi,2096.160141544747,131.52206778997825,76.96595807645132,82,43,FALSE,50.8
2008,Natore,Rajshahi,1809.51620217622,45.4582668959068,76.66531157770319,111,59,FALSE,36.3
2008,Pabna,Rajshahi,1814.2085156548,74.90516764455049,78.42891942093058,110,58,FALSE,32.7
2008,Rajshahi,Rajshahi,1692.3571625466968,98.31908755208458,81.1813658852957,118,61,FALSE,31.9
2008,Sirajganj,Rajshahi,1685.131812869466,89.94839463173058,74.72547662002647,120,62,FALSE,41.9
2008,Dinajpur,Rangpur,1703.0904895165586,78.22338274735279,80.18802980422828,117,60,FALSE,6.9
2008,Gaibandha,Rangpur,1933.205659137436,105.2465225391163,84.99852691991242,100,52,FALSE,14.1
2008,Kurigram,Rangpur,2222.032333447059,126.75219499148612,91.21624026888202,69,33,FALSE,23.4
2008,Lalmonirhat,Rangpur,1861.403609938652,93.10337008842048,73.74872974976259,106,56,FALSE,8.1
2008,Nilphamari,Rangpur,1884.34738665568,116.43129880951358,87.9709737796217,105,55,FALSE,14.9
2008,Panchagarh,Rangpur,1902.5583351105445,85.82143517285198,76.87612882706827,104,54,FALSE,11.7
2008,Rangpur,Rangpur,1684.4289869279887,104.09673661374288,84.49538841540628,121,63,FALSE,11.3
2008,Thakurgaon,Rangpur,1951.2265759183024,108.14093796215262,78.07673334715716,97,50,FALSE,12.9
2008,Habiganj,Sylhet,2824.558494659884,110.7301407504691,87.99920816022832,26,12,FALSE,42.3
2008,Moulvibazar,Sylhet,3674.6872060804753,230.47242840811063,99.46512463832548,3,1,FALSE,51.2
2008,Sunamganj,Sylhet,2929.6051782254217,73.29693398756727,101.33275778848238,22,10,FALSE,49.6
2008,Sylhet,Sylhet,2608.638680074002,150.02540489980262,87.73950172246208,34,16,FALSE,39.5
2009,Barguna,Barishal,3253.7513833431144,148.7798509481516,87.41209072294839,9,5,TRUE,96.8
2009,Barishal,Barishal,2831.8679961344724,131.7861833815391,100.67619137697396,22,13,FALSE,89.1
2009,Bhola,Barishal,2602.7759457740844,109.2496936620868,104.92592386632992,32,17,FALSE,77
2009,Jhalokati,Barishal,2340.154112092697,134.26335034861074,95.79543135244188,53,27,FALSE,75
2009,Patuakhali,Barishal,2328.925622964733,98.44791921016494,103.62379728830136,54,28,FALSE,75
2009,Pirojpur,Barishal,2573.195423460429,119.45465116077382,93.7937283383294,33,18,FALSE,81
2009,Bandarban,Chattogram,3251.372053938739,125.12393954292943,99.60292793321337,10,6,FALSE,81.5
2009,Brahmanbaria,Chattogram,3634.844504628085,189.466520596318,103.0156176377002,3,2,TRUE,78.6
2009,Chandpur,Chattogram,2510.401650844984,178.20331641587958,104.0123417944042,39,19,FALSE,75.4
2009,Chattogram,Chattogram,3422.6036058257546,157.89162859399843,93.57253436125283,5,3,FALSE,87.5
2009,Cox's Bazar,Chattogram,2788.501938093764,107.19425384348553,103.03287267281452,25,14,FALSE,63.7
2009,Cumilla,Chattogram,2490.4469844479304,119.93524289067064,110.75299075433936,43,22,TRUE,69.4
2009,Feni,Chattogram,3142.048815376702,93.78364581124688,101.01474642283831,13,8,FALSE,73
2009,Khagrachari,Chattogram,3134.293338581277,157.81819549028336,94.07319841357749,14,9,FALSE,94
2009,Lakshmipur,Chattogram,3159.51251813968,166.09208729253203,95.67718671591965,12,7,FALSE,87.5
2009,Noakhali,Chattogram,2988.429332236765,138.59183491322338,98.28032781884362,17,11,FALSE,91.9
2009,Rangamati,Chattogram,3341.37339038164,119.83042601048386,100.3010944986646,7,4,FALSE,97.2
2009,Dhaka,Dhaka,2209.036262863698,147.5997482497348,94.13834803146185,66,33,FALSE,56
2009,Faridpur,Dhaka,2422.811025043105,157.33682613613888,80.83765542299223,46,24,FALSE,74.2
2009,Gazipur,Dhaka,1900.500623552664,85.80876353812263,92.37375060195215,106,52,FALSE,52
2009,Gopalganj,Dhaka,2687.205476657029,134.8448721772317,80.47840131150669,29,15,TRUE,65.3
2009,Madaripur,Dhaka,2391.999483575891,132.91868881763472,81.82590779063233,50,25,FALSE,52.4
2009,Manikganj,Dhaka,2255.5714869424746,82.28589783339967,91.425539447124,56,29,FALSE,76.6
2009,Munshiganj,Dhaka,2246.3471321261604,128.7193883774111,84.17250694991121,58,30,FALSE,48.8
2009,Narayanganj,Dhaka,1556.9138471952313,107.92596839820588,96.16932079878748,124,60,FALSE,40.3
2009,Narsingdi,Dhaka,2193.930668876906,122.37547893460956,101.29616502514202,69,34,TRUE,57.3
2009,Rajbari,Dhaka,2376.81733324081,136.49802927862922,95.85892588637418,51,26,FALSE,68.5
2009,Shariatpur,Dhaka,2226.331854610132,129.1783152161354,81.77291630617994,61,31,FALSE,71
2009,Tangail,Dhaka,1938.1169957430625,75.58278206993323,85.61056421883458,99,49,FALSE,39.5
2009,Bagerhat,Khulna,2002.491790602704,123.74295503874995,103.30508771913594,92,45,TRUE,46.8
2009,Chuadanga,Khulna,2217.066515633981,113.25517546450536,97.83685724783076,65,32,TRUE,72.2
2009,Jashore,Khulna,2053.0299932129683,95.9321514090582,89.40572709921652,85,41,FALSE,52
2009,Jhenaidah,Khulna,1994.203681104342,58.18177684579623,99.3086773098092,97,48,TRUE,37.1
2009,Khulna,Khulna,2028.2450388021205,83.21906728063317,83.86446620821135,88,43,FALSE,37.5
2009,Kushtia,Khulna,2180.6666342562976,81.84080928703999,93.3461665096216,73,35,FALSE,51.6
2009,Magura,Khulna,2664.646224283919,114.74385082672312,81.50092111679811,30,16,TRUE,62.1
2009,Meherpur,Khulna,1711.8229252846772,96.28744905444682,84.53494074707777,119,58,FALSE,40.3
2009,Narail,Khulna,2079.3135307843804,130.69395821258564,84.00992726546609,83,40,FALSE,62.5
2009,Satkhira,Khulna,2104.200457303328,129.87927925536894,97.3402519414642,81,38,TRUE,33.9
2009,Mymensingh,Mymensingh,1995.634298103019,113.83396848765784,86.68863281655545,95,46,FALSE,55.6
2009,Bogura,Rajshahi,1860.678395447982,112.0840982751191,92.13608233223437,112,55,TRUE,43.5
2009,Chapai Nawabganj,Rajshahi,2129.8922685249577,86.56080327562964,81.62263460606995,79,36,FALSE,45.6
2009,Joypurhat,Rajshahi,2080.169241323535,150.67393799909223,82.03233513131812,82,39,TRUE,35.9
2009,Naogaon,Rajshahi,1995.002768141494,97.35366885502611,78.10096208837777,96,47,FALSE,36.7
2009,Natore,Rajshahi,1699.2533979444263,131.67969733028897,86.21629195268824,121,59,TRUE,43.1
2009,Pabna,Rajshahi,1925.1366521223536,125.07977593022532,87.56657002831324,103,50,FALSE,37.1
2009,Rajshahi,Rajshahi,2030.497240675305,106.75562690138224,89.21965156313465,87,42,TRUE,44
2009,Sirajganj,Rajshahi,1859.9654895501544,102.89561311635566,78.20516383181685,113,56,FALSE,24.6
2009,Dinajpur,Rangpur,1896.2029732097933,88.45323747722503,93.62264138230508,107,53,TRUE,19.4
2009,Gaibandha,Rangpur,2008.208187767388,96.44263952695611,89.6338037390231,91,44,FALSE,33.1
2009,Kurigram,Rangpur,1895.3144951793463,110.22443530226276,81.01953410371082,108,54,FALSE,19.8
2009,Lalmonirhat,Rangpur,1749.4933231102257,75.87511093573312,92.505941358657,117,57,TRUE,13.3
2009,Nilphamari,Rangpur,1902.912693983638,114.54974143355354,94.29302275156785,105,51,FALSE,9.7
2009,Panchagarh,Rangpur,2496.2441712012337,161.3551305165631,85.75479309057538,42,21,TRUE,43.1
2009,Rangpur,Rangpur,2457.9213712154246,91.01883216870138,77.44037888959957,44,23,TRUE,55.6
2009,Thakurgaon,Rangpur,2109.473281175162,98.1324626193212,102.1388875473765,80,37,TRUE,24.6
2009,Habiganj,Sylhet,3072.5843149534767,186.43303071716485,112.49389263888852,16,10,FALSE,48
2009,Moulvibazar,Sylhet,2505.2781636359105,155.65690169078454,110.4006370093916,40,20,FALSE,46.8
2009,Sunamganj,Sylhet,3872.7688243661873,172.44881389091918,106.45911765109504,2,1,TRUE,60.9
2009,Sylhet,Sylhet,2942.5484494757634,151.7966624640738,109.51823297807717,18,12,FALSE,52
2009,Barguna,Barishal,2859.138780501174,151.66279364689757,83.49991197823941,21,9,FALSE,83.1
2009,Barishal,Barishal,2893.136535906747,204.7572088217976,103.08381387930802,19,7,TRUE,77
2009,Bhola,Barishal,2408.9545122275285,87.85780173479014,90.73768380884384,48,24,FALSE,60.9
2009,Jhalokati,Barishal,2250.866191654748,128.89611406834223,94.00723667521711,57,28,FALSE,74.6
2009,Patuakhali,Barishal,2745.793674869285,94.6876673752914,103.13097965533956,26,12,FALSE,55.2
2009,Pirojpur,Barishal,2550.840766092699,135.0436028359288,90.82500808406525,36,18,FALSE,82.7
2009,Bandarban,Chattogram,2553.3930552984048,142.769123236539,90.78605800954436,35,17,FALSE,60.5
2009,Brahmanbaria,Chattogram,2700.363560067329,116.98570219890144,96.88315636995824,28,14,FALSE,63.7
2009,Chandpur,Chattogram,2513.8548558474104,54.49646176411372,92.423046849546,38,20,FALSE,71.8
2009,Chattogram,Chattogram,2814.4285627615864,147.4592967816837,98.1281106618176,23,10,FALSE,75
2009,Cox's Bazar,Chattogram,2805.901505675105,146.22348758667096,102.33047373856115,24,11,FALSE,61.3
2009,Cumilla,Chattogram,2892.8015100251355,154.5432295467599,104.45496252428865,20,8,FALSE,82.7
2009,Feni,Chattogram,2604.0690757687767,133.0525259697124,103.10184496948938,31,15,FALSE,69.4
2009,Khagrachari,Chattogram,2733.8200264017755,119.24150031718952,90.23774623010328,27,13,FALSE,54
2009,Lakshmipur,Chattogram,3536.491368706625,143.38679923562927,88.20989693642424,4,2,TRUE,91.5
2009,Noakhali,Chattogram,3183.643814721412,118.5492041219317,87.40015429521877,11,5,FALSE,77
2009,Rangamati,Chattogram,4037.835350270315,295.0816257355263,94.0413055845149,1,1,TRUE,76.2
2009,Dhaka,Dhaka,2222.6531377419246,104.48676062988764,85.11056465921301,62,31,FALSE,30.2
2009,Faridpur,Dhaka,2194.9150722790628,121.87243889628284,85.90348480438797,68,35,FALSE,60.5
2009,Gazipur,Dhaka,1999.0863442202312,95.22010878309943,81.64781871302539,94,49,FALSE,29.8
2009,Gopalganj,Dhaka,2040.536207479356,95.85480690452825,82.23093908875263,86,45,FALSE,33.9
2009,Kishoreganj,Dhaka,2195.2074846419787,103.4237181854584,86.49631136202854,67,34,FALSE,33.9
2009,Madaripur,Dhaka,2168.574381361977,117.52659216816846,79.2350469331874,74,39,FALSE,34.3
2009,Manikganj,Dhaka,1930.3368998751207,92.84266725597368,79.30629047969146,101,52,FALSE,17.3
2009,Munshiganj,Dhaka,2414.0452518300976,122.47219149715492,76.82023460155368,47,23,FALSE,39.9
2009,Narayanganj,Dhaka,2010.965234285534,95.57074800495803,84.11339942539972,90,47,FALSE,39.5
2009,Narsingdi,Dhaka,2358.0739925263,122.30408082714646,81.88139831269683,52,26,FALSE,48.4
2009,Rajbari,Dhaka,2277.6966561750783,96.7613131993124,82.00185442276674,55,27,FALSE,60.1
2009,Shariatpur,Dhaka,2164.2842861968,128.83712840212212,94.23366954793188,76,41,FALSE,55.2
2009,Tangail,Dhaka,2193.376841542224,135.39120879959137,87.82160092756659,70,36,FALSE,36.3
2009,Bagerhat,Khulna,2222.449762539644,139.40472069113855,83.2038851968992,63,32,FALSE,41.5
2009,Chuadanga,Khulna,2143.121315431661,135.98421114952058,84.60443385076073,78,43,FALSE,34.7
2009,Jashore,Khulna,2430.844680590761,124.35774984696047,84.78362714455193,45,22,FALSE,38.3
2009,Jhenaidah,Khulna,2501.619317076605,110.33511075199164,72.95143215585816,41,21,TRUE,66.5
2009,Khulna,Khulna,1858.667639834528,99.62763712900048,79.2201254533211,114,58,FALSE,34.7
2009,Kushtia,Khulna,1846.6584924483368,85.80155650679232,75.051412565016,115,59,FALSE,41.1
2009,Magura,Khulna,2001.0170071468951,85.26938778440156,72.68397047479951,93,48,FALSE,57.7
2009,Meherpur,Khulna,1904.4705293223485,98.57825990958668,74.94707796246381,104,54,FALSE,26.2
2009,Narail,Khulna,2157.5225743773594,123.69194032393663,71.08942693445968,77,42,FALSE,46.8
2009,Satkhira,Khulna,1987.572902793524,84.29763247714132,90.55111398419405,98,50,FALSE,25.8
2009,Jamalpur,Mymensingh,2405.9785311382675,108.05337099108804,86.52055412684803,49,25,FALSE,33.9
2009,Mymensingh,Mymensingh,2230.1512830798824,147.1598145389253,90.03951668764742,60,30,FALSE,35.5
2009,Netrokona,Mymensingh,2526.5401551267955,110.73185813943206,83.32418947632381,37,19,FALSE,41.1
2009,Sherpur,Mymensingh,1865.9577426781243,96.74506826967938,98.81563731537784,110,56,TRUE,16.9
2009,Bogura,Rajshahi,2188.614831078344,143.84448198750397,76.52524533839652,71,37,TRUE,54.8
2009,Chapai Nawabganj,Rajshahi,2222.3197609419053,114.32338374853322,61.99791171735585,64,33,TRUE,45.6
2009,Joypurhat,Rajshahi,2168.247439075301,98.44148527526644,75.64019012883493,75,40,TRUE,28.2
2009,Naogaon,Rajshahi,1928.68901565884,97.67857039598628,83.65726494265976,102,53,FALSE,26.2
2009,Natore,Rajshahi,1711.0949527753571,86.45352367417635,73.68229575984847,120,62,FALSE,23.4
2009,Pabna,Rajshahi,1598.4689369615508,81.32168762865842,79.61625770917689,122,63,FALSE,12.9
2009,Rajshahi,Rajshahi,1822.9134992225013,102.13019200975336,75.54409818182002,116,60,FALSE,46.8
2009,Sirajganj,Rajshahi,1570.7594718465173,102.66730160435672,77.55008690721318,123,64,FALSE,21
2009,Dinajpur,Rangpur,1863.986812137249,122.18803618592072,73.64480610995162,111,57,FALSE,6.9
2009,Gaibandha,Rangpur,2239.2209148824795,89.1462965700315,78.96537412525818,59,29,FALSE,29
2009,Kurigram,Rangpur,1747.5570740765827,81.05819609663982,88.94542595898173,118,61,FALSE,3.2
2009,Lalmonirhat,Rangpur,1881.30077236957,134.03433137967755,63.6891103603965,109,55,FALSE,9.3
2009,Nilphamari,Rangpur,2070.4185472136337,98.73702785482182,73.1807517748525,84,44,FALSE,29.8
2009,Panchagarh,Rangpur,2018.188594494564,95.09389758260455,81.43007756986889,89,46,FALSE,16.5
2009,Rangpur,Rangpur,2184.1690479354825,154.19894936016857,83.6843430216669,72,38,TRUE,25
2009,Thakurgaon,Rangpur,1936.8395376457515,87.98638743930701,76.19732921366925,100,51,FALSE,15.3
2009,Habiganj,Sylhet,3090.6095467966334,124.6570197028593,100.00625944899228,15,6,FALSE,51.6
2009,Moulvibazar,Sylhet,3280.4905430172253,175.1111919039307,105.76282212121852,8,4,FALSE,51.6
2009,Sunamganj,Sylhet,3391.7860831803537,103.46434113321322,98.30990341954114,6,3,FALSE,48.8
2009,Sylhet,Sylhet,2572.828563050331,120.40071475057472,110.2752689348272,34,16,FALSE,43.5
2010,Barguna,Barishal,2137.0891449108976,87.42011286649227,93.35742369867944,81,40,FALSE,47.2
2010,Barishal,Barishal,2443.579524171755,95.74623402190052,85.47003417114006,47,24,FALSE,79
2010,Bhola,Barishal,2779.289534287447,129.60783182650275,95.1978154021492,31,16,FALSE,85.9
2010,Jhalokati,Barishal,2974.668839510339,156.2958583158149,98.08349020238708,24,12,FALSE,89.9
2010,Patuakhali,Barishal,2395.9380098577644,109.05186495528554,89.98637206712645,55,26,FALSE,74.2
2010,Pirojpur,Barishal,3095.4340676898933,227.99480018798067,96.25796948425103,15,7,TRUE,82.3
2010,Bandarban,Chattogram,3159.090637617408,156.73919070233586,97.06890292438744,12,6,FALSE,87.1
2010,Brahmanbaria,Chattogram,3717.5158976559214,179.54860463453537,98.5445964669546,3,1,TRUE,88.3
2010,Chandpur,Chattogram,2998.8796575401493,172.62903185540836,106.87469342248724,21,11,FALSE,76.2
2010,Chattogram,Chattogram,2968.07823064602,141.65664169594294,99.14399075977477,25,13,FALSE,85.9
2010,Cox's Bazar,Chattogram,3202.9022934399145,188.6793409452637,89.7501713663045,11,5,FALSE,95.6
2010,Cumilla,Chattogram,2893.098859260944,133.20455414426868,99.98240104843212,27,15,FALSE,76.6
2010,Feni,Chattogram,3057.5668802985424,120.5526217405648,92.84581238203052,18,10,FALSE,93.1
2010,Khagrachari,Chattogram,3312.142018672875,126.82316241501655,100.79476423336914,10,4,FALSE,90.7
2010,Lakshmipur,Chattogram,3063.769712837965,194.1141005109368,94.7907185958806,16,8,FALSE,84.7
2010,Noakhali,Chattogram,3061.944989122111,179.76515296889127,99.04085470693236,17,9,FALSE,83.1
2010,Rangamati,Chattogram,2919.337819343153,181.7028859057821,103.75326392690404,26,14,FALSE,88.3
2010,Dhaka,Dhaka,2259.178123616865,124.82483503204472,91.99744742708435,69,35,FALSE,35.1
2010,Faridpur,Dhaka,1668.3982147632948,85.11718138456284,96.60430447367084,120,59,FALSE,28.6
2010,Gazipur,Dhaka,1792.3811812669617,89.87602896855823,91.21635034507692,114,58,FALSE,37.1
2010,Gopalganj,Dhaka,2406.698288496701,143.41356992110667,88.07459166780424,50,25,FALSE,72.6
2010,Madaripur,Dhaka,1965.486533184312,86.54065713149701,87.27206209873228,95,48,FALSE,43.5
2010,Manikganj,Dhaka,1837.1069769110004,89.78012828322079,72.97352714366895,105,53,FALSE,38.7
2010,Munshiganj,Dhaka,2458.1427641720147,125.67657969249863,91.22872582364586,46,23,FALSE,62.1
2010,Narayanganj,Dhaka,2720.766953607042,112.22890167016529,101.64556328406904,34,18,TRUE,56.9
2010,Narsingdi,Dhaka,2363.322997041399,97.53230221394972,94.36759481285748,58,28,FALSE,54
2010,Rajbari,Dhaka,2330.7019623177057,125.19831293515176,93.84507967735122,62,31,FALSE,41.1
2010,Shariatpur,Dhaka,2590.8457711234523,114.12524624745066,90.63485511926312,39,20,FALSE,76.6
2010,Tangail,Dhaka,1881.8564633416515,128.2998585912649,80.76167108230914,101,52,FALSE,56.9
2010,Bagerhat,Khulna,2302.0171002510456,100.8298990486508,86.41188551325658,65,33,FALSE,62.9
2010,Chuadanga,Khulna,2341.808630369879,141.29319994924043,78.75551180606554,60,30,FALSE,71
2010,Jashore,Khulna,1825.6766195491225,151.1935970844974,83.97501331031057,107,55,FALSE,20.2
2010,Jhenaidah,Khulna,2499.7133611181707,131.03229860392943,90.81321685901376,41,21,TRUE,66.9
2010,Khulna,Khulna,1986.8876863971225,94.44230734808085,87.7705069698522,94,47,FALSE,31
2010,Kushtia,Khulna,2062.3043420485483,76.91001585526337,87.06122140142465,88,43,FALSE,50.8
2010,Magura,Khulna,2241.085164006552,120.05232208732272,94.20553335067268,74,36,FALSE,65.7
2010,Meherpur,Khulna,2390.5520125976427,106.12931327402995,92.17968117634668,56,27,FALSE,76.6
2010,Narail,Khulna,2285.754408995653,111.3429570620046,96.16880067352726,67,34,TRUE,58.1
2010,Satkhira,Khulna,2019.831059183276,99.12081845403534,78.03724594323745,92,45,FALSE,46.8
2010,Mymensingh,Mymensingh,2737.9901545955763,160.5696289025287,100.45694358100354,32,17,TRUE,60.9
2010,Bogura,Rajshahi,1805.384843059748,54.59080427579711,82.8430034697077,112,57,FALSE,40.7
2010,Chapai Nawabganj,Rajshahi,2093.94671583168,96.84379309644788,82.39688456142359,86,42,FALSE,56
2010,Joypurhat,Rajshahi,1817.941731381581,50.003620309241285,82.42653644335803,109,56,FALSE,50.4
2010,Naogaon,Rajshahi,2322.384562345167,126.51626570776844,69.77834563855522,63,32,TRUE,52.4
2010,Natore,Rajshahi,2120.9422783638715,110.68722039801044,87.85124704059554,82,41,FALSE,60.1
2010,Pabna,Rajshahi,1577.844192225782,89.56057342664673,89.89269562069518,122,60,FALSE,44.8
2010,Rajshahi,Rajshahi,1938.0712153424447,99.91402774123058,82.04742029673625,97,50,FALSE,48.8
2010,Sirajganj,Rajshahi,1960.2590780349767,106.6236829129192,77.54200962163326,96,49,FALSE,28.2
2010,Dinajpur,Rangpur,2199.715473717686,144.0530981496308,88.3258371740612,77,37,TRUE,35.5
2010,Gaibandha,Rangpur,2192.8815420366614,136.26851550065976,90.90691734203224,78,38,FALSE,30.6
2010,Kurigram,Rangpur,1826.4799363128616,131.7865834340875,87.14823732184992,106,54,FALSE,11.3
2010,Lalmonirhat,Rangpur,2147.843868879766,90.45083454226372,65.70734734489594,79,39,FALSE,23
2010,Nilphamari,Rangpur,2026.8307947767453,66.69677238400095,100.77882580464352,90,44,TRUE,19.4
2010,Panchagarh,Rangpur,2348.939344373244,137.1201711977501,95.03828211095556,59,29,FALSE,27
2010,Rangpur,Rangpur,2011.1075660558176,99.21112705843134,77.11237188687832,93,46,FALSE,23.4
2010,Thakurgaon,Rangpur,1894.908810274233,80.3014252163218,93.21339738677284,100,51,TRUE,16.5
2010,Habiganj,Sylhet,3700.814522128445,234.982424059708,100.0373028425082,4,2,TRUE,77
2010,Moulvibazar,Sylhet,2664.2093686415337,115.77451558146254,98.54965199802857,36,19,FALSE,37.5
2010,Sunamganj,Sylhet,3397.0450216736326,122.29103143585093,106.85443646149945,7,3,FALSE,50.8
2010,Sylhet,Sylhet,2492.484380566204,164.39393301147624,107.3704509419918,42,22,FALSE,41.9
2010,Barguna,Barishal,2665.0663960640013,138.96106428410843,84.24027810481867,35,17,FALSE,73
2010,Barishal,Barishal,1549.0411354621892,96.61110045017227,86.85774196607768,123,63,FALSE,23
2010,Bhola,Barishal,2726.2552286760365,135.87508734937353,105.6014419609994,33,16,TRUE,54.4
2010,Jhalokati,Barishal,2463.0326709554374,140.21589852683223,88.39775962981162,45,23,FALSE,79
2010,Patuakhali,Barishal,2603.5119888029376,129.3299517779106,101.5761288061408,38,19,FALSE,53.2
2010,Pirojpur,Barishal,2991.461507301708,110.82591230782144,82.97468099934977,23,12,FALSE,82.3
2010,Bandarban,Chattogram,2855.424200988199,120.23224732937176,95.35773008711668,28,13,FALSE,64.5
2010,Brahmanbaria,Chattogram,2283.8140053360084,65.75785316973868,91.75880893285697,68,34,FALSE,58.1
2010,Chandpur,Chattogram,3384.131759916425,153.53259724182774,92.93144035730398,8,5,FALSE,90.3
2010,Chattogram,Chattogram,3024.353685733148,173.67902737961174,98.29349371608394,20,10,FALSE,56
2010,Cox's Bazar,Chattogram,2399.5511340666,134.84784973295095,91.58782566704625,53,28,FALSE,44.4
2010,Cumilla,Chattogram,3132.804960115811,171.15417405697823,95.6610880118608,13,7,FALSE,81.5
2010,Feni,Chattogram,2805.966915770963,153.09086667264998,92.64545813868604,29,14,FALSE,57.7
2010,Khagrachari,Chattogram,3679.974848965428,232.99168508389687,106.92220501286558,5,3,TRUE,62.9
2010,Lakshmipur,Chattogram,3108.384920411492,126.26490883483466,96.69974985242771,14,8,FALSE,61.7
2010,Noakhali,Chattogram,3046.614783285837,133.62079031125432,96.24589619767237,19,9,FALSE,89.1
2010,Rangamati,Chattogram,3318.634084480649,222.4537709743111,85.5718256553839,9,6,TRUE,56.9
2010,Dhaka,Dhaka,2142.9073091622467,114.7979568549748,93.6673642684491,80,41,FALSE,31.5
2010,Faridpur,Dhaka,2232.580370688456,102.04219471261186,85.53378501819371,75,39,FALSE,44.4
2010,Gazipur,Dhaka,2801.833227335112,87.77400475825704,88.9175611422471,30,15,TRUE,44
2010,Gopalganj,Dhaka,2241.771235072965,112.156846557262,87.42162901847811,73,38,FALSE,54.8
2010,Kishoreganj,Dhaka,2335.052093702705,152.54285676419804,84.14743910925887,61,31,TRUE,48.4
2010,Madaripur,Dhaka,2387.8411530352205,110.48939421395542,95.16178310740044,57,30,FALSE,42.3
2010,Manikganj,Dhaka,2440.8281623582266,168.6469872152606,76.40859455708517,48,24,TRUE,55.6
2010,Munshiganj,Dhaka,2112.7179781845666,140.8976167337876,83.24245189181838,83,42,FALSE,24.2
2010,Narayanganj,Dhaka,2246.224260242646,82.31638406900441,87.08118710603578,72,37,FALSE,47.2
2010,Narsingdi,Dhaka,2479.1662549635407,98.50929184314008,85.59781804488127,44,22,FALSE,43.5
2010,Rajbari,Dhaka,2229.4723067398186,79.4076061164679,90.31537360745124,76,40,FALSE,31
2010,Shariatpur,Dhaka,2626.412777636562,150.81197013369393,85.25260183340957,37,18,TRUE,41.5
2010,Tangail,Dhaka,2400.6636647685696,51.64925556951586,91.69259420223264,51,26,FALSE,33.9
2010,Bagerhat,Khulna,1861.7247597394687,66.1804937503528,86.67761803226115,103,51,FALSE,41.1
2010,Chuadanga,Khulna,1871.7283511068904,87.188441635528,76.63843583432914,102,50,FALSE,32.3
2010,Jashore,Khulna,1812.5006569878567,106.70335962548825,84.40064467429552,111,55,FALSE,26.2
2010,Jhenaidah,Khulna,1768.6689105840835,80.71929983344056,81.13427708693405,116,58,FALSE,25
2010,Khulna,Khulna,1843.1666249053603,123.84311408973704,77.30200404844764,104,52,FALSE,34.7
2010,Kushtia,Khulna,2505.417944076403,167.10944222135174,90.02369251887603,40,20,TRUE,53.6
2010,Magura,Khulna,2400.622375447015,101.32980423026407,84.31452837992167,52,27,FALSE,58.5
2010,Meherpur,Khulna,2108.1051731762527,111.06749383562683,75.99106687588552,85,44,FALSE,54.4
2010,Narail,Khulna,1814.9489424197936,83.53623295082082,85.8861893918183,110,54,FALSE,29.8
2010,Satkhira,Khulna,1906.482137011668,96.7672173604022,86.7935384777905,99,49,FALSE,31.5
2010,Jamalpur,Mymensingh,2112.455054605954,96.97684517876296,83.77546961239244,84,43,FALSE,28.6
2010,Mymensingh,Mymensingh,2488.2052892178986,116.10415026034568,93.95874782551984,43,21,FALSE,47.2
2010,Netrokona,Mymensingh,2418.692932267461,139.77472877067183,89.66663719691131,49,25,FALSE,60.5
2010,Sherpur,Mymensingh,2248.717060549596,104.39791682258812,85.83764990942555,71,36,FALSE,46.8
2010,Bogura,Rajshahi,1641.2340778908908,67.17730486123395,64.33726488425383,121,62,FALSE,41.5
2010,Chapai Nawabganj,Rajshahi,1773.409072700191,87.3416992909432,76.2282838052858,115,57,FALSE,32.7
2010,Joypurhat,Rajshahi,1755.6279421780675,104.71916695099893,86.23992423357281,117,59,FALSE,35.1
2010,Naogaon,Rajshahi,2302.722158961508,82.0134952733203,75.34897460544789,64,32,FALSE,42.3
2010,Natore,Rajshahi,1802.3685965420416,73.18983525217195,86.43530880599076,113,56,FALSE,35.9
2010,Pabna,Rajshahi,1720.67531292024,90.00182958964808,71.63947389024426,118,60,FALSE,24.6
2010,Rajshahi,Rajshahi,1671.243630573163,118.74683072310074,78.64932768253645,119,61,FALSE,10.5
2010,Sirajganj,Rajshahi,2033.298408658476,88.85007154701734,83.62549030819181,89,46,FALSE,16.5
2010,Dinajpur,Rangpur,2254.551397586083,61.4450696304578,79.3352213867637,70,35,FALSE,50
2010,Gaibandha,Rangpur,1911.202061500188,114.96302568814497,81.20790352435138,98,48,FALSE,30.6
2010,Kurigram,Rangpur,1524.2815854508626,77.57671504756014,77.90446424335506,124,64,FALSE,2.8
2010,Lalmonirhat,Rangpur,2396.9175723473973,122.76638998909316,85.08050484052656,54,29,FALSE,31.5
2010,Nilphamari,Rangpur,1825.2832059169127,103.37758561491717,86.91739343574038,108,53,FALSE,8.1
2010,Panchagarh,Rangpur,2024.222083499226,104.25963309342272,71.54171884385512,91,47,FALSE,21.4
2010,Rangpur,Rangpur,2078.881066783909,129.7942976196826,75.8837480484393,87,45,FALSE,16.1
2010,Thakurgaon,Rangpur,2301.4473599470966,142.0246634066323,73.02060798432738,66,33,FALSE,32.7
2010,Habiganj,Sylhet,4032.6852762734807,140.6647637585283,107.65628625980314,1,1,TRUE,59.7
2010,Moulvibazar,Sylhet,3516.6762043081035,233.44961706114333,102.9878576735887,6,4,FALSE,52.8
2010,Sunamganj,Sylhet,3779.461387678965,147.92605580367703,108.2324216567594,2,2,TRUE,58.9
2010,Sylhet,Sylhet,2997.8432382622727,148.95673022985142,100.80810123226668,22,11,FALSE,48.4
2011,Barguna,Barishal,3050.3666447840787,187.37169333254488,91.51144402310042,13,9,FALSE,94.4
2011,Barishal,Barishal,2880.368184710617,170.40437474039547,94.48072288505205,22,13,FALSE,77
2011,Bhola,Barishal,2268.408864399516,117.79216913302,102.98733621836898,54,26,FALSE,78.2
2011,Jhalokati,Barishal,2541.164651880109,140.50358068328464,93.61748055313087,37,19,FALSE,81
2011,Patuakhali,Barishal,2754.500570708123,200.66900941828027,82.7916450210149,29,16,TRUE,84.7
2011,Pirojpur,Barishal,2528.135987199599,126.37140891787476,88.55180631557096,38,20,FALSE,69.8
2011,Bandarban,Chattogram,3684.160791834278,174.6811829466511,94.08386608115538,1,1,TRUE,98
2011,Brahmanbaria,Chattogram,2783.3653914955025,122.40181215035736,97.44632216121808,26,14,FALSE,67.3
2011,Chandpur,Chattogram,3123.0756327244694,144.99270277873126,99.62202191066794,12,8,FALSE,89.5
2011,Chattogram,Chattogram,2942.53413174841,150.87185711782814,89.74042840518312,19,11,FALSE,89.5
2011,Cox's Bazar,Chattogram,3172.6231229235145,191.14000445052875,95.91907618997196,10,6,FALSE,94.8
2011,Cumilla,Chattogram,3163.595544725108,171.37338647810157,105.8784594981956,11,7,FALSE,78.2
2011,Feni,Chattogram,3359.384722409728,174.5349236630064,102.05139622661864,4,4,FALSE,89.1
2011,Khagrachari,Chattogram,2883.910771380495,174.44878734083406,106.25666539926314,20,12,FALSE,83.5
2011,Lakshmipur,Chattogram,3015.110972329248,178.7643072223524,94.94538180610196,16,10,FALSE,72.2
2011,Noakhali,Chattogram,2612.480269621416,125.21512717722204,79.26315538867058,34,18,FALSE,75
2011,Rangamati,Chattogram,2727.970858022423,117.68624948280954,100.98216729879486,30,17,FALSE,64.1
2011,Dhaka,Dhaka,2117.706421254968,75.54106629183377,97.95362615848666,74,34,TRUE,54
2011,Faridpur,Dhaka,1788.6333123353222,95.88570345256626,85.71412736686938,111,53,FALSE,47.2
2011,Gazipur,Dhaka,1523.8588657425553,87.64015600403498,99.52048628208918,123,60,FALSE,37.5
2011,Gopalganj,Dhaka,1579.4470887047148,83.93516922558831,95.23925523889608,121,58,FALSE,25
2011,Madaripur,Dhaka,2022.3564321663105,88.2964822256321,88.157701764524,87,40,FALSE,52.4
2011,Manikganj,Dhaka,2375.484882668395,142.3557574981731,90.14766424684662,49,25,FALSE,74.2
2011,Munshiganj,Dhaka,2445.375509305725,110.8099664496603,88.76339194064425,44,24,FALSE,75.4
2011,Narayanganj,Dhaka,2265.1985536045404,86.04988565679986,89.74031162103837,56,27,FALSE,67.7
2011,Narsingdi,Dhaka,2219.5209872946384,112.75758145375032,96.3591325269412,61,28,FALSE,44
2011,Rajbari,Dhaka,1956.0754957420029,135.86097664514614,73.65196715637465,98,46,FALSE,44
2011,Shariatpur,Dhaka,2051.0704353222504,117.52172575821676,90.70596157089906,84,39,FALSE,32.3
2011,Tangail,Dhaka,2523.57260758294,156.16202437920165,85.13531705127112,39,21,TRUE,73.8
2011,Bagerhat,Khulna,2051.204947668816,162.23626178928328,85.41082501459051,83,38,TRUE,61.7
2011,Chuadanga,Khulna,2194.847371326937,128.77317024018768,90.60564166428485,65,30,FALSE,67.3
2011,Jashore,Khulna,1887.80436019021,71.84975169323896,92.77362650426336,103,47,FALSE,51.2
2011,Jhenaidah,Khulna,2152.411512374342,127.32673393117062,91.72327069356218,68,32,FALSE,69.4
2011,Khulna,Khulna,1735.7426567681784,97.1687085677466,82.22033223904435,113,55,FALSE,53.6
2011,Kushtia,Khulna,2087.3929190881704,142.3368138599811,88.55871729763655,80,37,FALSE,48
2011,Magura,Khulna,1752.154988625535,75.55282591729596,96.27831686379284,112,54,FALSE,43.1
2011,Meherpur,Khulna,1985.1862805005576,119.32409085995212,85.83186356856163,92,42,FALSE,60.9
2011,Narail,Khulna,2480.419039378384,140.826775183419,87.30055153005216,42,23,TRUE,62.5
2011,Satkhira,Khulna,2207.811003976354,108.03819837585289,77.3636424040518,64,29,FALSE,74.6
2011,Mymensingh,Mymensingh,2517.030509655317,171.79972425021057,93.48166143166304,40,22,TRUE,55.6
2011,Bogura,Rajshahi,1997.6029090831444,88.30729445300513,80.09359809846691,89,41,FALSE,29.8
2011,Chapai Nawabganj,Rajshahi,1975.9585945790336,122.0282448230396,84.29375104949034,93,43,FALSE,42.3
2011,Joypurhat,Rajshahi,1841.7438691497184,90.01424608464063,86.35063275472822,107,50,FALSE,48
2011,Naogaon,Rajshahi,1872.379938501928,135.3719395607019,89.60798165328436,104,48,TRUE,30.6
2011,Natore,Rajshahi,1974.522470749888,95.68114988881445,84.03982299538069,94,44,FALSE,39.5
2011,Pabna,Rajshahi,2100.5181932420337,104.33109008095197,79.88841670685831,78,36,FALSE,44.4
2011,Rajshahi,Rajshahi,1974.0064103909529,75.51519273061602,92.2400584573162,95,45,TRUE,24.2
2011,Sirajganj,Rajshahi,1556.6516518273368,101.42748468670018,78.93529020477453,122,59,FALSE,31.9
2011,Dinajpur,Rangpur,1618.596543360032,87.80189052151135,83.97488999820686,120,57,FALSE,28.6
2011,Gaibandha,Rangpur,1724.87079255072,121.966798233461,96.89123037353974,114,56,TRUE,11.7
2011,Kurigram,Rangpur,1857.8393545781703,86.10751502757614,94.08543283061766,105,49,FALSE,10.9
2011,Lalmonirhat,Rangpur,1790.7316111062426,99.99290410058286,106.51976413893196,110,52,TRUE,19
2011,Nilphamari,Rangpur,2180.257537900827,112.52639362802869,79.9425102253261,67,31,FALSE,27.4
2011,Panchagarh,Rangpur,2111.3950251519595,97.82138860804224,96.57901691958192,75,35,TRUE,43.1
2011,Rangpur,Rangpur,2131.495458490882,85.17575648742778,84.2507686939222,72,33,FALSE,27.8
2011,Thakurgaon,Rangpur,1824.9416318656324,109.08863278107265,76.19026591981428,108,51,FALSE,19.4
2011,Habiganj,Sylhet,2764.674121618846,124.76283581765531,109.56671705659792,28,15,FALSE,45.2
2011,Moulvibazar,Sylhet,3298.9979818550632,142.5957458027537,123.51768627174792,6,5,TRUE,57.7
2011,Sunamganj,Sylhet,3431.7570711648686,98.09629416452448,94.41788557711118,3,3,FALSE,70.2
2011,Sylhet,Sylhet,3615.075007745559,248.6124121486489,88.2407747983287,2,2,TRUE,62.9
2011,Barguna,Barishal,2572.889628538055,108.94615137274285,94.75963801484347,36,18,FALSE,50.8
2011,Barishal,Barishal,2580.50610750319,117.49965427337024,94.02861886063236,35,17,FALSE,50
2011,Bhola,Barishal,2103.0558090536624,112.14286075796588,88.09646467247082,77,42,FALSE,58.1
2011,Jhalokati,Barishal,3006.6285230034428,156.68170819051886,88.31781906000407,17,7,FALSE,87.9
2011,Patuakhali,Barishal,3295.150930643625,189.7076655993424,92.85757194653948,7,2,TRUE,69.4
2011,Pirojpur,Barishal,2680.7383957862503,121.83495501007872,96.44876730396682,32,15,FALSE,75
2011,Bandarban,Chattogram,2881.055877670827,123.06540751554364,97.58714802469774,21,9,FALSE,89.1
2011,Brahmanbaria,Chattogram,2120.848850327925,95.44392082074268,92.51251286089548,73,40,FALSE,66.1
2011,Chandpur,Chattogram,2401.7330560974656,110.75542091749683,96.81254333955034,45,21,FALSE,68.1
2011,Chattogram,Chattogram,3278.1803406045674,192.9960108214924,91.09028337492852,8,3,FALSE,77.4
2011,Cox's Bazar,Chattogram,2800.2598752917684,134.84580421441305,92.04153201277072,25,12,FALSE,48.4
2011,Cumilla,Chattogram,2190.591175137823,103.03210193370762,97.11793160950069,66,36,FALSE,38.3
2011,Feni,Chattogram,2630.654346165445,85.4481566660799,93.33045776064333,33,16,FALSE,69.8
2011,Khagrachari,Chattogram,3022.851599971485,112.04176405433913,91.49583073681762,15,6,FALSE,62.1
2011,Lakshmipur,Chattogram,3352.3132474952336,203.1961418352717,98.86203719293168,5,1,FALSE,82.7
2011,Noakhali,Chattogram,3222.579191856096,124.35905678020572,95.00094703714234,9,4,FALSE,66.9
2011,Rangamati,Chattogram,2800.999262222598,156.37243851652366,98.6512415430456,24,11,FALSE,82.7
2011,Dhaka,Dhaka,1989.8147632477712,89.50670243350791,90.53241270621244,91,50,FALSE,36.3
2011,Faridpur,Dhaka,2212.726718284683,111.53451911090607,80.82804987315946,63,35,FALSE,36.7
2011,Gazipur,Dhaka,2077.3208148947474,126.48703815946108,85.42568011457277,82,45,FALSE,26.2
2011,Gopalganj,Dhaka,2446.9071752147443,86.01128382611856,69.71647319058826,43,20,FALSE,64.9
2011,Kishoreganj,Dhaka,2379.460537844889,109.42614409396596,86.38455489086249,48,24,FALSE,51.6
2011,Madaripur,Dhaka,2258.44112869549,133.98407134423977,76.52980560240181,57,30,FALSE,33.1
2011,Manikganj,Dhaka,2030.856032028325,91.6499863616898,81.48563645456677,86,47,FALSE,25.8
2011,Munshiganj,Dhaka,2136.1299033376545,100.9807654400528,68.85868014235056,70,38,FALSE,41.5
2011,Narayanganj,Dhaka,2345.56861646207,142.6288843344838,90.04353292729341,50,25,TRUE,55.2
2011,Narsingdi,Dhaka,2510.735223520459,87.29357103756568,81.68646891637046,41,19,FALSE,57.7
2011,Rajbari,Dhaka,2687.080521816561,163.3757872909029,82.35606862604749,31,14,TRUE,74.2
2011,Shariatpur,Dhaka,2136.046853086213,88.79020029130251,98.06565630498687,71,39,FALSE,38.3
2011,Tangail,Dhaka,2105.7884552351857,81.71154338397798,77.27191114567455,76,41,FALSE,53.6
2011,Bagerhat,Khulna,2238.5804760255987,109.0488785546802,91.35560847535052,59,32,FALSE,45.6
2011,Chuadanga,Khulna,1964.6061468334835,68.87834901868841,90.44487473024942,96,51,FALSE,30.2
2011,Jashore,Khulna,2235.575396064029,148.34826308652893,81.5877452187777,60,33,FALSE,52.4
2011,Jhenaidah,Khulna,2265.4126996978407,97.78349713448804,81.27162448699944,55,29,FALSE,52.4
2011,Khulna,Khulna,2290.059464493136,101.4349680446348,88.0288118605977,52,27,FALSE,40.3
2011,Kushtia,Khulna,2012.355395402437,66.9878946870029,95.12924121109076,88,48,TRUE,46
2011,Magura,Khulna,2385.8738351456345,99.76280861301196,89.46664070389456,46,22,FALSE,48.8
2011,Meherpur,Khulna,1956.7584816643268,65.07260089291859,82.25985948021922,97,52,FALSE,35.9
2011,Narail,Khulna,1895.6436348529635,94.90109842856248,73.72478810853815,102,56,FALSE,48.8
2011,Satkhira,Khulna,2379.9421609606206,131.63402169155418,69.84473208161143,47,23,FALSE,48.8
2011,Jamalpur,Mymensingh,2077.975598256806,127.19352362881824,87.16724238950918,81,44,FALSE,29
2011,Mymensingh,Mymensingh,2271.0574011188583,123.72077843561904,77.740743087589,53,28,FALSE,33.9
2011,Netrokona,Mymensingh,2298.5180549161573,130.297050440347,80.61579474316412,51,26,FALSE,38.3
2011,Sherpur,Mymensingh,1702.8262639410332,111.25302500284856,78.62225708529913,116,60,FALSE,12.9
2011,Bogura,Rajshahi,1659.9283182032627,80.89606578718856,73.2000539484303,118,62,FALSE,31.5
2011,Chapai Nawabganj,Rajshahi,2096.335196281744,110.75050287870386,76.62613287717103,79,43,FALSE,38.3
2011,Joypurhat,Rajshahi,1455.281674359124,88.52689750450604,67.63088826036757,124,64,FALSE,31.9
2011,Naogaon,Rajshahi,1946.683476900758,122.01735114110411,78.51560859658305,99,53,FALSE,18.1
2011,Natore,Rajshahi,1716.9243969358015,94.3928687762782,81.88647201692228,115,59,FALSE,31.9
2011,Pabna,Rajshahi,1653.0259227949762,100.22054320697164,92.6889664723298,119,63,TRUE,12.9
2011,Rajshahi,Rajshahi,2150.9813421074923,110.25718247920447,83.76874459028141,69,37,FALSE,57.7
2011,Sirajganj,Rajshahi,1691.6061876911735,68.94880575742445,71.14096392576943,117,61,FALSE,19.4
2011,Dinajpur,Rangpur,1997.238382819216,77.4775174390341,80.44361521727923,90,49,FALSE,17.3
2011,Gaibandha,Rangpur,2044.491864453635,103.44498886487384,81.4250975166413,85,46,FALSE,17.3
2011,Kurigram,Rangpur,2217.430107384249,98.61866632419674,69.54996501441627,62,34,FALSE,39.5
2011,Lalmonirhat,Rangpur,1846.5217223202087,50.92862138914527,82.02073412221782,106,57,FALSE,8.5
2011,Nilphamari,Rangpur,2238.7512812826712,129.04639694561354,91.15578301229058,58,31,FALSE,28.6
2011,Panchagarh,Rangpur,1797.2786477977909,91.48705112789588,87.77447044321161,109,58,FALSE,13.3
2011,Rangpur,Rangpur,1928.947596642481,55.85108051598911,81.61647045050528,100,54,FALSE,10.5
2011,Thakurgaon,Rangpur,1926.8319446278765,107.9167128691453,75.35070800771673,101,55,FALSE,13.3
2011,Habiganj,Sylhet,3027.386841218155,157.5220806066694,98.2392005039743,14,5,FALSE,50
2011,Moulvibazar,Sylhet,2768.4505112184765,65.59206363910111,103.31525437538102,27,13,FALSE,44
2011,Sunamganj,Sylhet,2984.8626766123784,115.43105861394628,103.08722129831804,18,8,FALSE,45.2
2011,Sylhet,Sylhet,2821.668872851711,157.80372995944165,84.75865021038335,23,10,FALSE,43.5
2012,Barguna,Barishal,3156.568694947205,160.21203195588242,92.60385684580795,13,7,FALSE,95.2
2012,Barishal,Barishal,2485.1880186225085,160.7316103074359,92.38311433009947,48,26,FALSE,76.2
2012,Bhola,Barishal,2659.0871784246337,139.4917068786901,109.90686468590997,40,21,TRUE,83.9
2012,Jhalokati,Barishal,2598.5922401093253,148.59240119377597,96.06389060861866,44,23,FALSE,79.4
2012,Patuakhali,Barishal,2600.637756851625,162.3110915948829,97.83951776815957,43,22,FALSE,81.5
2012,Pirojpur,Barishal,3360.636651897504,185.9398210718743,90.11783463107776,7,4,TRUE,96.8
2012,Bandarban,Chattogram,2951.8285110738866,107.54227603916306,115.65752617881604,23,12,TRUE,80.2
2012,Brahmanbaria,Chattogram,2736.185978791552,200.9416518231349,105.9345584336689,37,19,FALSE,82.7
2012,Chandpur,Chattogram,2997.808799454302,180.14203569513003,104.31886263425136,19,9,FALSE,67.3
2012,Chattogram,Chattogram,2970.0804919756,207.0538830274028,95.04562641284927,21,11,FALSE,62.5
2012,Cox's Bazar,Chattogram,3378.520999106614,172.0184359395625,114.16529598511434,6,3,TRUE,90.3
2012,Cumilla,Chattogram,2885.6983977513446,142.89127488289702,104.11450491557586,28,16,FALSE,71.8
2012,Feni,Chattogram,3191.53126232912,142.2254905364934,107.61211170864172,12,6,TRUE,85.5
2012,Khagrachari,Chattogram,2905.6807334119867,199.00584011416012,107.21625280035454,25,14,TRUE,83.1
2012,Lakshmipur,Chattogram,3226.5050909745764,113.90388871130315,109.50516814595407,10,5,TRUE,87.1
2012,Noakhali,Chattogram,2972.543076463878,173.00322637836598,99.40639379608778,20,10,FALSE,86.3
2012,Rangamati,Chattogram,2909.419956178483,159.38280605338684,112.75293144517352,24,13,TRUE,85.5
2012,Dhaka,Dhaka,2147.2421207374628,132.83864133452224,92.6587111834242,70,38,FALSE,41.5
2012,Faridpur,Dhaka,1958.3300840044687,85.18930565302001,76.77708491430442,95,45,FALSE,48.4
2012,Gazipur,Dhaka,1918.532247450666,88.93471400628479,101.41803493976136,99,47,TRUE,53.6
2012,Gopalganj,Dhaka,1971.703779536513,62.04768488765911,100.24792136626952,92,44,TRUE,37.5
2012,Madaripur,Dhaka,2113.675245572397,136.85061662583786,93.21617014373513,75,39,FALSE,32.7
2012,Manikganj,Dhaka,2895.097088312382,205.0752200561905,86.51721395883736,26,15,TRUE,54.8
2012,Munshiganj,Dhaka,2520.2443818718443,116.53269234004092,102.65154588271324,45,24,TRUE,70.6
2012,Narayanganj,Dhaka,2157.7937396002662,129.14967753590875,90.55719392166718,68,36,FALSE,49.2
2012,Narsingdi,Dhaka,1576.700052750094,78.2866899506765,92.9590531698833,121,58,FALSE,37.5
2012,Rajbari,Dhaka,2520.055263973002,128.4576313842745,87.28102803557047,46,25,FALSE,66.9
2012,Shariatpur,Dhaka,2325.3752392621464,92.77882916258596,96.0184185358033,56,31,FALSE,53.2
2012,Tangail,Dhaka,1851.3018805406807,114.81770076462828,89.43269892001426,103,50,FALSE,35.9
2012,Bagerhat,Khulna,1613.631968930495,91.57678050072018,95.0891148502896,120,57,TRUE,32.7
2012,Chuadanga,Khulna,2780.632210326498,142.26258733080817,93.75195297539064,35,17,TRUE,68.1
2012,Jashore,Khulna,2200.4894860511668,105.46891727220724,85.84998339413002,63,33,FALSE,58.1
2012,Jhenaidah,Khulna,2007.1940170701275,93.76816322031608,77.30361388576058,88,43,FALSE,58.5
2012,Khulna,Khulna,2156.781829947792,126.54784454460273,96.83526008273584,69,37,FALSE,56.9
2012,Kushtia,Khulna,1920.7612425422649,112.45373868964298,96.10726639145726,98,46,TRUE,52.8
2012,Magura,Khulna,2399.28699814054,120.81252082907974,81.37599321612461,52,29,FALSE,64.1
2012,Meherpur,Khulna,1703.9985847307792,57.76447050064219,85.122519853101,118,55,FALSE,29.4
2012,Narail,Khulna,2077.77228200597,103.38713410163942,79.48683349586912,77,40,FALSE,56
2012,Satkhira,Khulna,2167.090682031453,115.3512798601452,80.52923864006421,67,35,FALSE,64.5
2012,Mymensingh,Mymensingh,1816.770034856788,92.81066232990209,97.51369069965504,108,53,FALSE,42.3
2012,Bogura,Rajshahi,1320.7154316097808,52.57310109290013,72.96296220735539,124,60,FALSE,39.1
2012,Chapai Nawabganj,Rajshahi,1769.2236598221286,92.4992510528956,84.79243109448349,114,54,FALSE,34.3
2012,Joypurhat,Rajshahi,1466.5658850613029,77.69433801235748,99.00398330749007,123,59,TRUE,16.5
2012,Naogaon,Rajshahi,2408.644249075236,124.42390438365244,91.27122377198714,51,28,TRUE,48.8
2012,Natore,Rajshahi,1852.96417435486,72.53724769413391,78.03102405672581,102,49,FALSE,37.5
2012,Pabna,Rajshahi,1837.09198621226,93.94061954692953,84.51348458550426,106,52,FALSE,37.9
2012,Rajshahi,Rajshahi,1691.812472650315,86.21990709105901,85.85039379905866,119,56,FALSE,48.8
2012,Sirajganj,Rajshahi,2185.0326697733435,86.65040681843837,78.44461363283914,64,34,FALSE,47.6
2012,Dinajpur,Rangpur,2224.035195930497,100.2263749606652,87.84108203043984,59,32,FALSE,34.3
2012,Gaibandha,Rangpur,1910.485253475292,112.21527093217895,88.99820342869278,100,48,FALSE,14.9
2012,Kurigram,Rangpur,1838.7008865840296,84.25246269861087,85.3159482160799,105,51,FALSE,12.1
2012,Lalmonirhat,Rangpur,2660.7431784911123,155.0054962386138,81.32365945577735,39,20,TRUE,43.5
2012,Nilphamari,Rangpur,2382.950320303833,148.97089862941718,98.05121656795416,53,30,TRUE,35.5
2012,Panchagarh,Rangpur,2007.9386478979657,138.33079039459878,97.00816437995128,86,42,TRUE,22.6
2012,Rangpur,Rangpur,2061.827280860133,81.83031108600873,93.55557845433552,80,41,TRUE,32.7
2012,Thakurgaon,Rangpur,2430.216831559107,141.51805405581325,89.5642590556895,50,27,FALSE,44.4
2012,Habiganj,Sylhet,3397.0261139871577,185.6537170140088,105.55641724550232,4,2,FALSE,67.3
2012,Moulvibazar,Sylhet,3775.52688478074,131.16146692986086,103.32681769096835,2,1,FALSE,60.1
2012,Sunamganj,Sylhet,3099.109467715917,127.47740892494154,115.03289653699107,17,8,TRUE,55.2
2012,Sylhet,Sylhet,2775.7790150271976,159.58013396188724,107.60392681543478,36,18,FALSE,51.2
2012,Barguna,Barishal,2869.474459294245,163.1148777444262,85.33213794669255,33,17,FALSE,59.7
2012,Barishal,Barishal,2376.72535626252,126.99220418291983,94.34766418247985,54,24,FALSE,69
2012,Bhola,Barishal,2875.2064866852006,180.6809858258729,81.56664507769636,31,15,FALSE,63.7
2012,Jhalokati,Barishal,2894.1129369769696,124.89716862617507,82.64320795912342,27,12,FALSE,67.3
2012,Patuakhali,Barishal,2871.383952611422,122.79511885511856,98.20996751919049,32,16,FALSE,59.3
2012,Pirojpur,Barishal,2715.7787960668334,156.9673606746235,88.35934603033861,38,19,FALSE,81
2012,Bandarban,Chattogram,3044.816714508521,182.570809629304,87.59866844907924,18,10,FALSE,71.8
2012,Brahmanbaria,Chattogram,2876.845820251884,154.86029361213872,96.7875428405248,29,13,FALSE,44.4
2012,Chandpur,Chattogram,2836.9146581789173,142.822795018454,81.01003587952208,34,18,FALSE,56.9
2012,Chattogram,Chattogram,3218.718077699542,154.1986821350528,102.37786828659608,11,6,FALSE,94.8
2012,Cox's Bazar,Chattogram,3287.1139830038824,206.26229489789355,99.84913194803704,9,5,FALSE,60.5
2012,Cumilla,Chattogram,3123.6762616997,149.79679409303398,106.47285418989296,15,8,FALSE,88.7
2012,Feni,Chattogram,2969.133225595235,136.10604901458893,90.26552363581932,22,11,FALSE,79
2012,Khagrachari,Chattogram,3396.7196820613,156.37717264081442,102.35027600216412,5,3,FALSE,85.5
2012,Lakshmipur,Chattogram,3563.63299995756,178.17047185717297,88.84875524747521,3,2,TRUE,83.1
2012,Noakhali,Chattogram,2875.98882674926,131.9039010082699,93.07412650437598,30,14,FALSE,50.4
2012,Rangamati,Chattogram,2616.149590923101,70.21369134990428,101.08808517181288,41,20,FALSE,50.8
2012,Dhaka,Dhaka,2062.2865470205697,113.69937257436304,85.86246529608825,79,39,FALSE,47.6
2012,Faridpur,Dhaka,1835.34682933208,123.87814274941692,77.81682058765229,107,55,FALSE,18.1
2012,Gazipur,Dhaka,2014.045235592408,114.3896678632325,80.89780020969718,84,43,FALSE,37.9
2012,Gopalganj,Dhaka,1844.6357384119904,88.08568398970174,78.25932184364385,104,54,FALSE,11.3
2012,Kishoreganj,Dhaka,2225.419985622696,94.06828506039643,85.42706104555366,58,27,FALSE,52
2012,Madaripur,Dhaka,1803.3535582117752,112.9365332651591,81.96885112464533,110,57,FALSE,51.6
2012,Manikganj,Dhaka,2212.6398232656547,92.2460579760998,86.90274095467903,61,29,FALSE,42.3
2012,Munshiganj,Dhaka,2139.981222145744,121.89774658167784,96.37373656967208,72,34,FALSE,52.8
2012,Narayanganj,Dhaka,2181.781115020752,72.8505237757133,87.85770931479551,66,32,FALSE,44.8
2012,Narsingdi,Dhaka,2607.0604476009285,128.63887332941823,81.94880283984081,42,21,FALSE,75
2012,Rajbari,Dhaka,2217.6666327371245,129.79500888280776,88.18839690376684,60,28,FALSE,35.5
2012,Shariatpur,Dhaka,2232.057449763966,123.91234290846836,85.54161467823472,57,26,FALSE,66.9
2012,Tangail,Dhaka,2078.421887658908,111.12290690242432,84.9984765267249,76,37,FALSE,43.5
2012,Bagerhat,Khulna,2329.278476929729,115.56149393215556,79.49789541192399,55,25,FALSE,57.7
2012,Chuadanga,Khulna,1795.661026805925,86.7616876382625,83.55822939580597,111,58,FALSE,10.9
2012,Jashore,Khulna,2146.2371204955134,158.65220097997593,70.55186241348585,71,33,TRUE,52.8
2012,Jhenaidah,Khulna,2135.917369804509,108.885376107201,85.76403465133549,74,36,FALSE,54
2012,Khulna,Khulna,2448.5221078038144,122.77255327096906,79.56953155218673,49,23,TRUE,50.4
2012,Kushtia,Khulna,1981.944202831324,125.41855666314544,77.3114129,90,47,FALSE,41.5
2012,Magura,Khulna,1779.4068829995329,101.85567992873482,90.89255054473458,112,59,FALSE,53.2
2012,Meherpur,Khulna,2138.5553239612223,136.05772123646935,81.72930697958485,73,35,FALSE,43.1
2012,Narail,Khulna,2050.7456953209,125.4758995978754,79.98880987742375,81,40,FALSE,33.9
2012,Satkhira,Khulna,1965.171756155592,107.67885387461278,67.39909766175533,94,50,FALSE,60.1
2012,Jamalpur,Mymensingh,2211.4987865415123,114.00697941744242,92.36258958800582,62,30,FALSE,29
2012,Mymensingh,Mymensingh,1977.6706082722555,101.71047398530936,97.80708999691056,91,48,FALSE,51.6
2012,Netrokona,Mymensingh,2487.82555454276,145.5154570223679,85.6481983140149,47,22,FALSE,39.9
2012,Sherpur,Mymensingh,2184.1343665193617,122.0615125563038,77.82325388869752,65,31,FALSE,37.5
2012,Bogura,Rajshahi,1767.364664642185,65.30736057231438,81.53397538511636,116,62,FALSE,8.1
2012,Chapai Nawabganj,Rajshahi,1854.3159856470784,77.83621077950602,82.35757189142741,101,53,FALSE,33.1
2012,Joypurhat,Rajshahi,1769.091474154368,100.88303066761638,70.8893099126326,115,61,FALSE,36.3
2012,Naogaon,Rajshahi,2035.357127220101,117.13396341524845,67.23284804372356,83,42,FALSE,34.3
2012,Natore,Rajshahi,1477.267772881083,88.73366267444216,75.46580622244561,122,64,FALSE,14.1
2012,Pabna,Rajshahi,1967.5297997224284,84.07762644049727,85.12972504278673,93,49,FALSE,19
2012,Rajshahi,Rajshahi,1924.3542919119047,84.82090247998455,84.7382802660155,97,52,FALSE,29
2012,Sirajganj,Rajshahi,1934.8690629999728,110.3390040790378,80.32926054320245,96,51,FALSE,23
2012,Dinajpur,Rangpur,2036.958286281217,115.33793500613432,74.78133298979357,82,41,FALSE,27.4
2012,Gaibandha,Rangpur,1986.7063791531527,121.74115563561024,81.69982400876664,89,46,FALSE,15.7
2012,Kurigram,Rangpur,1770.6462938890816,69.78051314263729,87.63832008233558,113,60,FALSE,6.5
2012,Lalmonirhat,Rangpur,1815.93165658198,81.73531528546455,91.48516843974096,109,56,FALSE,24.6
2012,Nilphamari,Rangpur,1704.2600760256655,76.5981437108427,82.269121255206,117,63,FALSE,5.6
2012,Panchagarh,Rangpur,2007.905479370832,93.11663662700794,86.7010714514534,87,45,FALSE,18.5
2012,Rangpur,Rangpur,2012.2124419745023,118.02209023080944,78.15474123613699,85,44,FALSE,25.8
2012,Thakurgaon,Rangpur,2072.1651320662886,72.8447937561701,84.66560299806514,78,38,FALSE,26.2
2012,Habiganj,Sylhet,3828.268454691593,214.59765509805035,104.32165023940068,1,1,FALSE,52
2012,Moulvibazar,Sylhet,3119.8986637798403,163.5928287753021,100.90757762481856,16,9,FALSE,52
2012,Sunamganj,Sylhet,3335.9422247553725,150.69026176327156,90.5830495132062,8,4,FALSE,47.6
2012,Sylhet,Sylhet,3129.17675514196,176.2767535825975,101.40578511606122,14,7,FALSE,45.6
2013,Barguna,Barishal,2927.209443956509,160.4683664795208,104.68184865315747,20,10,TRUE,89.1
2013,Barishal,Barishal,2361.2135676739103,131.52529450849897,92.84385034908598,50,26,FALSE,79.4
2013,Bhola,Barishal,2505.598830684606,113.23097287731218,102.03637150161724,38,18,FALSE,71
2013,Jhalokati,Barishal,2694.525500687839,92.56953131857227,96.0226947046481,29,14,FALSE,85.1
2013,Patuakhali,Barishal,2808.7456185947512,117.2597862801244,103.69202572720458,26,13,TRUE,87.9
2013,Pirojpur,Barishal,2328.864440685844,93.02385258231205,90.5990243930824,54,28,FALSE,78.2
2013,Bandarban,Chattogram,2873.091063468986,154.45217203351658,112.70095899985743,21,11,TRUE,64.5
2013,Brahmanbaria,Chattogram,3395.597352572084,245.07886951485705,89.940953415615,4,2,TRUE,76.6
2013,Chandpur,Chattogram,2543.826602426011,121.93353680758672,113.34126420587184,36,16,TRUE,68.1
2013,Chattogram,Chattogram,3207.726213960494,179.02896493131567,94.90038536654754,12,7,FALSE,71
2013,Cox's Bazar,Chattogram,3383.359228952031,186.8395744797364,105.26108996356965,5,3,FALSE,71.4
2013,Cumilla,Chattogram,3307.714878230803,215.16874317372265,95.02752974036868,8,4,TRUE,85.1
2013,Feni,Chattogram,2858.986609400707,149.35015320891296,97.61274560548352,22,12,FALSE,87.1
2013,Khagrachari,Chattogram,2452.6409628691017,136.8181263406989,105.99274252196484,43,20,FALSE,46
2013,Lakshmipur,Chattogram,2480.084756355786,115.85809583983604,103.91950361495005,39,19,FALSE,71.8
2013,Noakhali,Chattogram,2267.646209772877,116.499858310882,90.53843184606286,59,31,FALSE,55.2
2013,Rangamati,Chattogram,3210.131966213362,208.04619478857947,95.18492567218212,11,6,FALSE,85.9
2013,Dhaka,Dhaka,2180.668136030028,105.35497574715298,78.84293622406064,68,34,FALSE,48.8
2013,Faridpur,Dhaka,2156.0982518504884,83.93209387403095,91.44209163948608,70,35,FALSE,66.1
2013,Gazipur,Dhaka,2374.752566818922,132.79744214812698,85.88500877075867,48,24,FALSE,61.7
2013,Gopalganj,Dhaka,2265.8301148563564,132.87527358667836,100.01084166941943,60,32,TRUE,57.7
2013,Madaripur,Dhaka,2343.0029799579816,137.44285987044512,87.35662270719274,52,27,FALSE,46.8
2013,Manikganj,Dhaka,2089.145963275352,86.87335264742934,93.1161590611201,77,39,FALSE,39.1
2013,Munshiganj,Dhaka,1915.3058845262144,107.37122915933216,87.6929051058575,99,46,FALSE,50
2013,Narayanganj,Dhaka,2045.2852642399607,124.59888362717928,85.9330768062547,86,43,FALSE,58.9
2013,Narsingdi,Dhaka,2536.417056813997,144.09664157503815,86.5173858429109,37,17,FALSE,45.6
2013,Rajbari,Dhaka,2103.623490859332,110.10227441877576,85.74042326261915,76,38,FALSE,64.1
2013,Shariatpur,Dhaka,2155.994376610507,144.65658940959827,93.40888070243749,71,36,FALSE,43.1
2013,Tangail,Dhaka,1865.9429568628384,46.17729773782317,83.43188442926757,104,49,FALSE,53.2
2013,Bagerhat,Khulna,1467.438510457816,75.6828925089866,88.03953502750593,122,58,FALSE,46.4
2013,Chuadanga,Khulna,2299.256169139693,143.31842837180255,90.29660950137976,55,29,FALSE,76.6
2013,Jashore,Khulna,2079.5538075978616,127.245127082483,90.11233018128476,78,40,FALSE,61.3
2013,Jhenaidah,Khulna,2372.7739252535075,165.56219524494526,89.91146212477331,49,25,TRUE,60.5
2013,Khulna,Khulna,1955.2438402350983,120.4209819133251,91.23967816554295,96,45,FALSE,48
2013,Kushtia,Khulna,2273.5701016278017,133.474741318388,97.15175868682388,57,30,TRUE,43.5
2013,Magura,Khulna,1856.0659415214768,84.96869353440299,89.2338570926741,106,50,FALSE,50.4
2013,Meherpur,Khulna,1969.803794423669,97.67313006413718,92.60792795693564,93,44,FALSE,46
2013,Narail,Khulna,1897.4560886155343,110.89854675720892,96.41866309223332,102,48,TRUE,33.9
2013,Satkhira,Khulna,2058.6326164215434,64.283361216712,80.9711796399063,81,42,FALSE,63.7
2013,Mymensingh,Mymensingh,2443.019236131169,112.4905551623962,79.58761980184066,44,21,FALSE,51.2
2013,Bogura,Rajshahi,1730.315287909956,79.73187568973664,77.02003519986111,114,54,FALSE,8.5
2013,Chapai Nawabganj,Rajshahi,1854.440245243041,65.48066992,87.7565293489554,107,51,FALSE,42.7
2013,Joypurhat,Rajshahi,1830.2725046155613,134.26734015949555,90.59585851753388,109,52,TRUE,33.5
2013,Naogaon,Rajshahi,1296.0285799970427,47.31444405050874,62.29155240472791,124,60,FALSE,49.2
2013,Natore,Rajshahi,1632.0083003396526,75.79831546328087,82.35320115108914,119,57,FALSE,41.1
2013,Pabna,Rajshahi,1819.136249433116,79.05304959923376,89.53924358808469,111,53,FALSE,40.7
2013,Rajshahi,Rajshahi,1420.7389212200003,65.94411501238062,69.59430232930477,123,59,FALSE,34.7
2013,Sirajganj,Rajshahi,2223.7780741493552,164.39772759739532,88.3038809651141,62,33,TRUE,66.5
2013,Dinajpur,Rangpur,2109.730241106264,86.06166208333175,88.01338702404846,75,37,FALSE,27.8
2013,Gaibandha,Rangpur,1698.1280041755936,94.0129734992731,89.25761749814103,115,55,FALSE,18.5
2013,Kurigram,Rangpur,1639.8776787192032,78.06137605638656,85.02620055929769,118,56,FALSE,8.1
2013,Lalmonirhat,Rangpur,2430.0334217738664,175.26661875140883,81.93358710771997,46,22,TRUE,44
2013,Nilphamari,Rangpur,2069.541788530909,101.53356778627445,83.80724567975243,80,41,FALSE,21
2013,Panchagarh,Rangpur,2596.9812060422937,134.14770648515056,84.27889382281658,33,15,TRUE,53.6
2013,Rangpur,Rangpur,1912.3023025660248,94.88728172700456,84.78653602319548,100,47,FALSE,14.5
2013,Thakurgaon,Rangpur,2412.903688925138,157.5839254168289,88.53113319477464,47,23,TRUE,48.4
2013,Habiganj,Sylhet,3216.153308698317,175.4313593725282,114.54366720367136,10,5,TRUE,65.7
2013,Moulvibazar,Sylhet,2966.329323886681,140.47287585119253,105.674919109417,16,9,FALSE,55.2
2013,Sunamganj,Sylhet,3620.5690468586654,181.64879052201576,124.50918651035,3,1,TRUE,57.3
2013,Sylhet,Sylhet,3116.602401673214,97.84373394153928,104.16420675683165,15,8,FALSE,60.1
2013,Barguna,Barishal,2633.1357656200794,139.0831846106842,89.94787004911464,32,18,FALSE,76.6
2013,Barishal,Barishal,2463.93258632001,99.0928232029546,87.82519099727247,41,22,FALSE,70.6
2013,Bhola,Barishal,2828.671847664229,163.22747921091758,104.0256973017303,25,13,FALSE,83.9
2013,Jhalokati,Barishal,3154.667614604463,193.9012398323732,84.19103518197652,13,6,TRUE,65.3
2013,Patuakhali,Barishal,2666.095921663175,118.5006829295464,84.93986222543802,30,16,FALSE,78.6
2013,Pirojpur,Barishal,2463.629183030097,139.36575534171573,99.46799703195906,42,23,FALSE,51.6
2013,Bandarban,Chattogram,2648.8973379292584,93.32264180785674,91.77377155524576,31,17,FALSE,79.4
2013,Brahmanbaria,Chattogram,3245.881509322156,169.28559080843954,99.25961183804752,9,5,FALSE,96.8
2013,Chandpur,Chattogram,3145.177988017429,126.36400365788492,96.56390532953758,14,7,FALSE,79
2013,Chattogram,Chattogram,2748.5396695568056,99.4684247058854,98.03291157362924,28,15,FALSE,77.4
2013,Cox's Bazar,Chattogram,2935.577909136794,146.58745716757855,99.80276633737144,19,10,FALSE,80.2
2013,Cumilla,Chattogram,2850.997417882188,138.2494916321503,95.76631460634964,23,11,FALSE,64.5
2013,Feni,Chattogram,2578.572985617093,148.93909542807037,90.19669788643964,34,19,FALSE,57.3
2013,Khagrachari,Chattogram,3737.219600673532,131.57090054546657,103.7653994387208,1,1,TRUE,90.7
2013,Lakshmipur,Chattogram,3667.590255851877,146.1622925001776,94.04122339983608,2,2,TRUE,83.1
2013,Noakhali,Chattogram,2959.205701914179,131.370751940757,78.63330785998639,17,8,FALSE,91.1
2013,Rangamati,Chattogram,2354.139083395636,121.12195650924936,100.96905412931206,51,25,FALSE,56.5
2013,Dhaka,Dhaka,2017.491495591888,94.2640188377106,83.16735108120704,89,46,FALSE,21.4
2013,Faridpur,Dhaka,2013.2394109520085,118.67894080246263,83.75030193024783,90,47,FALSE,48.8
2013,Gazipur,Dhaka,2211.873978374992,96.18112038705551,98.38366453595197,64,31,FALSE,50.8
2013,Gopalganj,Dhaka,2340.805609333245,134.8106270425694,82.06093759563969,53,26,FALSE,30.6
2013,Kishoreganj,Dhaka,2577.3226380267106,153.58963606201542,98.43909474506933,35,20,TRUE,48.8
2013,Madaripur,Dhaka,2053.3209243490787,106.4554767421576,94.77265971540726,84,42,FALSE,58.5
2013,Manikganj,Dhaka,2137.898807814733,87.49214767978961,82.05937202,72,36,FALSE,48.8
2013,Munshiganj,Dhaka,2130.114240455744,82.93544606634856,100.96015881949916,73,37,TRUE,41.9
2013,Narayanganj,Dhaka,2270.635797670797,84.54147967471182,79.03366075755042,58,28,FALSE,58.9
2013,Narsingdi,Dhaka,1823.5416858917763,51.08094108375018,88.1600867,110,58,FALSE,19.8
2013,Rajbari,Dhaka,2032.70234359746,122.5711548569808,83.51134800736075,88,45,FALSE,30.2
2013,Shariatpur,Dhaka,2038.1364659490423,105.87318880809782,81.0651764858117,87,44,FALSE,24.2
2013,Tangail,Dhaka,2219.9989916756663,82.51753514351986,91.49760091668284,63,30,FALSE,39.1
2013,Bagerhat,Khulna,2198.327158484158,117.76378703956306,83.86967053233718,65,32,FALSE,48.4
2013,Chuadanga,Khulna,2179.609930110183,86.1565461544358,93.64817285514472,69,35,FALSE,52.8
2013,Jashore,Khulna,2072.461950297825,115.36922588510454,79.43776467603165,79,39,FALSE,42.3
2013,Jhenaidah,Khulna,2194.246677756232,119.66511916819584,73.88866099952112,66,33,FALSE,48.8
2013,Khulna,Khulna,2294.155114654253,101.29944476185838,78.88585386346332,56,27,FALSE,49.6
2013,Kushtia,Khulna,2058.5834977702,116.07687709411655,83.00055876488327,82,40,FALSE,28.2
2013,Magura,Khulna,1812.0804263783489,103.26900812837162,80.92319253723879,112,59,FALSE,37.9
2013,Meherpur,Khulna,1835.2502385040573,106.82172204400642,84.4878543844686,108,57,FALSE,25.8
2013,Narail,Khulna,1916.6096612069168,112.62331728415182,79.12541305602913,98,53,FALSE,41.9
2013,Satkhira,Khulna,2227.4607527746102,114.68921001598233,90.47140629851486,61,29,FALSE,73
2013,Jamalpur,Mymensingh,2122.3402879496807,99.67091452376724,79.58277445916072,74,38,FALSE,26.6
2013,Mymensingh,Mymensingh,2472.3055373890043,135.99768255720892,76.85165359508356,40,21,FALSE,42.7
2013,Netrokona,Mymensingh,1890.2058283961808,87.76170465708624,93.00029898111872,103,55,FALSE,26.6
2013,Sherpur,Mymensingh,2846.59533828745,103.5257192468872,88.79623700566238,24,12,TRUE,48
2013,Bogura,Rajshahi,1665.774995430592,48.19271771863937,70.56225132681435,116,61,FALSE,25.8
2013,Chapai Nawabganj,Rajshahi,2188.9013277508684,136.92343439619546,74.99195049445922,67,34,TRUE,52.8
2013,Joypurhat,Rajshahi,1527.7098108569244,66.17343928858733,73.11743223338578,120,63,FALSE,7.7
2013,Naogaon,Rajshahi,1500.1730522503344,65.03773595630469,73.68914643822319,121,64,FALSE,30.6
2013,Natore,Rajshahi,2430.338240497244,128.8534562344068,76.78806514731694,45,24,TRUE,35.9
2013,Pabna,Rajshahi,1955.7333418540968,80.71333079654215,77.86409246540978,95,51,FALSE,23.8
2013,Rajshahi,Rajshahi,2000.8929750938523,56.95080500125075,81.78789030205911,91,48,FALSE,27
2013,Sirajganj,Rajshahi,1931.187871321537,98.95958383082416,84.72233700761609,97,52,FALSE,39.5
2013,Dinajpur,Rangpur,2056.385485405702,117.7649615492846,77.47510360146615,83,41,FALSE,27.4
2013,Gaibandha,Rangpur,1787.2397372899138,81.31579975861285,81.68718060646528,113,60,FALSE,14.5
2013,Kurigram,Rangpur,1985.4295340319927,108.85693441208294,87.74549861865998,92,49,FALSE,14.5
2013,Lalmonirhat,Rangpur,2049.967025631532,92.97077644544314,74.18064149529273,85,43,FALSE,21
2013,Nilphamari,Rangpur,1909.5184838568528,59.01944582034686,84.06689797677464,101,54,FALSE,24.6
2013,Panchagarh,Rangpur,1857.7852453898504,78.12184537895384,68.80986890982402,105,56,FALSE,10.5
2013,Rangpur,Rangpur,1664.0939931337475,103.02839710228686,85.29482233844152,117,62,FALSE,3.6
2013,Thakurgaon,Rangpur,1959.8401724932253,124.6491300660789,80.10583903928556,94,50,FALSE,19
2013,Habiganj,Sylhet,2780.656067276482,133.2360194190896,108.79464892918348,27,14,FALSE,40.3
2013,Moulvibazar,Sylhet,3330.214703890642,141.63658612834237,107.49599743375572,7,4,FALSE,50.8
2013,Sunamganj,Sylhet,3379.415386973109,149.9934004624189,98.2364610985152,6,3,FALSE,57.3
2013,Sylhet,Sylhet,2955.3283059640444,153.6380618586488,101.08059594881266,18,9,FALSE,45.2
2014,Barguna,Barishal,2540.774875435456,134.3606404827884,102.85565286757829,46,24,FALSE,54.4
2014,Barishal,Barishal,2943.7160374551463,137.02184095492902,95.2810838222402,23,13,FALSE,80.2
2014,Bhola,Barishal,3042.6792866717387,169.4081662345738,99.46958496617596,19,10,FALSE,84.7
2014,Jhalokati,Barishal,2776.46308020334,126.2429411255927,88.33384684167417,33,18,FALSE,85.1
2014,Patuakhali,Barishal,2988.4372443932943,196.95161740002965,98.81928815423774,21,12,TRUE,91.9
2014,Pirojpur,Barishal,2620.388139279812,65.87976293371507,103.96982856564136,41,20,TRUE,75
2014,Bandarban,Chattogram,3092.7888454053013,231.8354326135994,102.59433642480772,15,8,TRUE,73
2014,Brahmanbaria,Chattogram,2730.0064499393857,127.85431628124957,99.80389896119588,36,19,FALSE,73.8
2014,Chandpur,Chattogram,2930.094769570115,135.0779364467308,98.15631150342747,26,15,FALSE,82.7
2014,Chattogram,Chattogram,3516.6229015099216,237.5662137120964,85.58913106841015,7,6,TRUE,85.1
2014,Cox's Bazar,Chattogram,3124.731656040362,137.22344649579827,96.25601101244504,14,7,FALSE,94.4
2014,Cumilla,Chattogram,2821.328613213857,228.4041796102672,98.96324931614872,31,16,TRUE,87.1
2014,Feni,Chattogram,2819.503769990698,161.14524074876695,109.6616425029246,32,17,TRUE,72.6
2014,Khagrachari,Chattogram,3084.6857346348565,146.26465609955247,100.3220471791579,16,9,FALSE,76.6
2014,Lakshmipur,Chattogram,3006.7875956049807,180.83079791901983,100.44336281998046,20,11,FALSE,74.2
2014,Noakhali,Chattogram,2937.1699759177427,193.96748567952235,104.17044396255538,24,14,FALSE,80.6
2014,Rangamati,Chattogram,3814.996230846108,195.05944322209385,109.01439986708434,3,3,TRUE,96.4
2014,Dhaka,Dhaka,2149.919892089505,109.07734615214042,80.8166957460975,76,37,FALSE,64.9
2014,Faridpur,Dhaka,2141.176351446627,117.65729031840682,92.22772312230356,77,38,FALSE,39.5
2014,Gazipur,Dhaka,2178.753493159765,126.46643821394704,100.25917281273487,72,35,TRUE,66.1
2014,Gopalganj,Dhaka,2052.762066298492,110.6515611903018,98.79772179752489,88,45,FALSE,46.4
2014,Madaripur,Dhaka,2202.228625319241,114.32915017407562,83.16049946253423,67,31,FALSE,41.1
2014,Manikganj,Dhaka,2180.145875902837,133.46450728135298,89.79667682668835,71,34,FALSE,43.5
2014,Munshiganj,Dhaka,2188.326644388728,115.58087155563568,84.52584305219006,70,33,FALSE,65.3
2014,Narayanganj,Dhaka,2533.8267194431173,85.24843992434688,97.81522151745672,47,25,FALSE,80.2
2014,Narsingdi,Dhaka,2135.2401600647054,135.17682111309452,87.90288941266375,78,39,FALSE,52.8
2014,Rajbari,Dhaka,2588.577723450925,130.80783823968514,81.43901876550692,45,23,FALSE,59.7
2014,Shariatpur,Dhaka,1922.9541761718503,87.3168673590065,93.01638654181832,99,47,FALSE,48.8
2014,Tangail,Dhaka,2090.0528740263785,104.78978054021373,94.71230332887494,81,40,FALSE,65.3
2014,Bagerhat,Khulna,2606.762684924185,124.6538531948626,82.62404719620818,42,21,TRUE,56.5
2014,Chuadanga,Khulna,1877.1775588371747,87.55263066268697,89.57039055915268,106,54,FALSE,54
2014,Jashore,Khulna,2225.9039648788,137.40252938252345,90.06289527001165,62,29,FALSE,64.9
2014,Jhenaidah,Khulna,1672.346891891057,106.12434773637575,76.51412231594603,119,59,FALSE,37.1
2014,Khulna,Khulna,2450.6625276728973,121.712920493789,88.40294864411258,50,27,TRUE,69
2014,Kushtia,Khulna,2268.154292704741,142.48793966019727,79.48821591011877,61,28,FALSE,53.6
2014,Magura,Khulna,1699.2869065399168,88.0382736347938,84.3769177188616,116,58,FALSE,33.9
2014,Meherpur,Khulna,1892.402069722982,91.08765656674264,83.19047568125698,105,53,FALSE,35.1
2014,Narail,Khulna,2531.5166675484643,128.05914676457806,81.85228099789965,48,26,TRUE,76.6
2014,Satkhira,Khulna,2589.907567800112,145.13536259831488,95.35996130890688,44,22,TRUE,69.4
2014,Mymensingh,Mymensingh,2213.7513490562046,107.4948539948904,96.73309632035652,64,30,FALSE,70.6
2014,Bogura,Rajshahi,2198.424222960684,90.12885117930914,80.9866295459756,68,32,FALSE,39.9
2014,Chapai Nawabganj,Rajshahi,2081.436505527992,108.2383732331972,72.36777573960839,84,42,FALSE,45.6
2014,Joypurhat,Rajshahi,1897.621712692821,98.63225019234264,78.80489327190917,103,51,FALSE,41.9
2014,Naogaon,Rajshahi,1899.561544262762,79.45659988632248,86.60941619487079,102,50,FALSE,45.2
2014,Natore,Rajshahi,2069.282876728022,97.04599794980248,92.34554001224606,85,43,TRUE,57.7
2014,Pabna,Rajshahi,1809.7078911801,79.2258955466219,75.00992478245794,111,55,FALSE,52.4
2014,Rajshahi,Rajshahi,1912.763348019507,132.93466778493163,84.45148594580745,101,49,TRUE,53.2
2014,Sirajganj,Rajshahi,1715.942434341019,125.9855460128146,85.4073856533313,115,57,FALSE,44.8
2014,Dinajpur,Rangpur,2068.2212180194274,91.06742688324428,82.1257293859221,86,44,FALSE,35.5
2014,Gaibandha,Rangpur,2084.363804523541,102.1707892120846,92.3896532567908,83,41,FALSE,25
2014,Kurigram,Rangpur,2165.865880605011,134.52949459942064,85.41912645175894,74,36,FALSE,30.6
2014,Lalmonirhat,Rangpur,1654.8416485594184,101.06342157548528,96.02544554386331,120,60,TRUE,9.7
2014,Nilphamari,Rangpur,2020.298061108231,87.51585215839458,88.80104799406732,92,46,FALSE,22.6
2014,Panchagarh,Rangpur,1914.5691384291315,101.35487310950585,95.08996375633092,100,48,FALSE,17.3
2014,Rangpur,Rangpur,1892.921395496239,92.8043063888655,96.41228440959634,104,52,TRUE,25.8
2014,Thakurgaon,Rangpur,1786.056315500176,108.12647318081136,79.39252618730565,113,56,FALSE,9.7
2014,Habiganj,Sylhet,3588.940554374222,141.25719876224971,110.8219517407586,6,5,FALSE,52.4
2014,Moulvibazar,Sylhet,3981.83527559049,223.62181675105964,110.52761865911846,1,1,TRUE,66.1
2014,Sunamganj,Sylhet,3941.181314389759,202.2810267518889,96.65648243306714,2,2,TRUE,64.9
2014,Sylhet,Sylhet,3673.2358807881446,143.65972523059406,114.0866927746746,5,4,FALSE,54.4
2014,Barguna,Barishal,3228.93925576122,145.0530967209033,80.82892017577949,11,5,TRUE,86.3
2014,Barishal,Barishal,3145.688570781765,92.87843099236194,89.79562745824981,12,6,TRUE,64.9
2014,Bhola,Barishal,2683.008781234117,110.25996961900611,87.73426088368589,38,19,FALSE,61.7
2014,Jhalokati,Barishal,3082.450514903846,119.11711095155168,94.17577194185203,17,8,FALSE,68.5
2014,Patuakhali,Barishal,2860.68298422289,177.62009824862463,80.440749350751,29,14,FALSE,83.1
2014,Pirojpur,Barishal,2597.044807244265,159.51587814710777,98.06346728638616,43,22,FALSE,64.1
2014,Bandarban,Chattogram,3304.062665174287,173.2321615547243,87.28379664066043,10,4,FALSE,72.6
2014,Brahmanbaria,Chattogram,2333.141459360452,156.89668555179975,94.75531488359788,56,29,FALSE,60.1
2014,Chandpur,Chattogram,2890.441855725516,149.44924897200875,90.70360460829232,28,13,FALSE,64.9
2014,Chattogram,Chattogram,2926.180360369674,188.83404613356183,88.44836520166051,27,12,FALSE,76.6
2014,Cox's Bazar,Chattogram,2765.1219843908816,140.5233763761591,99.22368242769144,34,16,FALSE,80.6
2014,Cumilla,Chattogram,3062.465594889001,129.9011522725551,89.69630799037485,18,9,FALSE,79.4
2014,Feni,Chattogram,2530.6863390029835,113.8454013154467,102.33187475086788,49,23,FALSE,66.1
2014,Khagrachari,Chattogram,2688.576371831349,161.50636750882157,98.49686977815738,37,18,FALSE,60.1
2014,Lakshmipur,Chattogram,2982.8080483181634,119.84017216149616,103.21114713738282,22,10,FALSE,89.9
2014,Noakhali,Chattogram,3348.463889349335,154.8229005779935,96.5929142984436,9,3,FALSE,60.9
2014,Rangamati,Chattogram,2853.5461164216035,138.12983103463787,94.25650342559533,30,15,FALSE,51.2
2014,Dhaka,Dhaka,2277.01767203679,119.79515828315932,85.79068073985476,59,32,FALSE,44.8
2014,Faridpur,Dhaka,2024.9188376965944,106.8953472317733,80.74791768044146,91,46,FALSE,56
2014,Gazipur,Dhaka,1673.4893274690223,86.794759431723,81.78928121138968,118,60,FALSE,32.7
2014,Gopalganj,Dhaka,2058.0028434543547,110.9634797446702,76.88653058735522,87,43,FALSE,36.7
2014,Kishoreganj,Dhaka,2426.8297655473766,125.79088664537872,98.89881759930604,52,25,TRUE,39.9
2014,Madaripur,Dhaka,2736.017329925464,169.86197597426866,91.90437515486876,35,17,TRUE,61.7
2014,Manikganj,Dhaka,2330.26486878234,93.73361699663717,86.35599383257536,57,30,FALSE,55.6
2014,Munshiganj,Dhaka,2203.6480158973663,109.65076879143524,86.94850856460714,66,36,FALSE,42.7
2014,Narayanganj,Dhaka,2189.7420599972697,124.41021040940656,85.92991025678278,69,37,FALSE,43.1
2014,Narsingdi,Dhaka,1934.5058675460148,110.42849041344724,87.2228042826272,98,52,FALSE,23
2014,Rajbari,Dhaka,1951.6945293691683,105.85208625810492,98.13514951545888,96,50,TRUE,20.2
2014,Shariatpur,Dhaka,2040.966436364626,101.29241322136872,83.18418665289644,89,44,FALSE,25.8
2014,Tangail,Dhaka,1795.315106348465,82.07973916003418,94.76455874380588,112,57,FALSE,34.7
2014,Bagerhat,Khulna,2673.2243982889054,165.31905749218703,87.95296136991307,39,20,TRUE,58.9
2014,Chuadanga,Khulna,2004.039122373764,85.26850247420822,82.98619375461826,94,48,FALSE,43.1
2014,Jashore,Khulna,2270.753659071719,184.2242052474058,88.46421713641243,60,33,TRUE,39.9
2014,Jhenaidah,Khulna,2215.096931520386,126.9016006095374,79.46189535459723,63,34,FALSE,41.5
2014,Khulna,Khulna,1817.544212935208,123.96640108950132,80.21763245271165,110,56,FALSE,40.3
2014,Kushtia,Khulna,2118.1534494408093,128.12422447312122,83.4407015648761,79,40,FALSE,52
2014,Magura,Khulna,1747.0976277045,65.29306059062594,78.96075106100109,114,58,FALSE,27.8
2014,Meherpur,Khulna,1642.8931935682888,105.8748093180448,76.24992021326366,121,61,FALSE,20.2
2014,Narail,Khulna,2008.2265445593705,60.729507728793735,80.1941155932812,93,47,FALSE,23.8
2014,Satkhira,Khulna,2308.994314701217,137.35775618973113,84.4001401467863,58,31,FALSE,49.2
2014,Jamalpur,Mymensingh,2171.453484142942,127.55962853670256,89.47936797401157,73,38,FALSE,32.7
2014,Mymensingh,Mymensingh,2087.3315069847754,91.40742782058496,86.89513708849127,82,42,FALSE,24.2
2014,Netrokona,Mymensingh,2435.212864772927,122.97273847214892,87.94637895176906,51,24,FALSE,35.5
2014,Sherpur,Mymensingh,2415.02266567212,121.21355644816886,84.05507854573415,53,26,FALSE,44.8
2014,Bogura,Rajshahi,1417.8065116173566,49.89054505063907,79.31378650320316,124,64,FALSE,13.7
2014,Chapai Nawabganj,Rajshahi,1640.7946957192162,93.45855178400558,76.22831480743936,122,62,FALSE,10.9
2014,Joypurhat,Rajshahi,1870.8005048694629,127.32834957835944,95.32943133392006,108,54,TRUE,27.8
2014,Naogaon,Rajshahi,1875.7070783178804,69.67143251649554,84.60839577774405,107,53,FALSE,13.7
2014,Natore,Rajshahi,2155.752549468198,78.78823569926071,73.30736657900299,75,39,FALSE,35.1
2014,Pabna,Rajshahi,2030.9215435970657,84.54766284586464,82.63978555599097,90,45,FALSE,28.6
2014,Rajshahi,Rajshahi,2213.732560179277,124.48011550754228,80.76714647509579,65,35,FALSE,48
2014,Sirajganj,Rajshahi,1856.7092510625384,76.17608298229413,75.41029906500752,109,55,FALSE,19
2014,Dinajpur,Rangpur,1940.8875459729952,102.43135946658074,75.87336353687735,97,51,FALSE,12.5
2014,Gaibandha,Rangpur,1691.6972124857198,79.17436839644508,82.33786011661049,117,59,FALSE,3.6
2014,Kurigram,Rangpur,2349.598561360289,67.29720554860623,86.03072342171848,55,28,FALSE,29.8
2014,Lalmonirhat,Rangpur,2410.077888014984,114.5427984249252,67.19802375548066,54,27,FALSE,32.7
2014,Nilphamari,Rangpur,2106.787384768291,118.17255950997682,84.90667183693061,80,41,FALSE,21.4
2014,Panchagarh,Rangpur,1980.9891186457685,121.55728343094896,83.62633056088221,95,49,FALSE,21
2014,Rangpur,Rangpur,2623.4922887793227,129.50226178930922,76.20709586706622,40,21,TRUE,35.1
2014,Thakurgaon,Rangpur,1489.7385078312473,110.52038938886054,90.44474947145775,123,63,FALSE,3.2
2014,Habiganj,Sylhet,2930.797921138157,150.24054824552414,95.93207129091644,25,11,FALSE,42.3
2014,Moulvibazar,Sylhet,3484.367039285308,157.58361067566423,97.94103868701538,8,2,FALSE,50.8
2014,Sunamganj,Sylhet,3710.783996821356,175.42565393659245,99.79640775854084,4,1,FALSE,54
2014,Sylhet,Sylhet,3131.7873736708075,178.39187011811194,98.73384456278472,13,7,FALSE,48
2015,Barguna,Barishal,2609.317567076645,175.38170911832293,93.06285539289212,37,17,FALSE,85.1
2015,Barishal,Barishal,2252.925793088322,95.90284541882508,97.67841263018532,55,27,FALSE,74.6
2015,Bhola,Barishal,2501.6524366623808,170.3173039114151,94.7862076764024,43,22,FALSE,73.8
2015,Jhalokati,Barishal,2613.861184691737,140.84447146685673,94.56050948072608,36,16,FALSE,80.6
2015,Patuakhali,Barishal,2819.003715112792,139.7953964777091,96.34707458185812,29,13,FALSE,82.3
2015,Pirojpur,Barishal,2117.4837281483024,102.73286040361825,99.77652532793186,72,35,FALSE,69
2015,Bandarban,Chattogram,2792.2786574052207,151.55290058180023,110.7102254516591,31,14,FALSE,75.4
2015,Brahmanbaria,Chattogram,3073.74779481237,161.02826575441486,97.36157383134136,18,6,FALSE,57.7
2015,Chandpur,Chattogram,3470.7211648017387,197.88543150510017,96.83704875072392,5,3,TRUE,98.4
2015,Chattogram,Chattogram,3559.2285304073903,166.44131376426557,98.87102047882676,2,1,TRUE,87.5
2015,Cox's Bazar,Chattogram,2928.2331966510505,119.95120722089908,99.72564441729232,24,10,FALSE,68.1
2015,Cumilla,Chattogram,2574.47164964418,105.84641387173292,97.5970705429867,38,18,FALSE,69.8
2015,Feni,Chattogram,2956.1866463488223,168.72328223782358,99.22692719262086,22,8,FALSE,87.1
2015,Khagrachari,Chattogram,2950.2683984243763,198.58819305695548,99.15840975769916,23,9,FALSE,89.9
2015,Lakshmipur,Chattogram,2899.601376883061,195.90646808313275,113.0129182446657,25,11,TRUE,57.3
2015,Noakhali,Chattogram,2993.4977891390536,132.1631733804242,98.52410781307756,20,7,FALSE,87.5
2015,Rangamati,Chattogram,2503.4137919657364,138.72735632815653,103.01385856933396,42,21,FALSE,76.6
2015,Dhaka,Dhaka,2172.153364922637,113.84925643612296,93.32417064920894,64,30,FALSE,47.6
2015,Faridpur,Dhaka,2761.4754290531737,129.294079707543,94.98475531209176,34,15,TRUE,77
2015,Gazipur,Dhaka,1812.5355708676807,98.71783702223348,95.50896174359131,111,53,FALSE,44.8
2015,Gopalganj,Dhaka,1939.348240727548,67.97738312345254,82.78156700006603,95,46,FALSE,53.6
2015,Madaripur,Dhaka,2176.125381818212,107.57926272555515,88.00777512540444,63,29,FALSE,58.5
2015,Manikganj,Dhaka,2520.751737720894,78.97820106352727,88.58933213679649,41,20,FALSE,69
2015,Munshiganj,Dhaka,1884.4047287677683,75.00606596400235,93.10784226945866,101,49,FALSE,56.9
2015,Narayanganj,Dhaka,2268.8245268081264,132.9302612194399,97.46053460839951,54,26,FALSE,58.9
2015,Narsingdi,Dhaka,2315.058849425732,94.52798261676158,94.77103332815231,52,25,FALSE,77.4
2015,Rajbari,Dhaka,2149.798595791891,123.74440142571032,84.16791404939059,69,32,FALSE,46.8
2015,Shariatpur,Dhaka,1969.8605708270368,77.14111030332855,92.55029213305792,90,44,FALSE,46
2015,Tangail,Dhaka,2561.75377080016,105.81148459403012,78.09329128565686,39,19,FALSE,83.9
2015,Bagerhat,Khulna,2149.931561491963,123.1328085494464,84.90523993664321,68,31,FALSE,66.9
2015,Chuadanga,Khulna,2145.231989366323,141.89282902018095,84.15101583871893,70,33,FALSE,47.2
2015,Jashore,Khulna,2399.5949227806755,107.22468709377604,82.88967323031521,48,23,FALSE,54.8
2015,Jhenaidah,Khulna,2043.4904293582013,104.700262322475,88.68471690023297,81,39,FALSE,56
2015,Khulna,Khulna,1864.4980884855847,98.54513651556007,97.5309411530902,103,50,TRUE,50
2015,Kushtia,Khulna,1885.6184973457048,82.93573883726926,85.3208391689191,100,48,FALSE,50
2015,Magura,Khulna,2133.4522740215352,98.02152745430948,97.4358969665034,71,34,TRUE,68.5
2015,Meherpur,Khulna,1693.5355129786035,89.35814690403515,84.75541290711917,119,57,FALSE,48.4
2015,Narail,Khulna,1987.509221479728,101.5635031461432,85.8241914126215,85,41,FALSE,44.8
2015,Satkhira,Khulna,2078.206117508488,133.00679029243597,99.26005237966656,77,36,TRUE,67.7
2015,Mymensingh,Mymensingh,2335.0550287219503,115.8559742978507,91.3030582154734,50,24,FALSE,56.5
2015,Bogura,Rajshahi,2074.5205343347866,111.14807681152806,78.54462564577186,78,37,FALSE,48.4
2015,Chapai Nawabganj,Rajshahi,1803.8208127596456,108.53939114980123,70.45922196066294,113,54,FALSE,40.7
2015,Joypurhat,Rajshahi,1785.3324483216918,95.05152502701254,79.05150932550829,114,55,FALSE,20.6
2015,Naogaon,Rajshahi,1993.440239386832,130.18130667221195,82.03151250533742,84,40,FALSE,38.7
2015,Natore,Rajshahi,1966.4503001790504,105.57899275001408,85.99028547214553,91,45,FALSE,58.1
2015,Pabna,Rajshahi,1978.1261665784475,67.52710251770527,88.87642495461279,89,43,FALSE,56.9
2015,Rajshahi,Rajshahi,1984.870990835523,93.71026480290791,74.75775514585176,87,42,FALSE,52
2015,Sirajganj,Rajshahi,1825.6283641439093,89.55006810214148,94.72577468737478,109,52,TRUE,45.2
2015,Dinajpur,Rangpur,1746.061264660851,72.01577581624115,85.84872182809875,118,56,FALSE,5.6
2015,Gaibandha,Rangpur,1887.73109203092,94.41074171775712,74.83520128891261,99,47,FALSE,16.1
2015,Kurigram,Rangpur,1478.114976640151,70.01515732867988,92.71534099642643,123,59,FALSE,5.6
2015,Lalmonirhat,Rangpur,1838.836750872029,102.90395335703803,88.89748370386057,106,51,FALSE,15.7
2015,Nilphamari,Rangpur,2069.4852135476867,145.74645415503915,85.93883332652365,79,38,FALSE,31
2015,Panchagarh,Rangpur,1590.6632029964633,89.14158232980401,81.65809173615943,121,58,FALSE,14.9
2015,Rangpur,Rangpur,2225.7291118217945,124.79481008152965,78.92137444194697,57,28,FALSE,34.7
2015,Thakurgaon,Rangpur,1255.571234702908,70.83396306819331,81.9988319277957,124,60,FALSE,16.1
2015,Habiganj,Sylhet,2829.162494931575,144.8848917753038,101.85208128676469,27,12,FALSE,56.9
2015,Moulvibazar,Sylhet,3525.2226936713887,180.09743422869008,105.6451485853875,4,2,FALSE,59.3
2015,Sunamganj,Sylhet,3415.7577413347726,138.11773566756872,101.73557469862436,8,5,FALSE,56.9
2015,Sylhet,Sylhet,3433.2828314859885,159.27399554049828,108.91410908012868,7,4,FALSE,67.3
2015,Barguna,Barishal,3205.041622778259,172.8404706558063,84.84850794787799,12,7,FALSE,78.6
2015,Barishal,Barishal,2204.374446793953,131.53406754125484,94.64274744699604,60,32,FALSE,63.3
2015,Bhola,Barishal,2896.6173385541283,152.27509949618678,83.43310257494693,26,15,FALSE,68.1
2015,Jhalokati,Barishal,3185.160727356505,134.7187682318703,98.23516918123497,15,10,FALSE,80.6
2015,Patuakhali,Barishal,3451.681921607068,156.9948822546835,102.7458916726538,6,3,TRUE,78.6
2015,Pirojpur,Barishal,2479.645921896942,147.68611972922386,98.47629461548962,45,23,FALSE,51.2
2015,Bandarban,Chattogram,3096.6040028485554,160.26586205400807,85.68723849911552,17,12,FALSE,58.9
2015,Brahmanbaria,Chattogram,2985.4960815036025,136.60924496526698,93.33100243056744,21,14,FALSE,75.8
2015,Chandpur,Chattogram,3195.329174268551,164.78226153096514,93.2308123826164,14,9,FALSE,77
2015,Chattogram,Chattogram,2806.184537357154,188.55814381058207,108.70509211900873,30,17,FALSE,56.9
2015,Cox's Bazar,Chattogram,3225.502092743912,186.7261446014287,97.25295976757616,11,6,FALSE,88.7
2015,Cumilla,Chattogram,3201.5094669509795,134.32522815785563,102.1221325845756,13,8,FALSE,65.7
2015,Feni,Chattogram,3313.155075848971,182.9571460562258,90.1279810288178,9,4,FALSE,72.2
2015,Khagrachari,Chattogram,2736.40064416896,117.1423165467126,109.04887257471556,35,20,TRUE,65.3
2015,Lakshmipur,Chattogram,3062.82206688765,125.45110026661452,87.45623684967916,19,13,FALSE,75.4
2015,Noakhali,Chattogram,3542.691320899477,244.34964796710784,97.69016236947915,3,2,TRUE,88.7
2015,Rangamati,Chattogram,2771.362183363062,153.01466332517683,98.680071248259,33,19,FALSE,68.1
2015,Dhaka,Dhaka,1832.0311070668924,83.89520218986131,83.94371290083939,108,57,FALSE,16.9
2015,Faridpur,Dhaka,1891.2519110523267,100.42208565562088,89.80266128559259,98,52,FALSE,34.3
2015,Gazipur,Dhaka,1993.972108007498,97.4107927598046,89.02992367388275,83,44,FALSE,46.8
2015,Gopalganj,Dhaka,2196.046939215021,122.52386020687356,86.71748221048492,61,33,FALSE,34.3
2015,Kishoreganj,Dhaka,1981.6998210329984,87.20682806960077,73.25662565414116,88,46,FALSE,26.6
2015,Madaripur,Dhaka,2402.401379803326,106.87837573581078,81.09080669946616,47,25,FALSE,49.6
2015,Manikganj,Dhaka,1765.9821269084434,97.89475022758717,82.02425744632492,116,61,FALSE,30.6
2015,Munshiganj,Dhaka,2050.875378211139,91.32837353111162,85.80348037870401,80,42,FALSE,29.4
2015,Narayanganj,Dhaka,2443.98128955376,109.58702787432682,86.5767246616459,46,24,FALSE,44
2015,Narsingdi,Dhaka,1867.148356345568,109.64749048207756,89.90120706775197,102,53,FALSE,24.2
2015,Rajbari,Dhaka,2206.324558734917,141.47439687437915,85.52215165252571,59,31,FALSE,51.2
2015,Shariatpur,Dhaka,1834.384959445324,90.19477184750448,76.97167775581399,107,56,FALSE,35.1
2015,Tangail,Dhaka,2109.377945053957,98.10173226640316,84.0701896926957,73,38,FALSE,62.9
2015,Bagerhat,Khulna,2341.7334781432005,129.21673100095168,84.0072285166442,49,26,FALSE,50.8
2015,Chuadanga,Khulna,2093.897159139552,100.14777586351764,84.20022174490737,76,41,FALSE,33.5
2015,Jashore,Khulna,1998.3134263145512,90.8550363110886,73.0761409642199,82,43,FALSE,36.7
2015,Jhenaidah,Khulna,1962.2315879319365,108.63726238232236,90.05328632954524,92,47,FALSE,31
2015,Khulna,Khulna,2150.288570075465,86.3441053477585,83.81427174472361,67,37,FALSE,58.9
2015,Kushtia,Khulna,1849.0886734382275,91.96884831800352,80.10293726946853,104,54,FALSE,42.7
2015,Magura,Khulna,1946.1562460307948,110.13403958034804,90.01136770954749,94,49,FALSE,44
2015,Meherpur,Khulna,2186.0184326582407,83.14394475591763,74.88894133048113,62,34,FALSE,29.8
2015,Narail,Khulna,2108.152403683761,80.31201089092885,89.40585060428769,74,39,FALSE,42.3
2015,Satkhira,Khulna,1985.824843438824,82.88610500584653,79.72791540180302,86,45,FALSE,24.6
2015,Jamalpur,Mymensingh,2529.776949785353,123.0136476508318,90.49278909957332,40,21,FALSE,43.5
2015,Mymensingh,Mymensingh,1765.6235511985374,101.48645718376736,81.71354184556115,117,62,FALSE,14.1
2015,Netrokona,Mymensingh,2488.718173454685,134.91273884508027,91.10211308795678,44,22,FALSE,38.7
2015,Sherpur,Mymensingh,2787.208489642421,134.0395377920485,92.46854765288909,32,18,FALSE,39.9
2015,Bogura,Rajshahi,2288.252684911048,156.37682119844618,74.34246522349308,53,28,TRUE,55.6
2015,Chapai Nawabganj,Rajshahi,1911.614600393429,44.45331430055368,69.04414655356862,97,51,FALSE,25.4
2015,Joypurhat,Rajshahi,2095.674505514855,109.64767343147813,82.54329916860928,75,40,FALSE,33.1
2015,Naogaon,Rajshahi,1922.629658903608,80.48107239074116,77.35593750481688,96,50,FALSE,37.5
2015,Natore,Rajshahi,2161.6152191740644,124.79523419120976,78.60297494095843,65,35,FALSE,45.6
2015,Pabna,Rajshahi,1824.82070320425,93.93731554865737,74.97905197004691,110,58,FALSE,27
2015,Rajshahi,Rajshahi,1630.347637367122,107.98210897078395,91.49822251050142,120,63,TRUE,24.6
2015,Sirajganj,Rajshahi,1780.6460315384238,93.80533087831992,83.84104634076834,115,60,FALSE,20.6
2015,Dinajpur,Rangpur,2158.297220484163,98.34050713796424,76.57706147497375,66,36,FALSE,25
2015,Gaibandha,Rangpur,1808.2823949177264,78.11981497677367,76.92417775689701,112,59,FALSE,7.3
2015,Kurigram,Rangpur,2315.632402819838,119.07084811920856,77.66256800794359,51,27,FALSE,33.9
2015,Lalmonirhat,Rangpur,2226.651933633512,76.02133406558136,82.75890510197772,56,29,FALSE,31.5
2015,Nilphamari,Rangpur,2214.293172379662,119.46939104686342,79.82393698208034,58,30,FALSE,27.8
2015,Panchagarh,Rangpur,1839.6162275792808,112.91840956169165,78.52650172537207,105,55,FALSE,13.3
2015,Rangpur,Rangpur,1949.405853638275,94.98661565360642,82.315873171238,93,48,FALSE,14.5
2015,Thakurgaon,Rangpur,1546.429523871922,81.77563191819874,73.03644671755747,122,64,FALSE,4.4
2015,Habiganj,Sylhet,3151.822996395138,114.54930643171744,96.2802689227018,16,11,FALSE,50.8
2015,Moulvibazar,Sylhet,3304.57252524029,181.08485864142187,100.51312548014154,10,5,FALSE,46.8
2015,Sunamganj,Sylhet,2825.1550506051485,147.56217232704165,105.43631583093293,28,16,FALSE,45.6
2015,Sylhet,Sylhet,4059.56030582819,145.1827600835017,91.01394361055203,1,1,TRUE,57.7
2016,Barguna,Barishal,3145.693443098341,161.3085794429318,92.98009451822148,13,9,FALSE,89.9
2016,Barishal,Barishal,2746.841729631681,133.71882755879673,102.7405329371864,31,15,FALSE,85.5
2016,Bhola,Barishal,2674.80596361786,144.76917437687482,89.97523667632358,36,18,FALSE,78.6
2016,Jhalokati,Barishal,2558.5242554002207,105.7977424956568,99.75485579499626,40,21,FALSE,76.6
2016,Patuakhali,Barishal,2536.440873541479,177.42601076106726,98.60151987577385,41,22,FALSE,81.9
2016,Pirojpur,Barishal,3266.549858436918,139.21889649038877,96.97928078172232,8,7,FALSE,87.9
2016,Bandarban,Chattogram,3277.817403937297,118.69285885874253,92.97823059763212,7,6,FALSE,85.1
2016,Brahmanbaria,Chattogram,2666.458514992757,122.54609985685018,100.75638366074982,37,19,FALSE,63.3
2016,Chandpur,Chattogram,3026.4630022429383,138.15975956192554,111.54102643540432,18,10,FALSE,81
2016,Chattogram,Chattogram,2623.4410168138984,87.22276814367251,109.20395751977586,38,20,TRUE,54.4
2016,Cox's Bazar,Chattogram,3481.847581313946,154.4112767474537,105.80284957063384,3,3,FALSE,98.4
2016,Cumilla,Chattogram,2910.048425322744,128.63415029672208,97.03667964722528,22,11,FALSE,90.3
2016,Feni,Chattogram,3186.6764171789846,203.67922601094045,98.42346470044806,11,8,FALSE,77.8
2016,Khagrachari,Chattogram,2729.135110456451,164.69325556592784,102.37316306154268,33,17,FALSE,83.9
2016,Lakshmipur,Chattogram,3366.647777488336,184.32943620396983,108.36828741428096,5,5,FALSE,83.9
2016,Noakhali,Chattogram,2534.58126580265,148.33280636175078,99.83710406372744,42,23,FALSE,81.9
2016,Rangamati,Chattogram,2746.6806067902035,109.0813587632288,99.26833499986446,32,16,FALSE,81.5
2016,Dhaka,Dhaka,2324.6137806652264,111.4935420072583,85.16099398579325,52,27,FALSE,71.4
2016,Faridpur,Dhaka,2161.9191302974,126.85005427676764,92.58662494180652,73,39,FALSE,34.7
2016,Gazipur,Dhaka,2028.2477825952344,170.48477580129986,82.68775034484773,97,50,TRUE,30.2
2016,Gopalganj,Dhaka,2112.4981179682404,95.7326475671761,86.33501304930437,82,43,FALSE,51.6
2016,Madaripur,Dhaka,1898.970649947053,89.6636463971746,94.45541269899326,109,52,FALSE,33.5
2016,Manikganj,Dhaka,2204.3716637431,119.00401082043614,94.9566588287617,66,34,FALSE,57.3
2016,Munshiganj,Dhaka,2103.770684501417,125.61761084873984,97.96551114961304,85,45,TRUE,60.5
2016,Narayanganj,Dhaka,2249.7911010258385,84.46571877944105,91.88992768544792,60,30,FALSE,66.5
2016,Narsingdi,Dhaka,2152.8505549331003,85.21045221845542,90.55589332435716,77,40,FALSE,27
2016,Rajbari,Dhaka,2339.4431856354545,145.8128082125704,86.94843870639055,50,26,FALSE,45.6
2016,Shariatpur,Dhaka,2788.9485372732324,146.14826679694303,102.78144338005178,28,14,TRUE,56.9
2016,Tangail,Dhaka,2819.4633099830307,152.45681012755142,82.73062640371816,27,13,TRUE,85.1
2016,Bagerhat,Khulna,2217.293167358432,116.3536753333312,82.84838431516317,64,33,FALSE,57.3
2016,Chuadanga,Khulna,2177.664720807199,111.38976507318984,92.24269418232842,70,36,FALSE,60.5
2016,Jashore,Khulna,2146.1108500323044,67.83630056639416,91.71808162438788,79,41,FALSE,54.4
2016,Jhenaidah,Khulna,1491.3448379562103,77.79035874455695,74.22183876827279,124,60,FALSE,46.4
2016,Khulna,Khulna,2107.8443634525306,105.85712412977452,90.86471568464128,83,44,FALSE,63.3
2016,Kushtia,Khulna,2318.1663920941774,148.11805132660317,83.26823010240942,53,28,FALSE,55.6
2016,Magura,Khulna,2397.837110073394,111.63367536191292,82.4578375730244,47,25,FALSE,71
2016,Meherpur,Khulna,1735.272564801147,79.8868834397106,100.49797693428188,119,58,TRUE,27.8
2016,Narail,Khulna,2282.46363216528,111.49991093321184,79.3758433508349,57,29,FALSE,72.6
2016,Satkhira,Khulna,1831.2928850030253,93.87839528651526,90.51799044909592,116,55,FALSE,38.7
2016,Mymensingh,Mymensingh,2065.214598941229,110.12175314617842,96.1938001861567,91,47,FALSE,37.9
2016,Bogura,Rajshahi,2237.664372010845,114.56245526693124,82.9833720054966,61,31,TRUE,47.2
2016,Chapai Nawabganj,Rajshahi,1968.6637848482533,88.04579712954376,84.6497220638095,104,51,FALSE,32.3
2016,Joypurhat,Rajshahi,1840.4689513463625,130.42722558292277,84.69895902070817,115,54,FALSE,31.5
2016,Naogaon,Rajshahi,2041.220884519913,124.1586086431146,84.81942275278874,96,49,FALSE,61.3
2016,Natore,Rajshahi,2132.651711404392,142.21462966716015,84.43326440720051,81,42,TRUE,58.9
2016,Pabna,Rajshahi,1878.7356942515144,130.72096391651075,85.57331767379873,112,53,TRUE,19.4
2016,Rajshahi,Rajshahi,1505.329244039421,99.72396460938926,83.11123633676064,123,59,FALSE,48
2016,Sirajganj,Rajshahi,2185.272541507258,119.77175022904208,78.6502575132499,69,35,TRUE,47.2
2016,Dinajpur,Rangpur,1786.275985308534,94.9509927600696,76.6564319301259,118,57,FALSE,6.5
2016,Gaibandha,Rangpur,2166.2678195497324,120.74259790797132,96.3236771243777,72,38,FALSE,27.4
2016,Kurigram,Rangpur,1821.9617051513408,140.39049066210185,98.26336173627271,117,56,TRUE,13.3
2016,Lalmonirhat,Rangpur,2043.1701025271325,102.33837896701422,92.91306703347163,94,48,TRUE,25
2016,Nilphamari,Rangpur,2495.449935576668,165.62996894533944,93.93496303995649,45,24,TRUE,37.9
2016,Panchagarh,Rangpur,2168.140216372038,147.83551621302618,92.33831995515251,71,37,TRUE,37.5
2016,Rangpur,Rangpur,2234.383362996631,85.26203378066552,90.5769558446762,62,32,FALSE,58.5
2016,Thakurgaon,Rangpur,2094.241915461205,134.79599574048473,79.3959824596285,87,46,FALSE,29.8
2016,Habiganj,Sylhet,3599.427581438032,111.83821535640898,102.66523349275022,2,2,FALSE,52.4
2016,Moulvibazar,Sylhet,3725.211251225701,239.8612119460924,106.48660990802532,1,1,FALSE,66.9
2016,Sunamganj,Sylhet,3428.618122103633,85.10757239112887,114.89448944140472,4,4,FALSE,55.2
2016,Sylhet,Sylhet,2849.158126596463,126.84746906160804,109.25145681772356,24,12,FALSE,79.8
2016,Barguna,Barishal,2364.4920947365104,133.42487207215876,83.5222575838094,49,24,FALSE,59.3
2016,Barishal,Barishal,2976.356891919298,134.5396981502268,89.03417490199884,20,10,FALSE,92.3
2016,Bhola,Barishal,2963.3134060354264,158.5865280106975,95.04186769607664,21,11,FALSE,80.6
2016,Jhalokati,Barishal,2775.707596270286,84.09537485097817,78.4125198807657,29,15,FALSE,69.8
2016,Patuakhali,Barishal,2288.326218731608,107.42244362403594,97.91922380605166,56,28,FALSE,50
2016,Pirojpur,Barishal,2338.875045310086,122.21222458831222,95.40616380057337,51,25,FALSE,58.9
2016,Bandarban,Chattogram,2979.5575154724106,164.9569718729353,83.84323307340033,19,9,FALSE,67.7
2016,Brahmanbaria,Chattogram,2514.5668170650624,144.60215553555864,94.52283357068848,43,20,FALSE,46.4
2016,Chandpur,Chattogram,3228.737533003717,95.24965318421856,103.9744443897354,10,3,FALSE,69.8
2016,Chattogram,Chattogram,2824.204116509254,165.48672231456118,94.69721610126292,26,14,FALSE,66.1
2016,Cox's Bazar,Chattogram,3131.186494707039,129.59705638444206,105.44021982075115,14,5,FALSE,81
2016,Cumilla,Chattogram,3081.0752761721537,179.32918036076865,96.81832461177773,15,6,FALSE,78.2
2016,Feni,Chattogram,2750.398678682412,174.11604851369012,89.83926812144215,30,16,FALSE,78.2
2016,Khagrachari,Chattogram,3250.3440004900667,136.810249422559,92.34088232267018,9,2,FALSE,90.3
2016,Lakshmipur,Chattogram,3353.303149861202,183.59897250341425,97.00557695448688,6,1,FALSE,68.5
2016,Noakhali,Chattogram,3056.154169258856,111.95531823119228,94.54905978621808,17,8,FALSE,73
2016,Rangamati,Chattogram,2681.614885806918,129.21352847630558,83.95760972134288,34,17,FALSE,67.3
2016,Dhaka,Dhaka,2158.094314966838,116.62451431883125,97.55711540726318,75,36,FALSE,39.9
2016,Faridpur,Dhaka,2151.853808691796,104.79913876290574,86.50286883187466,78,38,FALSE,33.9
2016,Gazipur,Dhaka,1887.9515341654983,88.08235549441319,83.39032813303427,111,59,FALSE,16.9
2016,Gopalganj,Dhaka,2511.137190432768,121.57596445552387,86.07617276294042,44,21,FALSE,41.1
2016,Kishoreganj,Dhaka,2002.6541079960384,103.1445727428385,88.29053585466296,101,51,FALSE,52.8
2016,Madaripur,Dhaka,2155.7805981435185,98.0184275544342,90.4183246847403,76,37,FALSE,49.6
2016,Manikganj,Dhaka,2001.5812192989456,63.952879807557984,76.47474537270104,102,52,FALSE,27.8
2016,Munshiganj,Dhaka,2014.6886965039373,102.87867259216893,84.71013669547487,100,50,FALSE,47.2
2016,Narayanganj,Dhaka,2087.059580867598,97.90037261915586,87.57280262980228,88,42,FALSE,27
2016,Narsingdi,Dhaka,2680.154218972393,105.3277889373484,77.08684897445158,35,18,TRUE,46.8
2016,Rajbari,Dhaka,1923.806282681812,104.4301129793434,85.11713440997272,108,57,FALSE,38.3
2016,Shariatpur,Dhaka,2221.462935762971,78.6941804578777,84.38474553770082,63,31,FALSE,34.7
2016,Tangail,Dhaka,2299.331817580204,124.85467530172048,92.42170072419106,55,27,FALSE,49.2
2016,Bagerhat,Khulna,2080.596218960955,38.0660529624039,85.34760503578585,90,44,FALSE,30.2
2016,Chuadanga,Khulna,2017.646957557671,58.79842019334879,89.92635738511422,98,48,FALSE,36.7
2016,Jashore,Khulna,2275.895359637219,84.79457831278518,90.37489590630356,58,29,FALSE,55.2
2016,Jhenaidah,Khulna,2317.927335270492,118.75853901369057,83.33828533702538,54,26,FALSE,48.8
2016,Khulna,Khulna,2054.833659579286,127.25816938710923,90.2130923566912,93,46,FALSE,47.6
2016,Kushtia,Khulna,2107.574354942879,119.92253357982592,90.6102625569472,84,40,FALSE,48.8
2016,Magura,Khulna,2488.5254135186083,134.7742220261045,76.782619737959,46,22,FALSE,73.4
2016,Meherpur,Khulna,2273.055648697353,101.26039570319502,101.64762055484,59,30,TRUE,38.3
2016,Narail,Khulna,2057.393341257902,116.36394823157096,89.86744160445518,92,45,FALSE,36.3
2016,Satkhira,Khulna,2081.8072318355944,69.0188301366913,85.22949914486227,89,43,FALSE,37.1
2016,Jamalpur,Mymensingh,2371.6837143379,104.76299354042692,73.76309705034143,48,23,FALSE,39.1
2016,Mymensingh,Mymensingh,2860.0382008324927,116.70715950968514,73.21427486352202,23,12,TRUE,48.4
2016,Netrokona,Mymensingh,1718.633291634764,104.78769634601082,85.52297526394958,120,62,FALSE,6.9
2016,Sherpur,Mymensingh,2041.7980582591376,111.7354851218127,97.3006961712158,95,47,FALSE,25
2016,Bogura,Rajshahi,2014.8469725134792,88.70406394336118,70.79875078101078,99,49,FALSE,27.8
2016,Chapai Nawabganj,Rajshahi,1868.1419986596648,86.50770087872479,70.29538220769442,113,60,FALSE,14.1
2016,Joypurhat,Rajshahi,1892.9217335929725,104.82013789257768,76.30124162674201,110,58,FALSE,22.6
2016,Naogaon,Rajshahi,1964.7236777930964,124.50393184257976,79.27847780197129,105,54,FALSE,29.8
2016,Natore,Rajshahi,1717.9199575683567,88.29513648294156,80.21202046866883,121,63,FALSE,31.9
2016,Pabna,Rajshahi,2186.67841415797,92.31948998440586,86.80286085964308,68,34,FALSE,59.7
2016,Rajshahi,Rajshahi,2199.8935950862005,97.47402498516448,74.98931860265012,67,33,FALSE,41.5
2016,Sirajganj,Rajshahi,1853.552263338104,95.33387042673895,76.67656812120596,114,61,FALSE,13.3
2016,Dinajpur,Rangpur,2160.769606495007,94.44642140651648,81.22207041038703,74,35,FALSE,22.6
2016,Gaibandha,Rangpur,1963.0816898145863,87.25336468448334,84.49577575931582,106,55,FALSE,18.5
2016,Kurigram,Rangpur,2205.443719857668,124.42879961360472,75.74982256220164,65,32,FALSE,24.6
2016,Lalmonirhat,Rangpur,1983.195720537944,83.4772510003379,88.02362334138135,103,53,FALSE,9.7
2016,Nilphamari,Rangpur,1942.7464592854449,103.24006263413877,80.03150223326217,107,56,FALSE,11.3
2016,Panchagarh,Rangpur,1664.4959697179404,87.13861606723145,70.01987235132455,122,64,FALSE,2.4
2016,Rangpur,Rangpur,2145.652221326472,98.96542295126056,70.31821529655718,80,39,FALSE,19.8
2016,Thakurgaon,Rangpur,2094.670515407785,85.01423115818932,88.65380214168627,86,41,FALSE,21
2016,Habiganj,Sylhet,2842.5063762191626,96.70570150411314,98.62985012279664,25,13,FALSE,47.2
2016,Moulvibazar,Sylhet,3148.614940744064,182.4250338960789,100.62574352454138,12,4,FALSE,48.8
2016,Sunamganj,Sylhet,2622.2223541241374,111.14668962697468,97.14042048305922,39,19,FALSE,39.1
2016,Sylhet,Sylhet,3062.560728547064,143.38181887920862,97.72306173121332,16,7,FALSE,46.4
2017,Barguna,Barishal,3539.404594980452,257.02685044359487,97.7762413167438,4,2,TRUE,91.1
2017,Barishal,Barishal,2921.575985850224,94.91754412825858,71.46559836448078,23,13,FALSE,88.3
2017,Bhola,Barishal,2505.370926719592,153.57443589041625,91.20244330800072,47,22,FALSE,57.3
2017,Jhalokati,Barishal,2751.6957464818656,155.51225693084447,93.14691734857998,35,19,FALSE,71.8
2017,Patuakhali,Barishal,2822.3574203018266,239.274945429758,89.60499277410221,32,17,TRUE,76.6
2017,Pirojpur,Barishal,2214.2602683310247,136.71020280039644,99.97245219945889,72,34,FALSE,68.1
2017,Bandarban,Chattogram,3483.2424505494164,183.7675851778968,104.54857277118302,5,3,FALSE,94
2017,Brahmanbaria,Chattogram,2835.153827257203,112.1562435638846,101.84697421493584,29,15,FALSE,68.5
2017,Chandpur,Chattogram,3558.803788075781,150.97488149185713,111.9599975279889,3,1,TRUE,94.4
2017,Chattogram,Chattogram,3083.1480079085422,190.39171017767563,93.23182905714248,18,10,FALSE,75.4
2017,Cox's Bazar,Chattogram,2832.013499111851,163.8383437641116,95.9692406431212,31,16,FALSE,87.9
2017,Cumilla,Chattogram,3411.259457164424,213.00675500764456,106.07079321129814,8,4,TRUE,91.9
2017,Feni,Chattogram,2896.7187971065823,119.79300712753276,106.33403832630871,25,14,FALSE,68.5
2017,Khagrachari,Chattogram,3002.468294048756,177.31940487826563,85.97549673343057,21,11,FALSE,66.5
2017,Lakshmipur,Chattogram,2405.928260807501,140.5768886040428,96.54844780166232,55,26,FALSE,53.6
2017,Noakhali,Chattogram,3322.99220162998,111.63949809624688,98.88452503902307,10,6,FALSE,79.8
2017,Rangamati,Chattogram,3398.2195743937064,244.63925107231205,111.74268600045066,9,5,TRUE,95.2
2017,Dhaka,Dhaka,2607.256663452893,156.36532485231098,97.2569541734128,40,20,TRUE,60.9
2017,Faridpur,Dhaka,2109.319252558726,95.47188160646968,88.25625723125017,83,41,FALSE,33.5
2017,Gazipur,Dhaka,2263.8011571844104,170.42989343253467,85.82233347042289,66,31,TRUE,54
2017,Gopalganj,Dhaka,2134.6584594019955,104.58875763652982,100.0282055307698,79,38,TRUE,66.5
2017,Madaripur,Dhaka,1743.581215200633,81.60027205433151,84.3015699872054,114,56,FALSE,42.3
2017,Manikganj,Dhaka,2099.549788974776,99.76329367843336,87.28274728675069,86,42,FALSE,58.9
2017,Munshiganj,Dhaka,2115.069837055585,84.5995915009777,76.90854082313619,82,40,FALSE,48
2017,Narayanganj,Dhaka,2340.942205258926,149.16406939541906,86.22138584211906,59,28,TRUE,52.8
2017,Narsingdi,Dhaka,2292.004291065616,130.58698609281734,102.14923590999616,60,29,TRUE,57.3
2017,Rajbari,Dhaka,3096.5939689515926,187.7042133261373,89.5220755485143,17,9,TRUE,87.1
2017,Shariatpur,Dhaka,1770.542567499654,70.25347104002255,98.98694357944753,110,53,TRUE,54.8
2017,Tangail,Dhaka,2170.5501537185573,110.17106485797514,97.07158248018334,75,36,TRUE,58.9
2017,Bagerhat,Khulna,1487.7186749839989,81.22000410516564,89.14737837685834,121,59,FALSE,43.5
2017,Chuadanga,Khulna,2014.3320227628888,103.08482452892716,89.16367781615571,93,47,FALSE,49.6
2017,Jashore,Khulna,2385.9462143549063,106.4344589505569,87.65459114478621,57,27,FALSE,75
2017,Jhenaidah,Khulna,1960.1254707374896,55.41783558765827,83.68382959699507,96,48,FALSE,43.1
2017,Khulna,Khulna,2253.545195384217,108.95775304634586,91.08724036171576,68,33,FALSE,67.3
2017,Kushtia,Khulna,2431.604113684088,143.74229126407891,89.51478147214848,53,24,FALSE,73
2017,Magura,Khulna,2062.129221695861,93.4205271533212,81.33388609666476,89,43,FALSE,54
2017,Meherpur,Khulna,2040.4106304717768,78.81232192146011,80.21138116692363,91,45,FALSE,62.9
2017,Narail,Khulna,1796.2102575420136,70.616458122671,96.72810033235255,109,52,TRUE,29
2017,Satkhira,Khulna,2197.75711094073,134.12108352102146,95.49442338770842,73,35,FALSE,70.6
2017,Mymensingh,Mymensingh,2429.7503982903554,137.9399034033915,82.02171156539814,54,25,FALSE,60.5
2017,Bogura,Rajshahi,1412.356749240898,70.95620225206386,86.52893323011001,124,60,FALSE,46.4
2017,Chapai Nawabganj,Rajshahi,1681.47364742609,79.88241030025992,79.79378204896443,116,58,FALSE,46.4
2017,Joypurhat,Rajshahi,2024.198815963893,101.73316433416872,96.55549401223422,92,46,TRUE,48.4
2017,Naogaon,Rajshahi,1748.8680846189584,73.63007864007423,87.13087427879292,113,55,FALSE,29
2017,Natore,Rajshahi,2160.3642380296938,97.51694839583448,82.34357045083102,77,37,FALSE,55.2
2017,Pabna,Rajshahi,1934.359034242162,105.79758216891744,80.491850482942,100,49,FALSE,51.2
2017,Rajshahi,Rajshahi,1739.0754607154158,95.57499381466567,85.77404757267547,115,57,FALSE,37.9
2017,Sirajganj,Rajshahi,1873.789966009325,84.52385022871366,77.21478084392001,105,50,FALSE,54.4
2017,Dinajpur,Rangpur,2496.07488327606,142.41161962638273,81.84205821024558,48,23,TRUE,40.7
2017,Gaibandha,Rangpur,2117.696928877376,128.5868581059884,101.92329055386816,81,39,TRUE,25.4
2017,Kurigram,Rangpur,2275.0577126724315,62.59755411306761,81.57563563591341,63,30,FALSE,30.2
2017,Lalmonirhat,Rangpur,1762.591389964688,72.06091102319161,85.04128628932735,111,54,FALSE,18.1
2017,Nilphamari,Rangpur,2055.469597919623,77.07797385263707,89.9376636062687,90,44,FALSE,23
2017,Panchagarh,Rangpur,1838.4239324267423,111.85679265551376,99.48965338084189,106,51,TRUE,12.1
2017,Rangpur,Rangpur,2256.43952000652,152.432238503489,88.11392187787405,67,32,TRUE,37.5
2017,Thakurgaon,Rangpur,2508.575107163744,151.53233895307352,91.83198855649988,46,21,TRUE,39.9
2017,Habiganj,Sylhet,3130.0728408521127,178.43585074711368,106.79352736184048,16,8,FALSE,50.8
2017,Moulvibazar,Sylhet,3228.5792363329224,169.08901156823993,105.29049801989773,13,7,FALSE,53.6
2017,Sunamganj,Sylhet,2810.67189948367,175.25026120196023,108.21488313378003,33,18,FALSE,60.1
2017,Sylhet,Sylhet,2982.8668807786908,222.04900361033185,121.3971514738886,22,12,TRUE,50.8
2017,Barguna,Barishal,2398.749682111828,122.97969083710564,89.68694993717344,56,30,FALSE,64.9
2017,Barishal,Barishal,2626.079713722128,150.60914097607673,91.92328924577988,39,20,FALSE,46
2017,Bhola,Barishal,3187.9802503826577,166.92401877625196,89.56886321277581,14,7,FALSE,65.3
2017,Jhalokati,Barishal,2774.122849024984,107.4917724152442,85.35283953714193,34,16,FALSE,77.4
2017,Patuakhali,Barishal,2519.949432298054,140.95436516944005,91.90336070043143,44,24,FALSE,74.2
2017,Pirojpur,Barishal,2903.839175994705,124.57073380731188,79.19683840555757,24,11,FALSE,68.5
2017,Bandarban,Chattogram,3045.8404063612647,178.16984556157948,101.4471455054246,19,9,FALSE,80.2
2017,Brahmanbaria,Chattogram,2856.06068544134,178.70797881221264,94.07798947790263,27,13,FALSE,74.2
2017,Chandpur,Chattogram,3136.221578636874,194.35939530077147,89.0599578166172,15,8,FALSE,63.7
2017,Chattogram,Chattogram,3008.189094573572,92.6620561924844,97.20697352343456,20,10,FALSE,62.1
2017,Cox's Bazar,Chattogram,2858.290713238886,129.20923270413817,99.06945327084456,26,12,FALSE,76.2
2017,Cumilla,Chattogram,2834.807313955977,136.17091662129974,96.05484341471796,30,15,FALSE,57.3
2017,Feni,Chattogram,3285.8100384348063,224.40834617495867,94.831880444223,11,5,TRUE,84.3
2017,Khagrachari,Chattogram,2568.20041230351,117.7464989158914,97.4941644664334,42,22,FALSE,62.5
2017,Lakshmipur,Chattogram,2650.572437530212,154.65431045399578,102.7726297283135,38,19,FALSE,45.6
2017,Noakhali,Chattogram,2854.609530002098,136.48877920478245,96.74160265494532,28,14,FALSE,66.1
2017,Rangamati,Chattogram,3457.2992665003417,121.89980393667952,93.77443396009346,7,4,FALSE,80.2
2017,Dhaka,Dhaka,2266.9928015879186,111.66195652790071,74.96737270820574,65,35,FALSE,42.7
2017,Faridpur,Dhaka,2450.6382703666764,176.70383617058965,83.13504928995299,51,28,TRUE,37.1
2017,Gazipur,Dhaka,2659.047802473085,143.72104740937945,78.91469627398972,37,18,FALSE,64.9
2017,Gopalganj,Dhaka,2084.7763146902075,85.79265832074142,85.44232364045945,87,45,FALSE,55.2
2017,Kishoreganj,Dhaka,2447.139897928373,108.23935536609667,81.08951197190984,52,29,FALSE,53.2
2017,Madaripur,Dhaka,2223.015490435881,143.99649709950234,79.62986531519896,70,37,FALSE,37.5
2017,Manikganj,Dhaka,2267.557550447585,92.87197760987148,90.31155475266424,64,34,FALSE,30.2
2017,Munshiganj,Dhaka,1510.777549817817,92.0291179644586,93.95651115498576,120,62,FALSE,6
2017,Narayanganj,Dhaka,2526.5262926491155,103.72382592592108,85.35877013503183,43,23,FALSE,46.4
2017,Narsingdi,Dhaka,2188.1773357475704,114.73356546639062,85.03258365286202,74,39,FALSE,42.7
2017,Rajbari,Dhaka,2508.750073406836,190.40318344040048,89.95779903928144,45,25,TRUE,53.6
2017,Shariatpur,Dhaka,2283.0150727089867,144.7534393603526,75.22896518212552,61,32,FALSE,46
2017,Tangail,Dhaka,2132.678742086617,102.44642561277638,86.0503924435156,80,42,FALSE,36.3
2017,Bagerhat,Khulna,2482.257809587892,124.5930601878116,77.18421948279023,50,27,FALSE,52
2017,Chuadanga,Khulna,1914.387607431977,132.0685275526394,84.84009888235431,103,54,FALSE,20.6
2017,Jashore,Khulna,1923.8010127269508,93.46730203993326,93.9079308458462,101,52,FALSE,42.7
2017,Jhenaidah,Khulna,2279.203737504518,121.3807686439224,97.97295256588582,62,33,TRUE,38.3
2017,Khulna,Khulna,1989.6993846544808,77.9993506939779,80.63647436782323,95,48,FALSE,37.1
2017,Kushtia,Khulna,2165.5654342304747,86.66133208094939,84.30128333599859,76,40,FALSE,35.9
2017,Magura,Khulna,1954.7795134545609,115.53564999128191,93.76040529933064,97,49,FALSE,39.9
2017,Meherpur,Khulna,1878.868764377059,83.32044630417688,85.77680793083093,104,55,FALSE,25.8
2017,Narail,Khulna,1914.9289381081703,61.77618937323093,80.20170145778891,102,53,FALSE,23.8
2017,Satkhira,Khulna,2135.281481612805,95.61509535634916,102.77916222108304,78,41,TRUE,59.3
2017,Jamalpur,Mymensingh,2684.179256746984,159.07024453711364,94.434384907547,36,17,TRUE,59.3
2017,Mymensingh,Mymensingh,2597.2963614496143,180.72890524549337,81.26470243328549,41,21,TRUE,47.6
2017,Netrokona,Mymensingh,2487.2765662167785,114.61338978152266,95.00161830427972,49,26,FALSE,46.4
2017,Sherpur,Mymensingh,2215.511591758748,110.75988059295324,81.13955359618168,71,38,FALSE,36.7
2017,Bogura,Rajshahi,1811.9789465408955,82.70298638543733,82.64790120898691,108,57,FALSE,16.9
2017,Chapai Nawabganj,Rajshahi,1936.071046992227,108.0672607674258,79.89666129442435,99,51,FALSE,44.8
2017,Joypurhat,Rajshahi,1837.1503688205528,107.03979003331064,73.59780697023392,107,56,FALSE,25
2017,Naogaon,Rajshahi,1753.7027840710489,90.87670084183608,82.63091628805107,112,58,FALSE,22.2
2017,Natore,Rajshahi,2062.784181936569,113.32889639931084,77.81991465472339,88,46,FALSE,42.3
2017,Pabna,Rajshahi,1670.4508974138305,59.21657216209513,81.80576540103058,117,59,FALSE,15.3
2017,Rajshahi,Rajshahi,1945.6920234409376,89.61883374167982,83.2206091422109,98,50,FALSE,31.9
2017,Sirajganj,Rajshahi,1463.808657591644,63.01477639286019,82.83287271960673,122,63,FALSE,12.1
2017,Dinajpur,Rangpur,1559.020556217631,55.01586474316291,84.17366733548536,119,61,FALSE,4
2017,Gaibandha,Rangpur,2377.039798850603,73.14693967954342,85.61843310301083,58,31,TRUE,29
2017,Kurigram,Rangpur,1999.07404746207,99.12889136490315,86.65447285263008,94,47,FALSE,12.9
2017,Lalmonirhat,Rangpur,1658.4179825790156,48.93204571023602,89.72109711999585,118,60,FALSE,7.7
2017,Nilphamari,Rangpur,2101.015330751096,122.55599412120613,89.85276981303387,85,44,FALSE,19
2017,Panchagarh,Rangpur,2101.29221859192,94.11753930126594,75.85337422746419,84,43,FALSE,22.6
2017,Rangpur,Rangpur,1455.490939724146,77.92364646623643,76.28019861830418,123,64,FALSE,4
2017,Thakurgaon,Rangpur,2224.450167576369,111.41954358292465,73.66285559851775,69,36,FALSE,29
2017,Habiganj,Sylhet,3231.166467201089,146.5469353510213,102.96115278509365,12,6,FALSE,46.4
2017,Moulvibazar,Sylhet,3645.320877067078,156.31233516095617,93.4381806905426,2,2,FALSE,53.2
2017,Sunamganj,Sylhet,3468.3497029187947,225.32863611614712,99.72520711779156,6,3,FALSE,50.4
2017,Sylhet,Sylhet,3859.57743923372,223.9376409841841,107.86834107132184,1,1,FALSE,51.2
2018,Barguna,Barishal,2736.920846208098,149.6605689843881,89.1649682055392,33,14,FALSE,81.9
2018,Barishal,Barishal,2251.251739077731,111.8039855148113,95.28316923334006,59,29,FALSE,76.2
2018,Bhola,Barishal,2080.418132684561,74.53268246429337,106.09679831851273,80,36,TRUE,61.7
2018,Jhalokati,Barishal,3464.269888363712,160.03024779952037,101.29901153090752,8,4,TRUE,97.2
2018,Patuakhali,Barishal,2265.173049504196,111.9933457855863,98.84266988162784,57,28,FALSE,68.5
2018,Pirojpur,Barishal,2834.491830876473,126.0209359920145,90.70978193243174,26,12,FALSE,83.9
2018,Bandarban,Chattogram,3372.7610821491417,152.74416163530387,107.4410532051735,13,8,FALSE,78.2
2018,Brahmanbaria,Chattogram,2714.835235459524,102.0899525440388,101.9694454787964,36,16,FALSE,68.1
2018,Chandpur,Chattogram,3433.860750188018,250.395143864578,95.60525261161185,10,6,TRUE,95.2
2018,Chattogram,Chattogram,3407.695407299574,197.17542052324,98.95484290528722,11,7,FALSE,94.4
2018,Cox's Bazar,Chattogram,3314.690925231185,165.3411891503047,97.94378074922172,14,9,FALSE,85.1
2018,Cumilla,Chattogram,2833.0648879362548,117.6154465193448,105.32667207231246,27,13,FALSE,69.4
2018,Feni,Chattogram,3783.960716532904,250.7070985759221,103.04894250240204,2,2,TRUE,97.2
2018,Khagrachari,Chattogram,3140.2062473309047,92.70227389998902,99.51842768829312,16,11,FALSE,85.5
2018,Lakshmipur,Chattogram,2557.084335488916,149.8708448653537,103.87364102918976,40,18,FALSE,81.5
2018,Noakhali,Chattogram,2390.990603735424,97.17496041817265,118.8353629942247,49,25,TRUE,75.8
2018,Rangamati,Chattogram,2662.6088718673377,126.4796249219054,104.33171934068449,38,17,FALSE,69.8
2018,Dhaka,Dhaka,1763.8806139370113,120.63446348537708,104.88074678113094,111,52,TRUE,52
2018,Faridpur,Dhaka,2507.5472046716663,174.5802488757111,97.88341934398966,43,20,TRUE,77.4
2018,Gazipur,Dhaka,2494.1319727332843,129.20480629444927,89.35147494555308,44,21,FALSE,71
2018,Gopalganj,Dhaka,1760.494883295844,97.88971252818683,86.47679635896094,112,53,FALSE,35.9
2018,Madaripur,Dhaka,2287.073411122856,77.19668463751351,96.45998430878424,55,27,FALSE,52.8
2018,Manikganj,Dhaka,2023.5285251029115,124.0716037317747,91.64989403468915,86,40,FALSE,45.2
2018,Munshiganj,Dhaka,2521.6486516174737,99.94346184774788,96.07776400887197,42,19,FALSE,60.1
2018,Narayanganj,Dhaka,2717.50430545564,136.816525851408,92.82661961753011,35,15,TRUE,68.1
2018,Narsingdi,Dhaka,2311.5472973139863,98.30046942226024,89.20962371658699,52,26,FALSE,46.8
2018,Rajbari,Dhaka,2166.054140087963,133.2962117517279,92.56245578554544,70,31,FALSE,56
2018,Shariatpur,Dhaka,1986.495809070931,93.23374470459262,83.92802408361875,94,45,FALSE,26.6
2018,Tangail,Dhaka,1876.30332929292,90.86531500972318,95.82389403629875,100,48,FALSE,48
2018,Bagerhat,Khulna,2227.1060319222693,125.26143261642062,88.52074932580078,64,30,FALSE,62.1
2018,Chuadanga,Khulna,2048.8283643264963,97.4432467037862,94.80656327915116,83,38,TRUE,55.6
2018,Jashore,Khulna,2448.5678229880946,109.00613562278042,90.41981801181656,46,22,FALSE,72.6
2018,Jhenaidah,Khulna,2400.0739436238614,129.9952413918266,91.47713213827878,48,24,FALSE,77.8
2018,Khulna,Khulna,1846.2045031432008,99.41910197314157,75.18976473903466,105,50,FALSE,50.8
2018,Kushtia,Khulna,2092.507086973437,120.88503735956203,87.0538064727127,78,35,FALSE,58.5
2018,Magura,Khulna,1998.192138536377,119.03593722182757,93.56142933488962,93,44,FALSE,58.9
2018,Meherpur,Khulna,2143.119592144561,114.59360590162107,78.21218447174456,72,32,FALSE,63.3
2018,Narail,Khulna,1516.2735360542724,89.23493612384256,87.26312770837266,121,58,FALSE,36.7
2018,Satkhira,Khulna,2016.9984816093413,74.62013999788327,91.56676486109394,89,41,FALSE,63.7
2018,Mymensingh,Mymensingh,2109.8059312546948,84.27782080136788,86.63562311894252,76,34,FALSE,50
2018,Bogura,Rajshahi,1330.6024805305797,52.72371338829059,80.88710291138307,124,60,FALSE,33.9
2018,Chapai Nawabganj,Rajshahi,1680.231296451028,70.68395324652525,96.15345633445696,118,57,TRUE,46
2018,Joypurhat,Rajshahi,2011.820001589536,87.91522999501092,87.9320001466883,91,42,FALSE,49.6
2018,Naogaon,Rajshahi,1964.469497077471,84.15180144451534,82.06034516094275,96,46,FALSE,59.7
2018,Natore,Rajshahi,2057.812488473243,127.72202888997732,83.16130327721342,82,37,FALSE,35.5
2018,Pabna,Rajshahi,1464.774503509911,92.12880154398528,78.95412892656455,122,59,FALSE,26.6
2018,Rajshahi,Rajshahi,1750.0608324053874,98.5582042551174,78.64185878735914,113,54,FALSE,27.4
2018,Sirajganj,Rajshahi,1724.1401936397688,92.27619044956992,86.58678833425643,116,56,FALSE,32.7
2018,Dinajpur,Rangpur,2137.021510192271,134.50105359355842,86.12356580853124,73,33,FALSE,40.3
2018,Gaibandha,Rangpur,1747.8399963043382,107.1901614882648,99.07730781379496,114,55,TRUE,9.7
2018,Kurigram,Rangpur,1943.0220061236323,90.56545215869669,70.37490910514373,97,47,FALSE,23
2018,Lalmonirhat,Rangpur,2035.767065454632,91.45753874996608,88.64995087871789,84,39,FALSE,21.4
2018,Nilphamari,Rangpur,2005.6587077252177,126.9564766889731,79.09954365424142,92,43,FALSE,41.1
2018,Panchagarh,Rangpur,2434.647997452094,111.889480773631,81.41226690717515,47,23,TRUE,42.7
2018,Rangpur,Rangpur,1826.6496487335005,110.97718961992288,91.20360287139496,108,51,FALSE,17.7
2018,Thakurgaon,Rangpur,1873.3036894934644,113.09718113581636,77.16054108238654,102,49,FALSE,13.3
2018,Habiganj,Sylhet,3777.907273603829,100.66827478073486,116.72726730786844,3,3,TRUE,56.5
2018,Moulvibazar,Sylhet,3793.0312005595074,201.093741679036,109.56693630559006,1,1,TRUE,52.8
2018,Sunamganj,Sylhet,3461.0398566450604,179.916413239815,107.69485535762898,9,5,FALSE,64.5
2018,Sylhet,Sylhet,3190.521346621537,141.6185733387906,108.24428355283764,15,10,FALSE,47.6
2018,Barguna,Barishal,2706.7580864899096,108.63143130549042,95.90126238117412,37,21,FALSE,68.1
2018,Barishal,Barishal,2086.66421885962,92.25175439265152,98.47660751001992,79,44,FALSE,60.9
2018,Bhola,Barishal,2774.935757462913,71.01881943331897,91.03426598900371,28,15,FALSE,70.2
2018,Jhalokati,Barishal,2868.9092641371394,139.493797164867,96.82121032711645,24,13,FALSE,64.1
2018,Patuakhali,Barishal,2771.401782227501,151.8624337654417,89.54619288514276,29,16,FALSE,74.2
2018,Pirojpur,Barishal,2719.0225639539303,128.4509774477104,85.1883804180431,34,20,FALSE,50
2018,Bandarban,Chattogram,2744.086237855381,84.8470878299818,95.2016834576316,32,19,FALSE,76.6
2018,Brahmanbaria,Chattogram,2766.1611917710484,159.2733996650928,101.67304643274124,30,17,FALSE,83.9
2018,Chandpur,Chattogram,2907.7316173197746,122.59713193039671,107.96961945502083,22,11,FALSE,63.3
2018,Chattogram,Chattogram,2842.267896832073,183.14528382459144,90.02095863432446,25,14,FALSE,77
2018,Cox's Bazar,Chattogram,3063.200725001986,162.6960457919958,107.75974424745829,18,7,FALSE,83.1
2018,Cumilla,Chattogram,2943.4994678029498,101.59140200479402,94.61307751714736,20,9,FALSE,70.6
2018,Feni,Chattogram,3730.19578769243,163.47054556860786,88.34975851480584,4,1,TRUE,58.1
2018,Khagrachari,Chattogram,2942.75734879483,158.78588313592536,101.71713453490688,21,10,FALSE,78.2
2018,Lakshmipur,Chattogram,3508.815673017819,195.5838846239044,105.95756787087475,6,3,FALSE,62.9
2018,Noakhali,Chattogram,3016.7899169591947,118.84326914614871,93.2579031052324,19,8,FALSE,58.9
2018,Rangamati,Chattogram,3400.976843016794,154.80482674577078,93.40649802440464,12,5,FALSE,53.6
2018,Dhaka,Dhaka,2215.690654584667,165.36235801536378,85.56583421131326,66,36,TRUE,50.8
2018,Faridpur,Dhaka,2177.0774674286736,165.01614408665932,81.89795259218161,68,38,FALSE,60.1
2018,Gazipur,Dhaka,2751.7914112232847,166.0008609248748,77.60378020427592,31,18,TRUE,54.4
2018,Gopalganj,Dhaka,1843.3365028378475,62.42345889912977,95.54702196496166,106,56,FALSE,27.8
2018,Kishoreganj,Dhaka,1856.770166174633,126.84448827890544,93.79664072432772,103,54,FALSE,25.8
2018,Madaripur,Dhaka,2013.6569966432708,63.09720464756325,86.2239158849438,90,49,FALSE,34.7
2018,Manikganj,Dhaka,2182.8500523516977,82.70783486708257,82.80898335318705,67,37,FALSE,47.2
2018,Munshiganj,Dhaka,2110.9320255391094,97.7057370807105,78.27492983169307,75,42,FALSE,32.3
2018,Narayanganj,Dhaka,2576.2450499319707,133.87598519688282,92.9110672368118,39,22,FALSE,40.7
2018,Narsingdi,Dhaka,1874.6305497104845,120.79677981938818,86.22709292964458,101,53,FALSE,41.1
2018,Rajbari,Dhaka,2250.5707184101075,104.58027874721353,88.75090306077014,60,31,FALSE,45.2
2018,Shariatpur,Dhaka,2158.396273152673,122.40999284792083,87.99917976942614,71,40,FALSE,34.3
2018,Tangail,Dhaka,2389.214481345615,120.701822693452,91.11584046329348,50,25,FALSE,51.6
2018,Bagerhat,Khulna,1848.948579584999,101.20048866771565,86.29768418603692,104,55,FALSE,42.7
2018,Chuadanga,Khulna,2305.63462115291,124.45926854636475,86.91947991290532,53,27,FALSE,51.2
2018,Jashore,Khulna,2102.125717175556,100.10988372750504,85.01165442270997,77,43,FALSE,40.3
2018,Jhenaidah,Khulna,2224.362048487194,99.44675600190142,79.33627807806815,65,35,FALSE,51.6
2018,Khulna,Khulna,2231.006451247765,63.10242442873096,84.50332079032951,63,34,FALSE,53.6
2018,Kushtia,Khulna,2017.4422903909856,93.316104170357,78.67244655130654,88,48,FALSE,19.4
2018,Magura,Khulna,1740.939524840484,71.06145771336112,92.48846680131082,115,60,FALSE,29.8
2018,Meherpur,Khulna,2246.977371360603,90.36020888622303,76.26244968921853,61,32,FALSE,32.7
2018,Narail,Khulna,2125.711428718151,98.94874473769228,88.67959783230857,74,41,FALSE,40.3
2018,Satkhira,Khulna,1801.3274399796665,94.26108875675988,80.90396314237607,109,58,FALSE,20.2
2018,Jamalpur,Mymensingh,2323.9761895595884,120.78437953634652,85.18208862739391,51,26,FALSE,38.7
2018,Mymensingh,Mymensingh,2174.4048166693856,106.41649471429822,104.7540600821022,69,39,TRUE,24.6
2018,Netrokona,Mymensingh,2484.6023572641293,90.291550063534,96.1596639123184,45,24,TRUE,47.6
2018,Sherpur,Mymensingh,2538.2685668273207,115.43816152939895,86.06774711344299,41,23,FALSE,49.6
2018,Bogura,Rajshahi,1596.565719532589,81.56986728708276,82.53182055541326,120,63,FALSE,9.7
2018,Chapai Nawabganj,Rajshahi,1937.432525161032,82.3901773071101,78.53298767953031,99,52,FALSE,16.9
2018,Joypurhat,Rajshahi,2270.646383191593,139.9640089124468,88.31107429333224,56,29,TRUE,50.8
2018,Naogaon,Rajshahi,1453.180073499651,77.4758726899138,82.40336886413274,123,64,FALSE,13.7
2018,Natore,Rajshahi,1829.7721174353296,71.69203841852712,77.79627324853438,107,57,FALSE,31.5
2018,Pabna,Rajshahi,2261.0978882158606,113.84192697397462,75.40280355178894,58,30,TRUE,35.5
2018,Rajshahi,Rajshahi,1630.377689435968,89.97717008268292,85.39716945512913,119,62,FALSE,27.4
2018,Sirajganj,Rajshahi,1797.6876317662934,98.2693591528142,83.34013697853602,110,59,FALSE,15.7
2018,Dinajpur,Rangpur,2243.0579295944963,133.83893989549958,86.69901199813262,62,33,FALSE,39.9
2018,Gaibandha,Rangpur,2035.696928859032,93.67701096095936,83.08953177932321,85,46,FALSE,18.5
2018,Kurigram,Rangpur,2076.9064225473057,97.82267975288106,77.3529963016963,81,45,FALSE,19
2018,Lalmonirhat,Rangpur,2020.245115839709,92.11762894472608,79.21000951478123,87,47,FALSE,16.1
2018,Nilphamari,Rangpur,1699.222590016038,79.09704272857941,82.64837540443959,117,61,FALSE,3.6
2018,Panchagarh,Rangpur,1976.2147583352075,89.13577053766309,82.63537552692566,95,50,FALSE,38.3
2018,Rangpur,Rangpur,2302.248445750659,93.26987019664575,88.75153755107272,54,28,FALSE,30.2
2018,Thakurgaon,Rangpur,1937.825778198768,69.95977103486311,90.49623619584597,98,51,FALSE,29.4
2018,Habiganj,Sylhet,3473.239378821261,186.9795854439701,100.52414915542568,7,4,FALSE,58.1
2018,Moulvibazar,Sylhet,3130.631517062942,126.28196403449095,101.92772926460786,17,6,FALSE,49.2
2018,Sunamganj,Sylhet,3702.4776066075615,196.1045750658249,110.58590906712784,5,2,FALSE,52
2018,Sylhet,Sylhet,2897.188592206496,62.605966563943895,98.12371507350348,23,12,FALSE,51.2
2019,Barguna,Barishal,3116.612172315696,100.37696667523096,102.90519577339212,16,11,FALSE,93.5
2019,Barishal,Barishal,2826.0537241772363,152.11078538131707,102.97284250511888,29,16,TRUE,86.3
2019,Bhola,Barishal,2857.948272344269,165.47910606336535,97.89759546955008,28,15,FALSE,83.1
2019,Jhalokati,Barishal,2948.8757502589765,143.5958853672629,97.09614348102176,21,13,FALSE,79.4
2019,Patuakhali,Barishal,2530.0408685821926,135.52531662326987,94.26869913860696,41,21,FALSE,81
2019,Pirojpur,Barishal,3065.8364017596587,213.654608497322,102.70271259424833,17,12,TRUE,89.1
2019,Bandarban,Chattogram,3666.449212389375,158.3748323707748,97.53406952998895,1,1,TRUE,96.4
2019,Brahmanbaria,Chattogram,3304.749113602944,186.6005203075507,102.81556285680632,7,4,FALSE,77.8
2019,Chandpur,Chattogram,2526.677888113064,102.28237707485935,98.04743851134916,43,22,FALSE,79
2019,Chattogram,Chattogram,3405.465603080645,187.16295796648683,97.4185585188212,5,3,FALSE,86.3
2019,Cox's Bazar,Chattogram,2885.8350692898894,212.05805830848948,95.30362430560314,27,14,FALSE,82.7
2019,Cumilla,Chattogram,2666.112167797068,172.4495893940515,115.62381877119356,34,19,TRUE,81.9
2019,Feni,Chattogram,2450.1041735915737,195.4132198654709,99.43320502069682,45,23,FALSE,74.2
2019,Khagrachari,Chattogram,2721.8145137620663,120.8290342225222,105.03488430099834,31,17,FALSE,86.3
2019,Lakshmipur,Chattogram,3224.878885510778,152.76164463564174,102.81152176979651,12,7,FALSE,81.9
2019,Noakhali,Chattogram,3644.278357451533,222.73859510019184,98.4476194534449,2,2,TRUE,87.9
2019,Rangamati,Chattogram,3194.010699249391,191.4022000836406,106.75548540667556,13,8,FALSE,94
2019,Dhaka,Dhaka,2108.362338658528,82.85657850856778,84.86826246417282,84,44,FALSE,30.2
2019,Faridpur,Dhaka,2105.9465894967734,94.7700706253208,86.73438419572386,85,45,FALSE,56.9
2019,Gazipur,Dhaka,2274.429311332679,144.05058614274935,100.18974777892484,58,29,FALSE,63.7
2019,Gopalganj,Dhaka,2284.4648991395875,113.44671173591622,93.2931892240796,57,28,FALSE,69
2019,Madaripur,Dhaka,2625.688665301682,135.12702646250216,83.69364225949543,36,20,TRUE,54
2019,Manikganj,Dhaka,2368.857069898149,104.22498953604308,95.94339626473338,51,26,FALSE,64.5
2019,Munshiganj,Dhaka,2228.989713353607,133.26172759303182,87.50847966055021,65,33,FALSE,57.7
2019,Narayanganj,Dhaka,1975.713034418729,138.02098385067734,88.36514082251605,100,49,FALSE,28.6
2019,Narsingdi,Dhaka,2146.8543333896764,104.42642826445966,93.73999847957782,78,41,FALSE,43.1
2019,Rajbari,Dhaka,2169.024049972995,78.25579645919805,104.3928168460554,77,40,TRUE,39.1
2019,Shariatpur,Dhaka,2396.15829349302,130.47854269579827,91.86337188738018,49,24,FALSE,46.8
2019,Tangail,Dhaka,2271.562424799864,141.44485969775644,89.44403957918777,59,30,FALSE,60.5
2019,Bagerhat,Khulna,1746.1305329925651,79.58701085167255,89.8283818489425,117,56,FALSE,29.8
2019,Chuadanga,Khulna,2668.719892986529,143.49106419709284,85.9197464428637,33,18,TRUE,87.1
2019,Jashore,Khulna,2194.1789282165296,107.75978650119762,97.82931208780364,72,37,TRUE,35.9
2019,Jhenaidah,Khulna,2075.7899094430286,125.1619686437167,93.94541724055794,89,46,FALSE,35.1
2019,Khulna,Khulna,2266.424719749796,136.49091263198122,86.93251546089782,61,31,FALSE,68.1
2019,Kushtia,Khulna,1719.3606653068869,76.39871270583262,85.09974735086277,118,57,FALSE,33.5
2019,Magura,Khulna,1782.6757909262303,100.5636674227921,84.77179290948114,113,54,FALSE,26.6
2019,Meherpur,Khulna,2391.688600390444,154.60891023103608,93.84448599244004,50,25,TRUE,54
2019,Narail,Khulna,2020.7641708757496,110.22939032015712,84.60764492763006,95,47,FALSE,61.3
2019,Satkhira,Khulna,1979.8203532915768,117.908828243825,94.02266765107218,98,48,FALSE,50.8
2019,Mymensingh,Mymensingh,2236.940028131754,74.9337851742356,97.19732579874986,64,32,FALSE,33.1
2019,Bogura,Rajshahi,1816.5025822569344,92.02660834775445,87.56318438070464,112,53,FALSE,25.4
2019,Chapai Nawabganj,Rajshahi,1419.9957786877249,61.89413531584858,86.48656931619763,124,60,FALSE,37.5
2019,Joypurhat,Rajshahi,1836.952450203723,85.38277077390961,80.76336392325958,109,51,FALSE,42.3
2019,Naogaon,Rajshahi,1756.3146855912862,75.89498196873352,92.51997212659224,115,55,TRUE,23
2019,Natore,Rajshahi,1906.8738561323685,79.89519714558726,75.22597466983856,106,50,FALSE,24.2
2019,Pabna,Rajshahi,1823.711842596973,103.5188122354103,85.9760664133573,111,52,FALSE,29
2019,Rajshahi,Rajshahi,2137.098377358497,128.2234404430537,85.33885545591457,79,42,FALSE,66.5
2019,Sirajganj,Rajshahi,2185.1400417173186,86.7750590277897,86.61112421327502,74,38,FALSE,56
2019,Dinajpur,Rangpur,1507.7267642409554,60.882927304889854,88.27060411128696,123,59,FALSE,10.9
2019,Gaibandha,Rangpur,2203.1327915734496,144.34046693623154,93.816366035806,70,36,TRUE,29.4
2019,Kurigram,Rangpur,2131.3040719797664,148.38327933451498,82.08142977896273,81,43,TRUE,21.4
2019,Lalmonirhat,Rangpur,2212.649080144128,123.16410800733344,85.15613178156106,68,35,FALSE,32.3
2019,Nilphamari,Rangpur,2217.7877721375785,113.60180121108888,86.23869767918694,67,34,FALSE,35.5
2019,Panchagarh,Rangpur,2172.9039654951075,134.78360626486548,80.95398426497418,76,39,FALSE,31
2019,Rangpur,Rangpur,2317.827391862017,106.79011156651616,85.98956614292119,54,27,FALSE,35.5
2019,Thakurgaon,Rangpur,1572.3013822355706,69.5897130348645,91.37873309730814,120,58,FALSE,14.9
2019,Habiganj,Sylhet,3271.390638783549,151.13498686793727,119.03557268600429,10,6,TRUE,50.4
2019,Moulvibazar,Sylhet,3186.448563944972,157.23701251168353,103.61736734461786,14,9,FALSE,55.6
2019,Sunamganj,Sylhet,3148.122962387571,134.17835726306794,112.9712092972552,15,10,FALSE,54
2019,Sylhet,Sylhet,3272.0778611346805,224.02504563220603,105.03474709390132,9,5,FALSE,54.8
2019,Barguna,Barishal,2403.49610764023,174.035387935494,95.25358100030274,47,24,FALSE,58.9
2019,Barishal,Barishal,2974.27795926721,119.35640101546848,102.09023494073388,20,8,FALSE,61.7
2019,Bhola,Barishal,2290.713553914816,93.27176631328686,97.25294518088944,55,28,FALSE,63.3
2019,Jhalokati,Barishal,2593.274334873909,172.39770376461811,92.8049327796389,38,18,FALSE,67.7
2019,Patuakhali,Barishal,2421.84290829122,152.29598372919898,88.58935169909611,46,23,FALSE,76.2
2019,Pirojpur,Barishal,2545.8281686896307,150.144181927009,99.93218463648208,40,20,FALSE,79
2019,Bandarban,Chattogram,3445.975048807818,196.78409721510053,100.4060449368104,4,2,FALSE,78.2
2019,Brahmanbaria,Chattogram,2943.889137440251,166.8789130362529,98.41840523723369,22,9,FALSE,84.3
2019,Chandpur,Chattogram,2822.294630564202,146.88319219260313,90.61710284354346,30,14,FALSE,60.5
2019,Chattogram,Chattogram,2910.8014622938213,137.39681003919867,102.57223137631028,24,11,FALSE,69.8
2019,Cox's Bazar,Chattogram,3061.0729892048075,181.8678533926408,91.63485657883476,18,6,FALSE,73
2019,Cumilla,Chattogram,2918.092079201478,138.85748612064484,97.45941480083924,23,10,FALSE,73.4
2019,Feni,Chattogram,3228.137449235626,100.61619537008356,95.59608568237246,11,5,FALSE,77
2019,Khagrachari,Chattogram,2684.6123812262954,126.60215612043255,104.99857717126164,32,15,FALSE,76.6
2019,Lakshmipur,Chattogram,2563.0058702670594,124.33220135912084,100.84670656137116,39,19,FALSE,81.5
2019,Noakhali,Chattogram,3312.970575899584,95.88906517947984,104.75154205990157,6,3,FALSE,91.5
2019,Rangamati,Chattogram,3033.169801378594,213.5981238397576,99.49415077178806,19,7,FALSE,68.5
2019,Dhaka,Dhaka,2191.0068398766366,83.94452625345184,93.81693688709012,73,36,FALSE,46
2019,Faridpur,Dhaka,2636.2341116598745,117.21782351694948,90.37389847511164,35,16,FALSE,75
2019,Gazipur,Dhaka,2529.428798788522,108.5714446758318,89.62291656887736,42,21,FALSE,58.9
2019,Gopalganj,Dhaka,2026.072987948421,122.37287736916248,83.3263067615788,94,48,FALSE,52.8
2019,Kishoreganj,Dhaka,1754.616922436372,111.486119907116,86.27276092848429,116,61,FALSE,35.1
2019,Madaripur,Dhaka,2593.528833242954,146.03672458454145,80.81487905402477,37,17,TRUE,76.6
2019,Manikganj,Dhaka,1976.3244250261723,91.21615610290226,92.99775685528664,99,51,FALSE,23.8
2019,Munshiganj,Dhaka,1911.2821801788848,129.05494174264146,92.57407035888475,104,55,FALSE,40.3
2019,Narayanganj,Dhaka,2269.4649691260074,133.66310771753126,87.45370393565254,60,30,FALSE,54
2019,Narsingdi,Dhaka,2289.140490058203,124.91274738220368,90.37860368139322,56,29,FALSE,50.8
2019,Rajbari,Dhaka,2243.8317538301,141.75625958315925,80.92074460832215,63,32,FALSE,53.6
2019,Shariatpur,Dhaka,2117.07787672668,89.0014065289233,93.41604283159158,83,40,FALSE,33.9
2019,Tangail,Dhaka,2220.477049482184,66.65426487147785,92.45796604821489,66,33,FALSE,45.2
2019,Bagerhat,Khulna,1910.2066399933044,96.1599569119506,76.59586922744019,105,56,FALSE,36.3
2019,Chuadanga,Khulna,2208.1372437067284,104.62687989047448,88.12164870987506,69,34,FALSE,27.8
2019,Jashore,Khulna,1594.8783886274364,112.31417358381358,85.7179499951964,119,62,FALSE,28.6
2019,Jhenaidah,Khulna,2132.9828650576887,168.893285154961,83.68112510590079,80,38,TRUE,29.8
2019,Khulna,Khulna,2033.407648484268,127.9272434296387,87.31668044550523,93,47,FALSE,52.4
2019,Kushtia,Khulna,1939.663938401336,100.73410841331788,76.69693772743506,102,53,FALSE,31.9
2019,Magura,Khulna,2119.11591838612,122.0361649148296,88.96393717248195,82,39,FALSE,41.9
2019,Meherpur,Khulna,1566.3604696950729,70.2031951579595,82.98011812564067,122,64,FALSE,16.5
2019,Narail,Khulna,2086.328389955294,129.0182856586872,86.8369512837298,88,43,FALSE,35.9
2019,Satkhira,Khulna,1778.4009729302556,96.6065944801423,80.69771858958256,114,60,FALSE,37.5
2019,Jamalpur,Mymensingh,2466.298230438208,153.0062920923259,88.297322345914,44,22,FALSE,38.7
2019,Mymensingh,Mymensingh,2368.5497286035347,129.50503178072418,95.64871794963608,52,26,FALSE,41.9
2019,Netrokona,Mymensingh,2200.335192403525,113.17178652895583,78.47658860261008,71,35,FALSE,35.9
2019,Sherpur,Mymensingh,2182.125691269039,107.66318778939394,101.7323307349991,75,37,TRUE,27.8
2019,Bogura,Rajshahi,2054.1852994180376,66.34030170973648,76.96931924770614,91,45,FALSE,28.6
2019,Chapai Nawabganj,Rajshahi,1826.2147871138884,111.62008531149962,84.54974050826581,110,59,FALSE,40.3
2019,Joypurhat,Rajshahi,1920.6248290109247,115.28043811356996,89.7995331771856,103,54,FALSE,13.3
2019,Naogaon,Rajshahi,1567.440217064047,101.50553421346471,83.38667306536641,121,63,FALSE,17.3
2019,Natore,Rajshahi,2050.252837406244,98.74985031322036,73.18280773256237,92,46,FALSE,31
2019,Pabna,Rajshahi,2089.7844559999826,92.55270889442484,80.70097279676257,87,42,FALSE,42.3
2019,Rajshahi,Rajshahi,2103.587947717572,79.57023791082021,83.24570253279111,86,41,FALSE,22.2
2019,Sirajganj,Rajshahi,2069.358423419801,126.79683520649844,73.65890085668865,90,44,TRUE,24.6
2019,Dinajpur,Rangpur,1980.901054619068,111.89876164441507,79.1055941404238,97,50,FALSE,28.6
2019,Gaibandha,Rangpur,1866.852695809748,76.60877305954928,79.91982590428309,108,58,FALSE,10.1
2019,Kurigram,Rangpur,1950.6679371608684,27.28818433547565,78.4042625752507,101,52,FALSE,10.1
2019,Lalmonirhat,Rangpur,1900.7768017512265,54.74071412566343,78.1956180791889,107,57,FALSE,8.5
2019,Nilphamari,Rangpur,2319.404439623571,119.27254160498968,84.9001170074817,53,27,FALSE,37.9
2019,Panchagarh,Rangpur,2265.317255449755,139.60184468526208,85.22527791395417,62,31,TRUE,28.2
2019,Rangpur,Rangpur,2403.2464044750845,111.38680317622136,77.56904208695985,48,25,TRUE,35.9
2019,Thakurgaon,Rangpur,1990.5245303347835,142.5040627387653,83.15988837166809,96,49,FALSE,12.5
2019,Habiganj,Sylhet,2905.4720653664363,178.0446839900601,104.19196199357152,25,12,FALSE,42.7
2019,Moulvibazar,Sylhet,3296.844703451264,174.96292440801733,114.14544619109252,8,4,FALSE,49.2
2019,Sunamganj,Sylhet,2895.104883450355,106.15978007068412,93.95592650564645,26,13,FALSE,45.6
2019,Sylhet,Sylhet,3481.0269805119297,166.3404125768207,103.13119829769168,3,1,FALSE,50.8
2020,Barguna,Barishal,2523.481136295274,178.2484453283569,93.33080909408577,44,21,FALSE,79.8
2020,Barishal,Barishal,2555.888447208644,163.03050172244687,90.60462416872625,42,20,FALSE,79.4
2020,Bhola,Barishal,3029.082525392714,162.37686172147576,106.9121336152122,22,9,TRUE,89.9
2020,Jhalokati,Barishal,2977.791074491689,173.39373033580358,94.47423218129867,26,13,FALSE,74.2
2020,Patuakhali,Barishal,3051.0405192239205,181.37622835687,103.54458675657382,21,8,FALSE,91.5
2020,Pirojpur,Barishal,2785.03863776098,145.1771919715721,91.14936829195372,30,15,FALSE,82.3
2020,Bandarban,Chattogram,3026.880912961261,168.28058388251904,105.04953967070009,23,10,FALSE,71.8
2020,Brahmanbaria,Chattogram,3127.926822586278,186.41727499444224,104.4994746793106,15,6,FALSE,94.4
2020,Chandpur,Chattogram,3011.165334650113,151.0445791910026,104.52252931364536,24,11,FALSE,85.9
2020,Chattogram,Chattogram,3096.2979459690114,154.58408958718138,109.67522165852654,19,7,TRUE,67.3
2020,Cox's Bazar,Chattogram,2993.9104096110736,151.8166661753971,102.86599174290076,25,12,FALSE,79.8
2020,Cumilla,Chattogram,3371.8416031710008,166.2171859317927,94.87711779043003,5,1,FALSE,94
2020,Feni,Chattogram,2376.478415504685,136.28904172420118,96.3807629789988,56,24,FALSE,69
2020,Khagrachari,Chattogram,2678.0330078983848,122.31744327134088,98.8188036733742,36,17,FALSE,51.6
2020,Lakshmipur,Chattogram,2929.401868317196,121.1606409501098,106.1101479101832,27,14,FALSE,88.3
2020,Noakhali,Chattogram,3197.7865565607435,181.6744669558167,99.81927689789585,12,4,FALSE,71.8
2020,Rangamati,Chattogram,2696.129352192407,167.86402166038155,99.05030457421871,34,16,FALSE,68.5
2020,Dhaka,Dhaka,2170.7186371740577,151.21759489105185,91.14319289283044,74,36,FALSE,56.5
2020,Faridpur,Dhaka,2262.021213508353,115.70365445486466,100.48246553726972,68,32,TRUE,59.7
2020,Gazipur,Dhaka,2279.676034028278,123.91229419380991,95.24334861822038,67,31,FALSE,56.5
2020,Gopalganj,Dhaka,2280.452466547508,102.35765436226352,87.97420255469291,66,30,FALSE,41.5
2020,Madaripur,Dhaka,2295.063014657945,109.46463980781272,91.43574958748208,65,29,FALSE,71
2020,Manikganj,Dhaka,2037.2363598779057,117.78278544951706,95.61683321697616,89,41,FALSE,57.7
2020,Munshiganj,Dhaka,2086.713065073985,124.69495149752984,93.59356159515016,82,38,FALSE,50.8
2020,Narayanganj,Dhaka,2076.980904296349,62.27045046581754,87.83063147760933,84,39,FALSE,39.5
2020,Narsingdi,Dhaka,2222.7862808162,107.43352784951531,89.90925397605317,70,33,FALSE,56
2020,Rajbari,Dhaka,1828.7465636672075,90.81288674022836,85.81443321218171,107,51,FALSE,39.5
2020,Shariatpur,Dhaka,2647.7411741392243,123.02219908848564,95.5325717613071,38,19,TRUE,52
2020,Tangail,Dhaka,1278.499905651515,60.15834005943233,97.02936890574168,124,60,TRUE,29
2020,Bagerhat,Khulna,2316.7769005598816,103.68745932674652,91.16838517311407,63,28,FALSE,63.3
2020,Chuadanga,Khulna,2204.2527471840126,138.62848095076689,93.6110693908162,71,34,FALSE,64.1
2020,Jashore,Khulna,1993.8940808301268,113.50688300684328,92.73436127767074,94,44,FALSE,60.5
2020,Jhenaidah,Khulna,2471.210761562717,89.89444412191006,95.72528322160602,46,22,TRUE,52.4
2020,Khulna,Khulna,2458.855269076374,166.0992784305448,89.57277745502736,48,23,TRUE,69.8
2020,Kushtia,Khulna,1866.5375597955035,86.10528171809531,79.91870859441224,101,47,FALSE,51.2
2020,Magura,Khulna,1992.0111362889247,127.00217352721565,87.34233070179187,95,45,FALSE,61.3
2020,Meherpur,Khulna,2178.926001132634,129.3049525707204,78.09851669692216,73,35,FALSE,46
2020,Narail,Khulna,1728.0088189620317,98.31268415890938,93.9361865251978,115,56,FALSE,33.5
2020,Satkhira,Khulna,2101.763929703016,87.94259218614201,74.93159652926626,80,37,FALSE,43.5
2020,Mymensingh,Mymensingh,2339.680755139913,127.80152407898214,100.1218510310178,60,26,TRUE,68.1
2020,Bogura,Rajshahi,2065.792223155984,117.2708451189895,83.0802902831675,85,40,FALSE,62.5
2020,Chapai Nawabganj,Rajshahi,1505.7016980147778,97.48548262461132,90.52315872468058,121,58,TRUE,39.1
2020,Joypurhat,Rajshahi,1995.2904843398856,100.964111294189,87.02644153928516,93,43,FALSE,45.6
2020,Naogaon,Rajshahi,1689.9356638360273,98.59451771869696,91.2588742551764,117,57,FALSE,46.8
2020,Natore,Rajshahi,1925.3995628123248,128.94672540306482,85.4120143555356,98,46,FALSE,45.6
2020,Pabna,Rajshahi,1733.098923734674,68.52072483356048,83.69878063940585,114,55,FALSE,47.2
2020,Rajshahi,Rajshahi,1788.1517151745609,119.00102353546944,86.30043155201786,108,52,FALSE,28.6
2020,Sirajganj,Rajshahi,1837.4727367383816,69.3351250533825,90.81951408711254,104,48,FALSE,48.4
2020,Dinajpur,Rangpur,1779.816577528023,97.62938204237298,83.40583838353281,111,53,FALSE,12.1
2020,Gaibandha,Rangpur,1831.330587391525,93.59184359788628,90.4417029502046,106,50,FALSE,24.2
2020,Kurigram,Rangpur,1352.7957466395806,65.97688317841772,93.31802657690412,123,59,FALSE,4.4
2020,Lalmonirhat,Rangpur,2317.5961063750947,105.99310060924655,90.07807038070656,62,27,FALSE,33.5
2020,Nilphamari,Rangpur,2367.2975725434026,125.7453665361288,88.39700086286497,58,25,FALSE,35.9
2020,Panchagarh,Rangpur,1834.4505709867333,65.34653258047138,81.4240139490369,105,49,FALSE,11.3
2020,Rangpur,Rangpur,1751.3609504819096,95.4426066177351,76.28775232,112,54,FALSE,23.8
2020,Thakurgaon,Rangpur,2012.3076574718168,108.4118896656442,75.20267998388265,91,42,FALSE,19.4
2020,Habiganj,Sylhet,3304.412115872812,191.00105141282992,98.85448200874642,8,3,FALSE,51.6
2020,Moulvibazar,Sylhet,3142.3745083413373,166.16862073294388,110.11576956382308,14,5,FALSE,48.8
2020,Sunamganj,Sylhet,3312.43511066536,211.9401259540221,108.58580204971769,7,2,FALSE,60.9
2020,Sylhet,Sylhet,2674.929875706789,150.10284194077394,111.04513095218394,37,18,FALSE,49.2
2020,Barguna,Barishal,3124.618058010547,213.78060602667827,91.7779034661167,16,10,TRUE,80.2
2020,Barishal,Barishal,2763.9040196009905,137.90907362316884,91.6067570781125,32,17,FALSE,82.3
2020,Bhola,Barishal,2730.5932001121982,144.89476493586912,93.20576552769354,33,18,FALSE,81.5
2020,Jhalokati,Barishal,3391.840675790322,122.12857701477223,97.42858219985268,4,4,TRUE,96.4
2020,Patuakhali,Barishal,2629.9746117051404,136.81125328407012,89.68021269465581,39,20,FALSE,56.9
2020,Pirojpur,Barishal,2455.283839455434,94.43742705389997,95.6298076898794,50,27,FALSE,69.4
2020,Bandarban,Chattogram,2822.1140010365502,137.43525029766155,108.114417154958,29,15,FALSE,57.7
2020,Brahmanbaria,Chattogram,2770.045635965206,159.13926895532637,96.93181622329992,31,16,FALSE,65.3
2020,Chandpur,Chattogram,3101.657043600056,144.75866400211703,97.53967884660032,18,12,FALSE,66.5
2020,Chattogram,Chattogram,3182.66815911025,189.94751286768155,96.11214970090008,13,9,FALSE,67.7
2020,Cox's Bazar,Chattogram,3579.050031914596,171.14852990710057,93.0141964282855,2,2,FALSE,71
2020,Cumilla,Chattogram,3279.917463722408,142.68411003752854,90.88079486766514,10,7,FALSE,63.7
2020,Feni,Chattogram,3059.3281717855725,165.9821631746799,99.43373913480514,20,13,FALSE,83.1
2020,Khagrachari,Chattogram,2560.75697552606,137.03839484214402,86.23064850375115,40,21,FALSE,64.1
2020,Lakshmipur,Chattogram,3226.0172524208424,153.47192276269078,91.94178475400466,11,8,FALSE,86.3
2020,Noakhali,Chattogram,2903.3742121655614,69.58989969298271,95.93213662819626,28,14,FALSE,66.9
2020,Rangamati,Chattogram,3103.138339445436,154.81271674512993,93.22191376643924,17,11,FALSE,80.6
2020,Dhaka,Dhaka,2405.701306231192,98.40791943285998,95.6167658656166,52,29,FALSE,36.3
2020,Faridpur,Dhaka,2101.459787343253,100.79482996468296,83.70991451630815,81,44,FALSE,28.6
2020,Gazipur,Dhaka,1959.0310773896983,96.7854336453074,67.75239595958557,96,51,FALSE,22.2
2020,Gopalganj,Dhaka,2376.2937265482096,107.22047814453111,100.14384927959304,57,33,TRUE,42.3
2020,Kishoreganj,Dhaka,1785.4818087134645,78.57235843486146,87.2314621983091,109,57,FALSE,26.6
2020,Madaripur,Dhaka,2517.5017608365915,140.52940797644135,85.841095406901,45,24,FALSE,44
2020,Manikganj,Dhaka,2417.312949136937,93.55709737192063,90.3788250674917,51,28,FALSE,64.9
2020,Munshiganj,Dhaka,2387.667736651241,92.42538196111887,84.05287840232135,54,31,FALSE,54.4
2020,Narayanganj,Dhaka,2065.538002973903,132.3875071196682,100.9933887417155,86,46,TRUE,31.9
2020,Narsingdi,Dhaka,2367.1409175655613,149.81995927590077,88.37912701820882,59,34,FALSE,53.6
2020,Rajbari,Dhaka,2542.482917508365,124.12227374571631,74.46887060594844,43,23,FALSE,47.6
2020,Shariatpur,Dhaka,2694.342578295782,133.08271877984103,82.94955939853723,35,19,TRUE,42.3
2020,Tangail,Dhaka,2459.5156285635094,51.74192775839052,99.73024822868436,47,25,TRUE,51.2
2020,Bagerhat,Khulna,2224.5479833056293,122.25681976167834,85.02971418814165,69,37,FALSE,51.6
2020,Chuadanga,Khulna,1995.8892688849944,134.16677223495938,80.4175952675982,92,50,FALSE,31.5
2020,Jashore,Khulna,2086.1210400295417,88.97062575276944,83.90445311430739,83,45,FALSE,25.4
2020,Jhenaidah,Khulna,2165.5414721986526,63.34988319802834,84.46825930437441,75,39,FALSE,44.4
2020,Khulna,Khulna,2048.1883751159444,121.6107237766525,94.83039836716512,88,48,FALSE,52.8
2020,Kushtia,Khulna,2556.0833218346315,153.95434407346997,94.88124905472318,41,22,TRUE,62.1
2020,Magura,Khulna,2049.938490907088,96.08741372736588,90.16739295174808,87,47,FALSE,46.4
2020,Meherpur,Khulna,2398.436291324919,149.37533678192094,83.011182075333,53,30,TRUE,36.7
2020,Narail,Khulna,1955.5522339355573,85.39444097233681,79.91632048228833,97,52,FALSE,30.6
2020,Satkhira,Khulna,2338.526631487305,149.05568536637008,79.90567940355538,61,35,TRUE,56
2020,Jamalpur,Mymensingh,2300.183948891281,128.8380585830827,80.71687110319876,64,36,FALSE,25.4
2020,Mymensingh,Mymensingh,2383.2150456661075,109.82692469837347,90.99476164747064,55,32,FALSE,37.5
2020,Netrokona,Mymensingh,2022.1110927908408,73.75305874061436,80.24584488269267,90,49,FALSE,37.9
2020,Sherpur,Mymensingh,2203.28955895427,95.8972569542901,93.84515182899963,72,38,FALSE,32.7
2020,Bogura,Rajshahi,1710.0363332165757,75.83907725845775,91.8864468938487,116,60,FALSE,16.1
2020,Chapai Nawabganj,Rajshahi,1783.3707963642216,113.17449044349716,79.50017464131219,110,58,FALSE,41.5
2020,Joypurhat,Rajshahi,1560.608462449034,98.46571857998114,78.99866386538719,120,63,FALSE,16.1
2020,Naogaon,Rajshahi,1599.858315707553,66.84504291316098,88.4755423807174,119,62,FALSE,23.4
2020,Natore,Rajshahi,1874.9658788124416,97.2326860725428,86.1792290957266,100,54,FALSE,41.5
2020,Pabna,Rajshahi,1743.4687125752175,86.37268086962393,80.56058954106489,113,59,FALSE,31.5
2020,Rajshahi,Rajshahi,1604.9076511887208,70.11952533506947,75.00763889855455,118,61,FALSE,18.1
2020,Sirajganj,Rajshahi,2112.045500292162,102.50066182691494,67.34133231528891,79,43,FALSE,25.8
2020,Dinajpur,Rangpur,2456.2477400602843,123.10419990736683,85.15951737943115,49,26,TRUE,40.7
2020,Gaibandha,Rangpur,2137.781158587381,125.1317915839448,79.87485986159852,77,41,FALSE,22.2
2020,Kurigram,Rangpur,2122.552138144204,89.02988308426106,81.54931719897706,78,42,FALSE,31
2020,Lalmonirhat,Rangpur,2140.284410853796,106.15968067130446,87.60953868325336,76,40,FALSE,29.4
2020,Nilphamari,Rangpur,1855.07914906726,103.40288962009576,82.18081526138839,102,55,FALSE,11.3
2020,Panchagarh,Rangpur,1448.9130736840043,62.60781867655096,79.95655352078515,122,64,FALSE,1.6
2020,Rangpur,Rangpur,1899.780362186564,79.00332548219103,79.97296089577726,99,53,FALSE,12.9
2020,Thakurgaon,Rangpur,1855.00655553734,123.11831376468092,78.15913671167337,103,56,FALSE,14.1
2020,Habiganj,Sylhet,3293.1432276210912,161.12477901012792,110.87169737850633,9,6,FALSE,48
2020,Moulvibazar,Sylhet,3397.5210221256343,152.5754200645033,98.47184168067815,3,3,FALSE,50.8
2020,Sunamganj,Sylhet,3716.107888080453,254.52968681925552,108.60863199393944,1,1,TRUE,62.9
2020,Sylhet,Sylhet,3371.7646088406245,194.4118432163561,93.85467927553718,6,5,FALSE,52.8
2021,Barguna,Barishal,2603.4251943309564,126.5864475463553,94.0911560465727,34,17,FALSE,84.3
2021,Barishal,Barishal,2212.5741048470622,120.01750332985485,99.35803267152404,73,37,FALSE,71
2021,Bhola,Barishal,2505.4527638534764,116.58253976516492,93.37507875804718,40,20,FALSE,83.1
2021,Jhalokati,Barishal,2283.869962635937,143.54500476815815,98.88602533821114,61,30,FALSE,71
2021,Patuakhali,Barishal,2789.149460437392,140.1685630886395,93.08395503925922,24,14,FALSE,79.8
2021,Pirojpur,Barishal,2279.5881424596246,115.427288700789,108.73828321887608,63,31,TRUE,73.4
2021,Bandarban,Chattogram,3542.1630001707067,219.0082695575813,112.70757468323625,4,2,TRUE,83.1
2021,Brahmanbaria,Chattogram,3154.512538873138,195.73649167906007,104.74257520098384,12,9,FALSE,91.1
2021,Chandpur,Chattogram,3224.6057696442945,206.49032362336123,115.70462628298836,8,5,TRUE,85.9
2021,Chattogram,Chattogram,2498.001854233744,134.86607651061945,100.67936131025512,41,21,FALSE,66.1
2021,Cox's Bazar,Chattogram,3293.424598287585,193.32016702753447,106.5973254739231,6,3,FALSE,57.3
2021,Cumilla,Chattogram,3191.3556126187414,168.4664101145884,102.29895952231676,10,7,FALSE,93.5
2021,Feni,Chattogram,2817.198190537355,113.09590501111036,98.64605023854298,23,13,FALSE,83.9
2021,Khagrachari,Chattogram,3047.689561546683,189.81588188692083,110.48258084755322,18,12,TRUE,73.4
2021,Lakshmipur,Chattogram,2725.6924219801485,180.1518225357877,104.6122897271066,26,15,FALSE,83.1
2021,Noakhali,Chattogram,4104.762158962616,207.07438809444608,101.75709719431296,1,1,TRUE,91.9
2021,Rangamati,Chattogram,3178.8654210866243,207.81708455266977,107.04648766144406,11,8,FALSE,85.9
2021,Dhaka,Dhaka,2575.5720712550487,122.48120511317563,105.56375446867736,36,18,TRUE,83.9
2021,Faridpur,Dhaka,1971.08056495688,87.73280162197172,96.76575644515194,101,52,FALSE,53.2
2021,Gazipur,Dhaka,2199.8679843260147,143.34977380007751,102.18755517230775,76,40,TRUE,36.7
2021,Gopalganj,Dhaka,1966.913858776844,144.73093463813962,87.1847767683809,102,53,TRUE,29.4
2021,Madaripur,Dhaka,2009.1404704654624,105.8005163095373,101.56178916792484,97,50,TRUE,45.2
2021,Manikganj,Dhaka,2463.7922343877376,141.43156447760276,85.00345881714303,46,22,FALSE,81
2021,Munshiganj,Dhaka,2625.46363911876,155.65157687645836,87.8455128701791,33,16,TRUE,66.9
2021,Narayanganj,Dhaka,2368.59211624316,105.62130979798292,98.1035255812625,55,27,TRUE,73
2021,Narsingdi,Dhaka,2211.096863252544,133.49036172063208,91.54862027815606,74,38,FALSE,47.6
2021,Rajbari,Dhaka,2387.793630657363,150.3076259852261,97.62854969054092,51,25,FALSE,58.1
2021,Shariatpur,Dhaka,2148.0207232337298,118.58173968058976,94.4587889173465,81,42,FALSE,49.6
2021,Tangail,Dhaka,2072.754022061228,84.03777540681713,98.85467830273944,93,48,TRUE,50
2021,Bagerhat,Khulna,2288.081483589823,141.65215681129905,94.5356919712916,60,29,TRUE,40.3
2021,Chuadanga,Khulna,2235.004350940824,89.1254244777513,92.41341880914918,70,36,FALSE,44.8
2021,Jashore,Khulna,2401.972329086724,117.35806720181525,98.47364308294893,49,24,TRUE,58.1
2021,Jhenaidah,Khulna,2251.5312006142217,163.19337628341188,88.64011873242363,66,33,TRUE,55.2
2021,Khulna,Khulna,2379.969138473077,84.46790792849606,87.92448767259934,54,26,FALSE,75.4
2021,Kushtia,Khulna,2079.2261232343285,69.11912416830117,84.59808558144663,92,47,FALSE,51.6
2021,Magura,Khulna,2238.336915911124,106.69033968695388,97.56479478789166,69,35,TRUE,63.3
2021,Meherpur,Khulna,2323.835175079347,143.2330750030353,79.95869028146095,57,28,FALSE,71.8
2021,Narail,Khulna,1842.03844978999,116.39641352807928,83.58388509889134,111,57,FALSE,34.3
2021,Satkhira,Khulna,2001.662884423852,128.24984287136613,89.35414759471605,98,51,FALSE,40.3
2021,Mymensingh,Mymensingh,1913.1570416071968,98.37986816407388,92.8449405822126,105,54,FALSE,34.7
2021,Bogura,Rajshahi,2209.5378392170783,137.5699110999244,65.78722099130934,75,39,FALSE,66.5
2021,Chapai Nawabganj,Rajshahi,2163.4100163545,123.26069655290708,88.323615715137,79,41,FALSE,64.5
2021,Joypurhat,Rajshahi,1872.7652467531443,93.25454245928016,85.524661765894,107,55,FALSE,56.9
2021,Naogaon,Rajshahi,1677.397491757068,98.22184755582369,82.37813670296282,122,60,FALSE,25.4
2021,Natore,Rajshahi,2123.2544658808006,74.33725361210662,88.78898674040175,86,44,TRUE,46.8
2021,Pabna,Rajshahi,1849.0209964042645,113.6289168312746,94.86794869522024,109,56,TRUE,31
2021,Rajshahi,Rajshahi,2276.9030192990663,143.21223470078928,84.62120329843782,64,32,TRUE,62.5
2021,Sirajganj,Rajshahi,1693.9494048954289,101.26829192434546,87.84473996095504,121,59,FALSE,21
2021,Dinajpur,Rangpur,2247.4952728606004,139.34091419216284,81.23526787213878,67,34,FALSE,27
2021,Gaibandha,Rangpur,2080.660129091768,99.49927376701352,91.32612776497348,91,46,FALSE,30.2
2021,Kurigram,Rangpur,2517.654323678291,123.81183675592196,88.6716098478756,38,19,TRUE,37.1
2021,Lalmonirhat,Rangpur,2103.128959652697,94.21972657086332,88.43334031553593,88,45,FALSE,33.9
2021,Nilphamari,Rangpur,2430.3712232174057,116.51755194810292,87.52436060897602,47,23,FALSE,53.6
2021,Panchagarh,Rangpur,2125.9776312251306,137.49622203854233,78.14031690581075,84,43,FALSE,26.6
2021,Rangpur,Rangpur,2011.275324025681,93.06206736443649,82.2927315200817,96,49,FALSE,18.5
2021,Thakurgaon,Rangpur,1835.4659870458968,82.13773322728984,91.61342108078938,113,58,FALSE,8.9
2021,Habiganj,Sylhet,3245.646688939401,137.11781205061035,104.3438534870755,7,4,FALSE,55.6
2021,Moulvibazar,Sylhet,3153.579394937428,166.67019391868513,117.3431463025187,13,10,FALSE,58.5
2021,Sunamganj,Sylhet,3079.7311045417828,174.73821233534667,111.91908143242055,16,11,FALSE,64.9
2021,Sylhet,Sylhet,3220.418359043362,157.0909219301833,112.90755151905437,9,6,FALSE,57.7
2021,Barguna,Barishal,2403.657744599118,116.64487727663212,91.71062467744078,48,25,FALSE,63.7
2021,Barishal,Barishal,2488.525433950212,90.84100165119048,93.02497291723851,42,21,FALSE,58.9
2021,Bhola,Barishal,2737.0873445110947,96.94180063122056,102.68577978924648,25,11,FALSE,76.6
2021,Jhalokati,Barishal,2602.601212050436,152.5028218803647,87.01288301673458,35,18,FALSE,60.1
2021,Patuakhali,Barishal,2176.6304737184096,85.86101645348461,90.96154688070447,78,38,FALSE,52
2021,Pirojpur,Barishal,2820.1094715601494,84.20668441801384,87.7036924906992,22,10,FALSE,72.2
2021,Bandarban,Chattogram,3516.803613027153,164.5150828792163,106.32259265457049,5,3,TRUE,60.5
2021,Brahmanbaria,Chattogram,3029.435195023479,159.11321909659046,97.67262574126823,20,8,FALSE,71.4
2021,Chandpur,Chattogram,2515.4439010621545,133.86169187397053,108.89959842988344,39,20,FALSE,60.9
2021,Chattogram,Chattogram,2652.8262315015045,110.74460451821793,116.06456655185237,30,15,TRUE,78.6
2021,Cox's Bazar,Chattogram,2651.391828050436,111.7624783007712,96.14695140845984,31,16,FALSE,50.4
2021,Cumilla,Chattogram,2844.1694652176234,132.19923459795254,93.75002360281526,21,9,FALSE,56.9
2021,Feni,Chattogram,2695.333158163585,116.51938346215098,93.73404332837508,27,12,FALSE,76.2
2021,Khagrachari,Chattogram,3607.359845358713,146.17409100809465,93.36406172705053,3,2,FALSE,85.1
2021,Lakshmipur,Chattogram,2691.368663759771,178.39652557031246,96.66369210236095,28,13,FALSE,83.1
2021,Noakhali,Chattogram,2676.682969622748,120.0433854777083,107.55117119318012,29,14,TRUE,72.2
2021,Rangamati,Chattogram,3072.3180873957613,154.15703949472442,92.5178038363305,17,6,FALSE,85.1
2021,Dhaka,Dhaka,2352.61694438807,169.1638774315108,81.49678204921587,56,29,TRUE,40.7
2021,Faridpur,Dhaka,2031.221938282838,76.70015370418946,87.64450080955535,95,47,FALSE,23.4
2021,Gazipur,Dhaka,2134.366380637778,80.08605429277885,97.2344678235898,82,40,FALSE,24.6
2021,Gopalganj,Dhaka,2392.9788967224194,126.81095312470433,95.2504477363928,50,26,FALSE,65.7
2021,Kishoreganj,Dhaka,2083.0170774153967,117.12492432823848,81.03427742370442,90,45,FALSE,32.7
2021,Madaripur,Dhaka,2103.260338221526,128.06223481224876,98.74751783560764,87,43,TRUE,50.4
2021,Manikganj,Dhaka,1557.4065299669046,65.45942775265158,90.90243276308324,124,64,FALSE,18.1
2021,Munshiganj,Dhaka,1882.280869688094,107.534676536716,85.99804761105119,106,52,FALSE,23.4
2021,Narayanganj,Dhaka,2084.203444435799,134.5016615547723,96.91743287438428,89,44,FALSE,28.2
2021,Narsingdi,Dhaka,2176.702819485321,140.18221300684823,83.38164618764438,77,37,FALSE,56.9
2021,Rajbari,Dhaka,2537.252682105888,126.2824135812704,81.44418660623053,37,19,FALSE,50
2021,Shariatpur,Dhaka,1731.2177841734542,59.13604603787783,89.0427599060689,118,60,FALSE,26.2
2021,Tangail,Dhaka,2488.161632351754,98.53354132629846,91.11664343037542,43,22,FALSE,41.9
2021,Bagerhat,Khulna,2485.060915994063,117.1682798442084,86.0858711022605,44,23,TRUE,44.4
2021,Chuadanga,Khulna,1992.508808772006,75.42032117151626,72.00431534263048,99,48,FALSE,31.9
2021,Jashore,Khulna,2646.520289532793,99.65440396167418,79.06220229691691,32,17,TRUE,57.3
2021,Jhenaidah,Khulna,2290.723621906851,136.8391759511271,82.23258228655368,59,31,FALSE,48.4
2021,Khulna,Khulna,1837.905547577104,87.2329506768278,83.18301176730121,112,55,FALSE,33.1
2021,Kushtia,Khulna,2380.221887516748,101.77912740334148,81.38795839786809,53,28,FALSE,31.9
2021,Magura,Khulna,2038.2675298517304,123.96972040485323,84.47979530922129,94,46,FALSE,27.8
2021,Meherpur,Khulna,1964.0103040667875,86.41996122081125,81.31119022633165,104,51,FALSE,25.8
2021,Narail,Khulna,2281.3793312986354,109.0068534050941,77.1553615837126,62,32,FALSE,67.7
2021,Satkhira,Khulna,2251.808541994152,101.91284244844454,80.62336825564275,65,33,FALSE,63.7
2021,Jamalpur,Mymensingh,2151.397830637273,81.30751088242681,86.57715881411615,80,39,FALSE,27.8
2021,Mymensingh,Mymensingh,2467.867190261134,114.27186729802196,91.88860236341311,45,24,FALSE,42.7
2021,Netrokona,Mymensingh,2130.1416637029474,139.17765614183585,86.41119122168622,83,41,FALSE,19.4
2021,Sherpur,Mymensingh,2124.712059653215,134.30950910104966,98.14361802708184,85,42,FALSE,23.8
2021,Bogura,Rajshahi,2387.074513943821,129.78826764977433,81.43433082387196,52,27,TRUE,52.4
2021,Chapai Nawabganj,Rajshahi,1845.1972505627327,105.3096763926902,89.73267418585914,110,54,TRUE,24.2
2021,Joypurhat,Rajshahi,1574.0903178609672,69.96805173153123,72.46778429945705,123,63,FALSE,41.9
2021,Naogaon,Rajshahi,1728.8765802598446,95.25572676374176,75.99561087532206,119,61,FALSE,37.1
2021,Natore,Rajshahi,1719.2793430760332,75.37073995585183,74.64080773426717,120,62,FALSE,27
2021,Pabna,Rajshahi,1979.969488812272,94.64028972108174,81.26389436897911,100,49,FALSE,26.2
2021,Rajshahi,Rajshahi,1802.8926666435384,105.23763017472284,78.9550457677658,115,57,FALSE,9.7
2021,Sirajganj,Rajshahi,1795.144417462054,68.87892566381596,78.40145737618136,116,58,FALSE,24.2
2021,Dinajpur,Rangpur,1966.1703138927555,85.39816814069982,88.31193850604129,103,50,FALSE,12.1
2021,Gaibandha,Rangpur,2221.387996149259,136.96178489192317,82.71500287521087,72,36,FALSE,23
2021,Kurigram,Rangpur,2228.7132495575474,131.54470471538548,80.06876541753489,71,35,FALSE,26.2
2021,Lalmonirhat,Rangpur,2243.391521579543,122.72495410326457,83.1391760750847,68,34,FALSE,23.4
2021,Nilphamari,Rangpur,1822.4081508049928,121.4744962665428,80.81499975954657,114,56,FALSE,9.7
2021,Panchagarh,Rangpur,1733.8067682504502,52.34646161169253,82.83805698581577,117,59,FALSE,9.7
2021,Rangpur,Rangpur,2308.7138301863165,70.78314024195186,83.20648395370252,58,30,FALSE,31.9
2021,Thakurgaon,Rangpur,1871.4047179363824,84.95603342502226,89.2494981638174,108,53,FALSE,7.7
2021,Habiganj,Sylhet,3033.2205662986908,183.0943807664252,100.26179038889684,19,7,FALSE,51.2
2021,Moulvibazar,Sylhet,3132.536799967409,167.8875516435105,117.92945472020456,14,4,FALSE,46
2021,Sunamganj,Sylhet,3097.0965835712104,119.03951442630942,108.93547599450532,15,5,FALSE,50.4
2021,Sylhet,Sylhet,3626.454504834133,166.26930211301504,108.03920367272347,2,1,FALSE,75.4
2022,Barguna,Barishal,2967.4341991854067,152.20372333730808,89.54940661113022,21,8,FALSE,89.5
2022,Barishal,Barishal,2207.0937035658394,100.18051525923916,103.73663577273194,67,33,TRUE,69.4
2022,Bhola,Barishal,2572.469429822151,111.17389488732373,100.46775726732432,33,14,FALSE,79
2022,Jhalokati,Barishal,2440.8316628533576,87.62943462284962,104.64618823562562,39,17,TRUE,78.2
2022,Patuakhali,Barishal,2535.099537206778,152.22865987739294,100.64328660486228,36,16,FALSE,83.9
2022,Pirojpur,Barishal,2409.277936965493,123.36293336788064,92.9657539735942,44,21,FALSE,75.4
2022,Bandarban,Chattogram,3140.028711024297,170.09866199200755,111.5088170703098,13,3,FALSE,93.5
2022,Brahmanbaria,Chattogram,2732.358305823157,128.30503757670178,106.44766309763548,28,11,FALSE,82.3
2022,Chandpur,Chattogram,2824.990908724012,165.96510111198927,96.73914369427996,25,10,FALSE,72.6
2022,Chattogram,Chattogram,2406.0097423574025,125.62980902566228,103.83389179799502,47,22,FALSE,76.6
2022,Cox's Bazar,Chattogram,3100.807877718823,104.7699943639346,108.37788106038286,15,5,TRUE,94
2022,Cumilla,Chattogram,2668.8705007683684,116.06494426819891,97.62410770605722,30,12,FALSE,79
2022,Feni,Chattogram,2569.4958331160747,112.44903016871446,108.48807697821913,34,15,TRUE,86.7
2022,Khagrachari,Chattogram,2579.506255697232,134.74737339313174,109.56707896268205,32,13,TRUE,78.6
2022,Lakshmipur,Chattogram,2429.0684814118736,78.02195798151013,105.11355635806794,40,18,FALSE,81.5
2022,Noakhali,Chattogram,2918.519993991494,155.7030941683288,112.54195735975672,22,9,TRUE,81
2022,Rangamati,Chattogram,3104.2884855701063,166.08159486930433,96.85811917511994,14,4,FALSE,73
2022,Dhaka,Dhaka,2164.2418045402283,98.79141206089956,97.13364730153704,77,37,FALSE,48.4
2022,Faridpur,Dhaka,2350.6439034058794,171.28149265397764,103.22914657725424,52,25,TRUE,66.5
2022,Gazipur,Dhaka,2202.770974425175,97.8566934794542,90.58028546784054,68,34,FALSE,58.9
2022,Gopalganj,Dhaka,2287.375506283623,116.16662420797644,91.33024396048005,58,30,FALSE,71.8
2022,Madaripur,Dhaka,1761.4326532472642,101.3867937552886,85.04208142440761,119,57,FALSE,46.8
2022,Manikganj,Dhaka,1816.8479743773955,113.44743029642912,95.40494480976096,114,54,FALSE,23.8
2022,Munshiganj,Dhaka,2179.314831673252,115.2498292418627,109.01091029794873,70,35,TRUE,57.7
2022,Narayanganj,Dhaka,2413.2960668065143,119.77364266017445,93.51884422858636,43,20,FALSE,49.2
2022,Narsingdi,Dhaka,2150.674767491187,94.92797699300746,90.26217789181663,79,38,FALSE,67.3
2022,Rajbari,Dhaka,2213.5737689516127,125.03741003317108,81.17598174437653,65,32,FALSE,62.5
2022,Shariatpur,Dhaka,2335.0398403293148,92.38415834053784,93.8845219353578,54,27,FALSE,60.5
2022,Tangail,Dhaka,2425.373385205702,80.0655686251618,91.5586747187734,41,19,FALSE,63.3
2022,Bagerhat,Khulna,2400.945493299308,165.18598742691287,87.15275215191046,48,23,TRUE,70.2
2022,Chuadanga,Khulna,2056.080725224041,90.5049889820656,92.61011620801672,91,44,FALSE,53.6
2022,Jashore,Khulna,2334.603780463543,167.89477543419883,98.18369669455733,55,28,TRUE,66.1
2022,Jhenaidah,Khulna,2253.851039827846,109.03373807839334,102.10537157432834,62,31,TRUE,64.1
2022,Khulna,Khulna,2345.770696504561,131.5083658560461,80.49864936535097,53,26,FALSE,64.1
2022,Kushtia,Khulna,1963.178629510781,87.03486234836595,89.80170759944751,100,48,FALSE,50.4
2022,Magura,Khulna,1865.0151941114304,135.1144368341267,91.9731723500621,111,52,FALSE,41.9
2022,Meherpur,Khulna,2124.036616586712,128.69771185465368,86.16217139767939,83,40,FALSE,58.5
2022,Narail,Khulna,2323.622018539856,121.71632541130016,78.60512616041083,56,29,FALSE,77
2022,Satkhira,Khulna,1875.491828627736,111.07574869665284,99.11588158179894,110,51,TRUE,51.6
2022,Mymensingh,Mymensingh,2361.1862565596807,113.62498456643732,92.05077577402946,51,24,FALSE,41.5
2022,Bogura,Rajshahi,2033.595138691017,150.6293985826205,93.699999846268,97,46,TRUE,58.1
2022,Chapai Nawabganj,Rajshahi,2104.387643148101,89.94872056404701,89.77224866136746,84,41,TRUE,43.1
2022,Joypurhat,Rajshahi,1921.9934430245155,113.5864807892642,88.50363343463263,103,49,FALSE,38.7
2022,Naogaon,Rajshahi,2127.948072709518,97.78964438819196,87.46480987413636,82,39,FALSE,50.8
2022,Natore,Rajshahi,1980.765192990208,92.4654409669822,80.33988761222787,99,47,FALSE,43.1
2022,Pabna,Rajshahi,1806.9074985442107,137.11378120013325,95.04471217786964,115,55,TRUE,19
2022,Rajshahi,Rajshahi,1756.7504267464835,107.37370932376729,70.11446932565427,120,58,FALSE,24.6
2022,Sirajganj,Rajshahi,1652.7483407340164,106.63713418079412,87.66768520342333,122,60,FALSE,29
2022,Dinajpur,Rangpur,1900.714424973874,98.27794221364664,83.69517982426419,107,50,FALSE,24.6
2022,Gaibandha,Rangpur,2091.688628624097,89.52833482075313,86.79238077433827,86,42,FALSE,32.3
2022,Kurigram,Rangpur,2069.37651335983,62.55204183985114,92.48055670758544,90,43,FALSE,28.6
2022,Lalmonirhat,Rangpur,1773.7256140290651,66.2957332144362,79.57705883083473,118,56,FALSE,5.2
2022,Nilphamari,Rangpur,2035.5159163175065,131.30634313004782,82.04819963013077,96,45,FALSE,19.8
2022,Panchagarh,Rangpur,1715.840188136326,101.09720007520936,83.92377122347564,121,59,FALSE,5.2
2022,Rangpur,Rangpur,2166.2275201515376,125.69563079349098,83.38552334,76,36,FALSE,24.2
2022,Thakurgaon,Rangpur,1853.9823746942304,53.8437979246699,86.0597193275549,112,53,FALSE,8.5
2022,Habiganj,Sylhet,3538.8267393799683,170.67798328610874,116.97417026407416,3,1,TRUE,54.4
2022,Moulvibazar,Sylhet,3056.844421380345,172.37256010816446,121.06346778059144,18,7,TRUE,63.3
2022,Sunamganj,Sylhet,3087.275752399973,144.99085960301542,115.11329309444557,16,6,TRUE,57.3
2022,Sylhet,Sylhet,3415.857762796584,185.7024616499924,117.26667736612244,5,2,TRUE,66.5
2022,Barguna,Barishal,2799.888623591103,155.66900422991856,94.58585593779976,27,17,FALSE,58.1
2022,Barishal,Barishal,3713.275355724794,210.784353188521,90.70395654868828,2,2,TRUE,70.6
2022,Bhola,Barishal,2523.2843607614795,94.53732850282012,95.53548532574828,37,21,FALSE,66.5
2022,Jhalokati,Barishal,2815.5504048142902,163.26156743819175,99.88561907443749,26,16,FALSE,86.3
2022,Patuakhali,Barishal,3003.174273984979,136.77184034226107,87.86823541439696,20,13,FALSE,59.3
2022,Pirojpur,Barishal,2846.2259383891283,164.15059810101792,94.02552113369224,24,15,FALSE,75.4
2022,Bandarban,Chattogram,3187.566144372688,135.89327180331938,90.1483968484549,11,9,FALSE,76.6
2022,Brahmanbaria,Chattogram,3505.074578419899,209.7944753346128,103.8549275549814,4,3,FALSE,73
2022,Chandpur,Chattogram,3072.161317519216,174.8896263963143,91.02401702071982,17,11,FALSE,87.5
2022,Chattogram,Chattogram,2567.733002813433,94.42946073703482,101.53119637031097,35,20,FALSE,69.4
2022,Cox's Bazar,Chattogram,3005.0746668638726,177.3678361175515,93.19346291911847,19,12,FALSE,85.1
2022,Cumilla,Chattogram,2854.1181352082594,147.88403682718123,102.2101767950134,23,14,FALSE,64.5
2022,Feni,Chattogram,3288.20434828642,179.24742798472147,105.74096200133958,7,5,FALSE,62.9
2022,Khagrachari,Chattogram,2506.380315132913,109.45976824459366,102.21864682549054,38,22,FALSE,57.3
2022,Lakshmipur,Chattogram,3217.334812818969,156.45913706712454,95.52362176904326,9,7,FALSE,72.2
2022,Noakhali,Chattogram,2704.216283399008,92.0082772823034,96.6778960943414,29,18,FALSE,65.7
2022,Rangamati,Chattogram,3212.781678506595,142.87494456574785,104.65094912209165,10,8,FALSE,70.2
2022,Dhaka,Dhaka,2225.9445549227867,100.09013883797792,78.37601941360322,64,33,FALSE,44.4
2022,Faridpur,Dhaka,2260.819537065594,77.86498410755512,89.66528139328675,60,30,FALSE,54.8
2022,Gazipur,Dhaka,2085.623633458784,107.00793805133836,96.3276397343967,88,46,FALSE,22.6
2022,Gopalganj,Dhaka,2208.356278757099,93.779663092787,90.43983285763473,66,34,FALSE,36.7
2022,Kishoreganj,Dhaka,2231.3120642450936,123.04433897976936,91.94968926853336,63,32,FALSE,34.3
2022,Madaripur,Dhaka,2072.9343503355685,80.4377831497851,88.52531748146723,89,47,FALSE,20.2
2022,Manikganj,Dhaka,2296.53312707654,100.9559364582631,88.19953872483741,57,28,FALSE,45.2
2022,Munshiganj,Dhaka,2384.884791732908,129.83940773752494,85.51420300508553,49,26,FALSE,62.1
2022,Narayanganj,Dhaka,2090.786627555077,98.64781646,79.61329693379435,87,45,FALSE,25
2022,Narsingdi,Dhaka,2189.5941328324707,78.15153895161896,88.44862648946474,69,35,FALSE,35.1
2022,Rajbari,Dhaka,2418.5964068911835,134.1530987803457,86.24640740498184,42,23,FALSE,49.2
2022,Shariatpur,Dhaka,1788.9256174716452,105.4578505602762,84.78163368989937,117,62,FALSE,25
2022,Tangail,Dhaka,2037.8552702190905,140.89795232937462,86.53590559541993,95,51,FALSE,35.1
2022,Bagerhat,Khulna,1891.6375292164005,96.43214942153544,92.11160128021145,109,59,FALSE,27
2022,Chuadanga,Khulna,2132.626421779598,105.51158412455112,84.61872862831268,81,43,FALSE,42.3
2022,Jashore,Khulna,2409.158333964571,120.80746146313965,78.07118522381722,45,24,FALSE,69.8
2022,Jhenaidah,Khulna,1916.151160653439,74.1921742958275,87.3473686762838,105,56,FALSE,18.5
2022,Khulna,Khulna,2264.745013203488,94.23847065904714,85.89503108350162,59,29,FALSE,33.9
2022,Kushtia,Khulna,2384.695073770152,155.96678375537277,82.16893652791637,50,27,TRUE,51.6
2022,Magura,Khulna,1917.8671922631968,77.12241021629242,83.85353990037788,104,55,FALSE,45.2
2022,Meherpur,Khulna,1943.1890650260464,89.64821883940208,81.67475340710666,102,54,FALSE,36.7
2022,Narail,Khulna,2176.811805874839,78.21408024939437,82.83690643655505,72,37,FALSE,47.6
2022,Satkhira,Khulna,2154.619170175693,121.43364158175493,80.55554392903244,78,41,FALSE,29.8
2022,Jamalpur,Mymensingh,2177.6670895637862,140.51326196295727,91.83246858761392,71,36,FALSE,35.5
2022,Mymensingh,Mymensingh,2604.0777277084853,128.86555387601646,79.23380519075873,31,19,FALSE,63.7
2022,Netrokona,Mymensingh,1998.582561213862,124.62784358760628,88.93661093,98,52,FALSE,19.4
2022,Sherpur,Mymensingh,1796.0783731326335,107.89965414614323,85.76422105,116,61,FALSE,22.6
2022,Bogura,Rajshahi,2406.5900248354296,96.41779112169456,74.38149248638167,46,25,TRUE,43.1
2022,Chapai Nawabganj,Rajshahi,1898.0514972597184,119.36586640274705,80.30598101641964,108,58,FALSE,15.7
2022,Joypurhat,Rajshahi,1845.069988564274,91.1842713739394,84.632460051007,113,60,FALSE,35.1
2022,Naogaon,Rajshahi,2147.6220376772794,97.36085430862506,77.33197851781485,80,42,FALSE,19.8
2022,Natore,Rajshahi,2168.746343834297,101.6039894001075,79.65541661165005,75,40,FALSE,54.4
2022,Pabna,Rajshahi,1524.9311904777223,80.17479534528823,92.4571505649984,124,64,FALSE,10.5
2022,Rajshahi,Rajshahi,2100.820846228936,87.45527828273637,80.75167743737224,85,44,FALSE,41.1
2022,Sirajganj,Rajshahi,2171.7019328876404,102.27730333151528,87.53925079743657,73,38,FALSE,54.8
2022,Dinajpur,Rangpur,2042.10152341841,85.06840836468635,72.98996710981963,94,50,FALSE,16.5
2022,Gaibandha,Rangpur,2043.9713737823704,78.69887706085885,82.13434293378695,93,49,FALSE,19.8
2022,Kurigram,Rangpur,1946.2163058956733,93.49441725383474,85.75411206247931,101,53,FALSE,10.9
2022,Lalmonirhat,Rangpur,2170.199931817243,144.9638731345357,85.34863623790251,74,39,FALSE,34.7
2022,Nilphamari,Rangpur,1568.7611008814547,96.94925609270912,89.60926693574235,123,63,FALSE,3.6
2022,Panchagarh,Rangpur,2254.570939283596,122.08015690688214,77.51562195280859,61,31,FALSE,26.2
2022,Rangpur,Rangpur,2044.505972248113,129.00557022987212,82.84992802144886,92,48,FALSE,15.3
2022,Thakurgaon,Rangpur,1906.9098627333328,116.9470576325995,92.88038375932976,106,57,TRUE,13.7
2022,Habiganj,Sylhet,3894.908194053048,179.09586227500506,108.20817395945184,1,1,FALSE,50.8
2022,Moulvibazar,Sylhet,3154.286743034588,155.7232563173573,106.49479309225848,12,10,FALSE,52
2022,Sunamganj,Sylhet,3337.711131019312,179.81489757844724,106.05911289474923,6,4,FALSE,60.1
2022,Sylhet,Sylhet,3263.585622454588,176.01519345880342,99.69165749803166,8,6,FALSE,52
2023,Barguna,Barishal,2832.996893214369,140.56235595346985,110.81180336667524,29,14,TRUE,67.7
2023,Barishal,Barishal,2756.8584611713136,114.36140115088678,94.8344807374057,32,17,FALSE,87.1
2023,Bhola,Barishal,2792.851451461177,203.2859400252769,104.60976023853758,30,15,TRUE,82.7
2023,Jhalokati,Barishal,2985.8412879181506,142.5880612729632,97.1354840202604,22,10,FALSE,89.1
2023,Patuakhali,Barishal,2334.5562603284525,158.164422475307,95.89942758520604,57,25,FALSE,62.9
2023,Pirojpur,Barishal,3028.011332205237,179.20705908411838,114.82173652484468,20,8,TRUE,91.5
2023,Bandarban,Chattogram,3064.9442697939267,108.2003101722122,116.04700226606997,18,7,TRUE,87.9
2023,Brahmanbaria,Chattogram,3170.6367725089312,203.2515200235948,95.21688738319982,12,4,FALSE,77.4
2023,Chandpur,Chattogram,3335.8711979879777,168.91046332089306,96.62594902067272,8,3,FALSE,72.2
2023,Chattogram,Chattogram,3023.2316607286466,152.79822503342714,112.1297041391372,21,9,TRUE,69.4
2023,Cox's Bazar,Chattogram,2688.862858170247,132.07805155063772,100.5833879171555,37,18,FALSE,83.5
2023,Cumilla,Chattogram,2634.547147931289,117.1671005555491,99.8917888455232,39,19,FALSE,73.4
2023,Feni,Chattogram,3160.5490433698096,132.4589957924944,102.09295789452996,14,5,FALSE,85.5
2023,Khagrachari,Chattogram,3097.285557653584,199.96118985734228,99.67481236500042,17,6,FALSE,82.7
2023,Lakshmipur,Chattogram,2774.4953709352963,195.244105046781,109.25628383265304,31,16,TRUE,71.4
2023,Noakhali,Chattogram,2609.4084923858723,131.04950001347174,101.46058842083558,41,20,FALSE,82.3
2023,Rangamati,Chattogram,2973.593704496919,157.23895225899088,104.55286045939026,23,11,FALSE,87.5
2023,Dhaka,Dhaka,1884.2967257406167,124.54000153549448,100.777308017301,108,53,TRUE,43.1
2023,Faridpur,Dhaka,1971.10377996155,74.09406186115456,90.35241865740434,92,46,FALSE,53.6
2023,Gazipur,Dhaka,2382.792975431094,120.96631959824786,80.43368782430177,51,22,FALSE,49.6
2023,Gopalganj,Dhaka,2349.947882427434,108.49727644308756,90.11130653565344,53,24,FALSE,57.3
2023,Madaripur,Dhaka,1975.3934438355525,167.24590482253808,102.4083439241299,91,45,TRUE,35.5
2023,Manikganj,Dhaka,2166.10214368617,110.76085671880496,101.3566876527684,70,33,TRUE,46.4
2023,Munshiganj,Dhaka,1644.2348983613963,75.68283558178376,80.30998143127724,121,59,FALSE,31.5
2023,Narayanganj,Dhaka,2163.514531301702,92.02547320919923,97.38352147747044,72,34,FALSE,71.4
2023,Narsingdi,Dhaka,1950.8749983300288,95.46563948935554,90.351723688747,98,50,FALSE,41.5
2023,Rajbari,Dhaka,1802.1935944896145,134.16216219542733,90.24105194982896,112,55,FALSE,36.7
2023,Shariatpur,Dhaka,2263.282942785252,119.49182768468964,84.5945169695629,63,28,FALSE,40.3
2023,Tangail,Dhaka,2123.4402240985955,96.02981733280996,90.62072223342987,79,38,FALSE,59.7
2023,Bagerhat,Khulna,1875.531206607043,57.33093113532185,85.74699077397449,109,54,FALSE,38.7
2023,Chuadanga,Khulna,2221.269554472827,122.5258112642583,86.60427527838841,66,31,FALSE,59.7
2023,Jashore,Khulna,2016.4125395134247,70.94847482144674,92.56714764644234,89,44,FALSE,38.3
2023,Jhenaidah,Khulna,2019.338073928377,93.00436933428092,84.48447494387537,87,42,FALSE,46.4
2023,Khulna,Khulna,1951.362110145017,108.57657421889724,85.28788654883328,97,49,FALSE,36.7
2023,Kushtia,Khulna,1738.0599708261316,100.89683769513672,85.34673366955205,115,56,FALSE,41.5
2023,Magura,Khulna,1884.4265571837848,122.44046657719711,93.9109302778485,107,52,FALSE,50.4
2023,Meherpur,Khulna,2312.665641170377,111.32089076937602,90.66403155012635,60,27,FALSE,56.5
2023,Narail,Khulna,1966.4580787874488,93.54376150515016,92.21123764012138,94,48,FALSE,55.2
2023,Satkhira,Khulna,2252.770514339134,80.5776810036557,88.26275742151549,64,29,FALSE,73.4
2023,Mymensingh,Mymensingh,2580.1042986122457,147.19816503957907,101.1576532856684,42,21,TRUE,50.8
2023,Bogura,Rajshahi,2052.9753753916675,137.21189270391875,98.86692431477384,85,41,TRUE,52.8
2023,Chapai Nawabganj,Rajshahi,1966.465806269514,112.565907733982,76.9125824690361,93,47,FALSE,46
2023,Joypurhat,Rajshahi,2148.917613270375,104.86115938929036,92.76297456812658,74,36,TRUE,50
2023,Naogaon,Rajshahi,1602.6618440658058,100.36993761956766,89.5469458089132,122,60,FALSE,11.3
2023,Natore,Rajshahi,2230.9693006902608,137.13770778864006,82.6051169938294,65,30,TRUE,39.1
2023,Pabna,Rajshahi,1939.437366010069,100.86268980327472,91.27706522058196,100,51,FALSE,32.7
2023,Rajshahi,Rajshahi,2076.215105930288,102.26146091135293,87.25414491677682,82,40,FALSE,31.9
2023,Sirajganj,Rajshahi,1651.6981741391196,76.52428010682569,83.01600305579491,119,58,FALSE,23
2023,Dinajpur,Rangpur,2083.9078467726163,117.67189144834931,79.99437761185767,81,39,FALSE,34.3
2023,Gaibandha,Rangpur,1666.0143991882096,48.27283677873921,98.02941852593612,118,57,TRUE,13.7
2023,Kurigram,Rangpur,2328.2820789772672,94.94814432755156,89.27053376893322,58,26,FALSE,38.3
2023,Lalmonirhat,Rangpur,2143.7837740260784,78.32430523508245,86.29056025916705,76,37,FALSE,31.5
2023,Nilphamari,Rangpur,2358.504020283315,105.09555972897084,87.2434362414969,52,23,FALSE,37.9
2023,Panchagarh,Rangpur,2193.1321804564395,99.88368599590612,86.17311431620746,68,32,FALSE,23.8
2023,Rangpur,Rangpur,2158.654237576195,95.09773920824377,88.61629353151677,73,35,FALSE,28.6
2023,Thakurgaon,Rangpur,2019.1407072785487,83.87068606230766,88.9064045960699,88,43,FALSE,21.4
2023,Habiganj,Sylhet,2840.0274692760063,207.8610409455305,106.00687217017418,28,13,FALSE,42.7
2023,Moulvibazar,Sylhet,3501.324899935091,210.01469123083447,119.6433012692861,5,1,TRUE,68.5
2023,Sunamganj,Sylhet,2967.073738624185,196.93089929560165,99.24367130539837,24,12,FALSE,57.7
2023,Sylhet,Sylhet,3370.985627357695,231.59561988010972,113.01534543886764,7,2,FALSE,72.2
2023,Barguna,Barishal,2418.5222382776747,107.71112212551115,91.72155644846062,50,29,FALSE,73.8
2023,Barishal,Barishal,2135.975846829365,84.90036029303184,94.1046506305548,78,41,FALSE,64.9
2023,Bhola,Barishal,3172.3064058097225,147.64208146773012,88.39071526190519,11,8,FALSE,87.5
2023,Jhalokati,Barishal,2679.8284024334453,165.97816695157164,91.3611709393051,38,20,FALSE,77
2023,Patuakhali,Barishal,2844.081455371231,181.5432514707554,101.01298160773771,27,15,FALSE,79.4
2023,Pirojpur,Barishal,2725.522007508331,154.96280730748222,95.29219390894546,34,17,FALSE,71.4
2023,Bandarban,Chattogram,3323.11017235071,138.0771737212286,89.91590423724959,9,6,FALSE,75.4
2023,Brahmanbaria,Chattogram,2715.5221349669364,161.7175048627557,104.16628075517876,36,19,FALSE,79.8
2023,Chandpur,Chattogram,3064.8244148552967,203.25476940154843,94.51180202685606,19,12,FALSE,88.3
2023,Chattogram,Chattogram,3175.722027301557,150.6894140693116,98.1572744399826,10,7,FALSE,80.2
2023,Cox's Bazar,Chattogram,3163.5326683288304,190.7793869161132,94.96299267688715,13,9,FALSE,83.1
2023,Cumilla,Chattogram,2867.919896914101,116.81902966190655,98.72136497775134,26,14,FALSE,56
2023,Feni,Chattogram,3533.590915696364,230.50456734602105,103.32373198347447,4,4,TRUE,94
2023,Khagrachari,Chattogram,2924.568804092489,167.99266333301208,101.43927650121935,25,13,FALSE,73
2023,Lakshmipur,Chattogram,3137.140541560076,159.2775348012971,95.34713155158776,16,11,FALSE,70.2
2023,Noakhali,Chattogram,3158.862939956261,141.03322575312112,101.97899745217116,15,10,FALSE,91.1
2023,Rangamati,Chattogram,2749.8380823964685,116.60129848219732,88.28358868147146,33,16,FALSE,72.2
2023,Dhaka,Dhaka,1923.8373344312129,105.30301471516051,82.40345459459718,102,51,FALSE,46.4
2023,Faridpur,Dhaka,1681.6650329314218,90.37363018508042,95.28601395483976,116,60,FALSE,10.9
2023,Gazipur,Dhaka,2502.45887556029,125.37902192174066,82.0309480937123,45,24,FALSE,55.6
2023,Gopalganj,Dhaka,2723.516984356922,139.8944121495324,85.72807069212735,35,18,TRUE,55.2
2023,Kishoreganj,Dhaka,1801.1666156087383,113.0714191518436,89.91388407187755,113,58,FALSE,15.3
2023,Madaripur,Dhaka,2284.059905688044,110.83166379099568,85.12378098879054,61,34,FALSE,31.5
2023,Manikganj,Dhaka,2503.6596360315502,131.55281376096107,89.94561597245121,44,23,FALSE,45.2
2023,Munshiganj,Dhaka,1918.959834824027,107.76754864684136,91.4786075478103,104,53,FALSE,22.2
2023,Narayanganj,Dhaka,1938.9597006444624,82.06069966232465,87.71189067567931,101,50,FALSE,29
2023,Narsingdi,Dhaka,2418.6036227370687,105.145793930595,85.24289940071132,49,28,FALSE,35.1
2023,Rajbari,Dhaka,2098.1791812486067,85.5551406055659,97.61225413681666,80,42,FALSE,31.5
2023,Shariatpur,Dhaka,2619.2136633464106,154.450821066733,86.30881611256501,40,21,TRUE,43.1
2023,Tangail,Dhaka,2426.2539099790765,133.33919668694725,88.82251343086146,48,27,FALSE,52
2023,Bagerhat,Khulna,2043.4008229650904,93.8557447135286,82.51345997493405,86,45,FALSE,43.5
2023,Chuadanga,Khulna,2345.502743172184,112.8082166433726,82.27750453747637,54,30,FALSE,46.8
2023,Jashore,Khulna,2275.460940428516,126.02492416249916,90.01640544702504,62,35,FALSE,72.6
2023,Jhenaidah,Khulna,2000.510333862753,80.11695878544225,89.02009911774155,90,46,FALSE,56.5
2023,Khulna,Khulna,2446.0875913924538,109.77125684693878,86.05718363906698,47,26,FALSE,49.2
2023,Kushtia,Khulna,1919.0938827141688,103.29817503410152,92.47159527181944,103,52,FALSE,15.7
2023,Magura,Khulna,1906.797946552678,98.93374926847665,81.78186392623552,105,54,FALSE,26.6
2023,Meherpur,Khulna,2186.5092818171665,89.41412473520117,93.3483919560422,69,37,FALSE,34.7
2023,Narail,Khulna,2509.1228923913704,97.65224125595448,91.57824431613568,43,22,TRUE,72.6
2023,Satkhira,Khulna,1963.3528441218928,95.73266476945376,79.3366799590959,95,47,FALSE,33.5
2023,Jamalpur,Mymensingh,2468.0414688917185,95.29519983628408,96.3526707245216,46,25,TRUE,41.1
2023,Mymensingh,Mymensingh,2055.497818767093,89.33673810759468,86.54403223573904,84,44,FALSE,42.3
2023,Netrokona,Mymensingh,2343.2504609802527,128.92054932737796,96.82239289541477,56,32,TRUE,54.4
2023,Sherpur,Mymensingh,1768.1175092178046,104.1880452861724,82.85096842431531,114,59,FALSE,20.2
2023,Bogura,Rajshahi,1857.077597332204,60.80497092648789,81.46003543591164,110,56,FALSE,44.4
2023,Chapai Nawabganj,Rajshahi,2321.46765700868,105.1679527467273,82.27853630562525,59,33,TRUE,60.9
2023,Joypurhat,Rajshahi,2058.1014994420207,125.00130429800134,77.54092669525485,83,43,FALSE,31
2023,Naogaon,Rajshahi,1524.058335258699,55.78861600942032,82.1371420459243,124,64,FALSE,13.3
2023,Natore,Rajshahi,1961.2288327073013,106.61702205648729,74.18050096415763,96,48,FALSE,38.7
2023,Pabna,Rajshahi,1679.9395688874054,69.36927807123548,85.67355067233873,117,61,FALSE,25.4
2023,Rajshahi,Rajshahi,1893.920397048612,115.41890948327404,84.20001886035655,106,55,FALSE,17.3
2023,Sirajganj,Rajshahi,2165.5542322574565,114.44422676148152,69.54626511296615,71,38,FALSE,44.8
2023,Dinajpur,Rangpur,2208.154469543666,105.42156165492943,92.1425771173532,67,36,TRUE,25
2023,Gaibandha,Rangpur,2147.6610397720515,101.57861994655406,84.830309206523,75,39,FALSE,21.4
2023,Kurigram,Rangpur,2343.403914021937,113.41769974223,87.23416339755799,55,31,FALSE,36.3
2023,Lalmonirhat,Rangpur,1649.1317071459507,63.4229110266292,88.65520904648957,120,62,FALSE,5.2
2023,Nilphamari,Rangpur,1947.8164327882776,105.18208747990896,97.25674396528174,99,49,TRUE,10.9
2023,Panchagarh,Rangpur,1595.9333991376548,59.5445531772404,78.19084181178596,123,63,FALSE,3.2
2023,Rangpur,Rangpur,2136.248995813069,108.93404016525533,81.18154757031718,77,40,FALSE,24.2
2023,Thakurgaon,Rangpur,1849.416151606492,83.02753152283965,84.00349158244022,111,57,FALSE,9.7
2023,Habiganj,Sylhet,3564.2655543237333,185.3212781557724,107.2432296929613,3,3,FALSE,51.2
2023,Moulvibazar,Sylhet,3749.5424278818414,96.49852124261376,90.08342077882595,2,2,FALSE,52.4
2023,Sunamganj,Sylhet,3753.353854685936,208.0942083068485,109.47981723537757,1,1,FALSE,56
2023,Sylhet,Sylhet,3461.2039687438064,179.80408925141367,98.28682808174686,6,5,FALSE,53.2
2024,Barguna,Barishal,2001.619891270126,87.99284394888464,103.57815947159445,88,43,TRUE,52.8
2024,Barishal,Barishal,2683.8388639675127,150.64107527158598,98.21167586295287,34,17,FALSE,71.4
2024,Bhola,Barishal,2256.4108939751072,104.92403740861936,103.58219966654448,64,30,FALSE,59.7
2024,Jhalokati,Barishal,2930.7539050899154,178.11135726045123,97.04159185483248,21,10,FALSE,90.7
2024,Patuakhali,Barishal,2561.710664081129,203.1985426654469,96.44024036780482,43,20,TRUE,77.8
2024,Pirojpur,Barishal,2764.324380039473,164.33535176888995,97.64451936780831,30,15,FALSE,74.2
2024,Bandarban,Chattogram,2795.6467540925764,157.8756615145325,94.9594919350586,29,14,FALSE,87.9
2024,Brahmanbaria,Chattogram,3077.218007400949,135.49606345623775,126.73709356838086,12,6,TRUE,93.1
2024,Chandpur,Chattogram,3016.450404276319,194.74463799873632,112.1171475539527,17,8,TRUE,88.7
2024,Chattogram,Chattogram,3180.308377532785,106.91363902052792,99.33224777999474,10,5,FALSE,73.4
2024,Cox's Bazar,Chattogram,3032.0109694514167,215.3080204591989,107.47100231915802,14,7,FALSE,91.5
2024,Cumilla,Chattogram,2500.323786008264,132.41528474677355,112.8890737293204,46,22,TRUE,77.4
2024,Feni,Chattogram,2882.6748165864024,178.53454384931058,106.19517763959246,25,12,FALSE,88.7
2024,Khagrachari,Chattogram,3549.309051951764,176.88009219340452,96.54390972121728,3,1,FALSE,86.7
2024,Lakshmipur,Chattogram,3010.4467521299784,238.5665270353703,96.70493398180191,18,9,TRUE,91.1
2024,Noakhali,Chattogram,3393.577605751824,180.47987426781933,96.46981694367484,6,4,FALSE,74.2
2024,Rangamati,Chattogram,2927.681423368782,170.36989463384486,103.84178601237808,22,11,FALSE,91.5
2024,Dhaka,Dhaka,1855.275322232208,71.38210992495155,93.8361903747245,97,49,FALSE,35.5
2024,Faridpur,Dhaka,2698.7120526521594,152.72528951210387,100.73589816250303,33,16,TRUE,68.1
2024,Gazipur,Dhaka,2444.7818099646456,53.4314627686491,100.857476485933,49,23,TRUE,72.2
2024,Gopalganj,Dhaka,2438.84131669141,118.55299359409425,81.48370223404802,50,24,FALSE,63.7
2024,Madaripur,Dhaka,2205.50116876544,132.96985755953878,98.2329930824736,69,32,TRUE,63.7
2024,Manikganj,Dhaka,2128.526413246152,55.98712905663798,104.41515815530326,75,34,TRUE,39.9
2024,Munshiganj,Dhaka,1657.5017072846852,70.29879914646482,83.25451005737823,113,52,FALSE,45.2
2024,Narayanganj,Dhaka,2336.4887066208503,70.32237155963291,90.79120374605658,56,27,FALSE,64.9
2024,Narsingdi,Dhaka,2109.609068676198,116.17963351977498,82.02306184095335,77,36,FALSE,65.7
2024,Rajbari,Dhaka,1989.9073619080657,89.68578077333737,107.92080819943106,90,44,TRUE,60.1
2024,Shariatpur,Dhaka,1595.5421852535176,97.31671241512892,98.5189738132788,118,55,TRUE,47.2
2024,Tangail,Dhaka,1677.8289805360428,120.04907034419658,96.284167312672,112,51,FALSE,39.1
2024,Bagerhat,Khulna,2010.5990356993425,83.34324066483575,86.04345641568796,87,42,FALSE,56
2024,Chuadanga,Khulna,2331.96125263613,148.6541894800911,83.35662985892743,58,28,TRUE,46.4
2024,Jashore,Khulna,1900.151484769288,73.91930579422457,87.81816983773174,95,48,FALSE,52
2024,Jhenaidah,Khulna,2011.6517247980337,93.81532987339207,86.53258071810883,86,41,FALSE,65.3
2024,Khulna,Khulna,1579.6753700237225,103.37372168744372,88.21221167562013,119,56,FALSE,44.8
2024,Kushtia,Khulna,2091.09554454574,96.61336658952416,84.15693165015036,80,39,FALSE,54.8
2024,Magura,Khulna,1972.1235214315063,120.64486604257482,96.73750835821022,91,45,TRUE,44
2024,Meherpur,Khulna,2516.234435068842,127.51523427523574,84.81756188634832,45,21,TRUE,61.3
2024,Narail,Khulna,2594.219701405449,87.52702799,96.17940935801865,42,19,TRUE,80.6
2024,Satkhira,Khulna,2382.752943962637,83.6047595704481,90.44938159920474,53,26,FALSE,72.2
2024,Mymensingh,Mymensingh,2113.8340646251286,84.84620103787354,97.8006442943143,76,35,FALSE,31.9
2024,Bogura,Rajshahi,1486.821034317952,72.28616111743224,88.68840639599235,121,57,FALSE,37.9
2024,Chapai Nawabganj,Rajshahi,1911.280662447073,90.2139913893606,88.19937462553995,94,47,FALSE,56
2024,Joypurhat,Rajshahi,1628.2526380777265,91.21366792008774,78.9734156853363,117,54,FALSE,45.2
2024,Naogaon,Rajshahi,1914.0905666958265,83.25775672309008,93.28474949168208,93,46,TRUE,28.2
2024,Natore,Rajshahi,1461.4487474658115,97.1528657181428,79.94572512711713,122,58,FALSE,29.8
2024,Pabna,Rajshahi,1656.0567560586048,73.79922508305854,82.4362244497102,114,53,FALSE,48.4
2024,Rajshahi,Rajshahi,2276.863566007186,148.2143147027289,84.84930608056037,63,29,TRUE,52.4
2024,Sirajganj,Rajshahi,1447.6587800394573,93.43210923966885,92.46287887197438,123,59,TRUE,18.1
2024,Dinajpur,Rangpur,1318.9428294288732,80.68581316349201,94.55526629486002,124,60,TRUE,6
2024,Gaibandha,Rangpur,2146.538895608606,86.19429788088524,93.2761724125325,74,33,FALSE,31
2024,Kurigram,Rangpur,2106.8246156567698,89.50150807374732,72.93435771788509,78,37,FALSE,29.8
2024,Lalmonirhat,Rangpur,2100.6367631224853,100.323998638096,89.7232442564082,79,38,FALSE,27
2024,Nilphamari,Rangpur,1761.1327839046935,83.56238453466241,89.21437843186666,104,50,FALSE,16.5
2024,Panchagarh,Rangpur,2228.6057537837687,136.01179518643954,88.51771598782855,68,31,FALSE,25
2024,Rangpur,Rangpur,2075.376604812008,127.51316153563972,80.2729809103624,83,40,FALSE,17.7
2024,Thakurgaon,Rangpur,2403.8116881897204,138.14561010877168,76.52459382834503,52,25,FALSE,32.7
2024,Habiganj,Sylhet,2659.9073763988526,169.7716152517014,108.3843206547096,35,18,FALSE,45.2
2024,Moulvibazar,Sylhet,3508.396640060739,223.6780537821644,103.5720678742836,5,3,FALSE,52.8
2024,Sunamganj,Sylhet,2835.1467767706627,206.23899196811024,100.56290177511345,26,13,FALSE,60.9
2024,Sylhet,Sylhet,3523.1636085820896,111.82130268897748,119.08422596157564,4,2,TRUE,60.1
2024,Barguna,Barishal,2351.1825639441263,109.15564790370432,99.3880569892843,55,29,FALSE,58.1
2024,Barishal,Barishal,3036.571002716376,158.78517736231467,91.73099400578508,13,7,FALSE,84.3
2024,Bhola,Barishal,2977.6488278150496,153.90428686149153,97.72814228604943,19,10,FALSE,77
2024,Jhalokati,Barishal,2762.310899355655,150.42655437112688,96.21104724413225,31,16,FALSE,52.4
2024,Patuakhali,Barishal,2891.62725518028,193.67031466351096,95.66248876850086,23,12,FALSE,83.9
2024,Pirojpur,Barishal,2619.553620258786,133.10715348059958,96.57754827303565,39,21,FALSE,73.4
2024,Bandarban,Chattogram,2972.102294791302,164.90173497290348,104.87756742818694,20,11,FALSE,67.7
2024,Brahmanbaria,Chattogram,2806.8077996898464,133.89740042175495,89.3430950248474,28,15,FALSE,60.9
2024,Chandpur,Chattogram,3248.1313580911306,180.3700363559411,100.58414672611887,8,4,FALSE,71
2024,Chattogram,Chattogram,3027.567362013866,84.18755435033687,97.80120221654884,15,8,FALSE,62.5
2024,Cox's Bazar,Chattogram,2650.6627518735,156.13059649783307,100.2110360387612,36,18,FALSE,74.2
2024,Cumilla,Chattogram,3183.482500237184,102.32137776353709,97.02222196528524,9,5,FALSE,79.4
2024,Feni,Chattogram,2469.9621735431124,110.54443809161629,94.76817923590828,48,26,FALSE,70.6
2024,Khagrachari,Chattogram,2891.5624706335875,155.2786718592046,98.43760391940148,24,13,FALSE,76.2
2024,Lakshmipur,Chattogram,3025.226249510128,86.86228986899779,101.9290086887322,16,9,FALSE,60.5
2024,Noakhali,Chattogram,3261.041927182164,161.48390997289562,98.08109717368023,7,3,FALSE,70.2
2024,Rangamati,Chattogram,2414.115238931728,91.04971221428286,86.7264719455288,51,27,FALSE,54.4
2024,Dhaka,Dhaka,1996.3915439925784,93.38996832364454,93.04110330421804,89,46,FALSE,22.2
2024,Faridpur,Dhaka,2634.906220577803,142.7860689720796,83.92992886544955,37,19,FALSE,53.2
2024,Gazipur,Dhaka,2251.7929208491023,99.07400489285185,88.57881250994012,65,35,FALSE,39.1
2024,Gopalganj,Dhaka,1849.7845647222791,74.51646172306914,95.36248344766656,99,50,FALSE,22.2
2024,Kishoreganj,Dhaka,2603.336913635856,133.17824613605208,95.23578310438296,40,22,TRUE,53.2
2024,Madaripur,Dhaka,2333.5734277081265,104.2477061418779,81.14049898573828,57,30,FALSE,28.6
2024,Manikganj,Dhaka,2073.259781741152,94.69493414636506,90.5267128542698,84,44,FALSE,30.6
2024,Munshiganj,Dhaka,2284.831985782951,85.65575611742314,93.70416211524142,62,34,FALSE,41.5
2024,Narayanganj,Dhaka,2603.16752813166,104.16954820228048,94.06593439085952,41,23,FALSE,49.6
2024,Narsingdi,Dhaka,2082.4377569952403,53.64610956803864,78.65658305908568,81,42,FALSE,43.5
2024,Rajbari,Dhaka,2516.498615414629,164.10882815344044,94.14986538888778,44,24,TRUE,46.4
2024,Shariatpur,Dhaka,1640.5653956543808,70.23008928552802,86.89321856703384,116,63,FALSE,13.3
2024,Tangail,Dhaka,2824.9254521619514,139.6185845454663,89.36659428028982,27,14,TRUE,71.8
2024,Bagerhat,Khulna,1740.6795851571253,109.3310329670921,81.96346621122323,106,56,FALSE,40.7
2024,Chuadanga,Khulna,2239.064642341626,143.56942669490334,82.18713756498494,66,36,TRUE,46.8
2024,Jashore,Khulna,2624.444194808667,113.19974878612294,95.69930995686693,38,20,TRUE,61.7
2024,Jhenaidah,Khulna,1787.6403041272006,56.256709963156695,85.2066786878996,101,52,FALSE,31.9
2024,Khulna,Khulna,2375.0680380032195,51.36069333424928,85.85633794604455,54,28,FALSE,49.2
2024,Kushtia,Khulna,2198.2866673541407,103.83229469767258,86.63636635180013,71,39,FALSE,49.6
2024,Magura,Khulna,1737.6115291235396,83.0484787602281,84.79376772117023,107,57,FALSE,37.9
2024,Meherpur,Khulna,1711.749272684319,92.1054295013486,81.05155119351396,110,60,FALSE,31
2024,Narail,Khulna,1949.144386782103,92.04807821453504,79.73814451575738,92,47,FALSE,33.5
2024,Satkhira,Khulna,1694.78017486356,65.7566670780883,89.98146748966126,111,61,FALSE,37.5
2024,Jamalpur,Mymensingh,2481.076686655127,97.46023440957036,81.04144740390362,47,25,FALSE,50
2024,Mymensingh,Mymensingh,1723.414882225752,140.24716930720425,96.70034085439632,108,58,FALSE,19.8
2024,Netrokona,Mymensingh,2202.909385636947,80.93384034712456,87.88320903326034,70,38,FALSE,35.5
2024,Sherpur,Mymensingh,2303.900648315837,93.21721594777222,87.92178212243932,60,32,FALSE,43.1
2024,Bogura,Rajshahi,1883.315915937451,88.65360396435659,77.83903730789824,96,48,FALSE,41.1
2024,Chapai Nawabganj,Rajshahi,1716.1376311791355,68.51048102757193,83.070423780649,109,59,FALSE,11.7
2024,Joypurhat,Rajshahi,2019.1932541973008,90.31065835386336,81.51736020783665,85,45,FALSE,37.5
2024,Naogaon,Rajshahi,1554.0324827686468,73.3322435886677,84.58002288588409,120,64,FALSE,25.4
2024,Natore,Rajshahi,1645.5962950878532,63.618420589098605,79.46737053939972,115,62,FALSE,16.5
2024,Pabna,Rajshahi,1815.1279976683795,74.0931788716776,82.10226074983954,100,51,FALSE,16.5
2024,Rajshahi,Rajshahi,2329.289968278166,120.9910882804533,80.66395864027096,59,31,TRUE,58.1
2024,Sirajganj,Rajshahi,2080.654265318979,102.34598707893632,92.01550322045148,82,43,TRUE,45.6
2024,Dinajpur,Rangpur,1757.4315753578385,86.69005212101705,83.25644454789227,105,55,FALSE,14.1
2024,Gaibandha,Rangpur,2161.816794091756,106.40848282878612,82.09629128982318,73,41,FALSE,22.6
2024,Kurigram,Rangpur,2237.2939681522903,80.34303630697404,86.42137537005931,67,37,FALSE,30.2
2024,Lalmonirhat,Rangpur,2302.183500611516,114.75298947049087,78.54414746483002,61,33,FALSE,28.6
2024,Nilphamari,Rangpur,2179.879899142049,89.12183263034851,83.63248962220162,72,40,FALSE,23.8
2024,Panchagarh,Rangpur,1766.7558298307972,94.32666785464492,82.35835898320317,103,54,FALSE,12.5
2024,Rangpur,Rangpur,1849.932092560172,81.19024235040779,80.58403586940632,98,49,FALSE,20.2
2024,Thakurgaon,Rangpur,1772.8044406678523,101.4582707339778,84.2650799778376,102,53,FALSE,9.7
2024,Habiganj,Sylhet,2718.7330045514896,149.6187302080061,92.30958108512328,32,17,FALSE,41.5
2024,Moulvibazar,Sylhet,3684.167265640298,126.52727100645988,86.64420596183747,2,2,FALSE,56.9
2024,Sunamganj,Sylhet,3138.702793787884,180.6814562777052,96.32302958684444,11,6,FALSE,56
2024,Sylhet,Sylhet,3811.880778551173,207.69549940079403,110.46192313443106,1,1,FALSE,54.8
